002c:fixme:winediag:loader_init Wine TkG (staging) 11.2 is a testing version containing experimental patches.
002c:fixme:winediag:loader_init Please don't report bugs about it on winehq.org and use https://github.com/Frogging-Family/wine-tkg-git/issues instead.
[Vulkan Loader] INFO:           Vulkan Loader Version 1.4.335
[Vulkan Loader] INFO:           No valid vk_loader_settings.json file found, no loader settings will be active
[Vulkan Loader] LAYER:          Searching for implicit layer manifest files
[Vulkan Loader] LAYER:             In following locations:
[Vulkan Loader] LAYER:                /home/hans/.config/vulkan/implicit_layer.d
[Vulkan Loader] LAYER:                /home/hans/.config/kdedefaults/vulkan/implicit_layer.d
[Vulkan Loader] LAYER:                /etc/xdg/vulkan/implicit_layer.d
[Vulkan Loader] LAYER:                /etc/vulkan/implicit_layer.d
[Vulkan Loader] LAYER:                /home/hans/.local/share/vulkan/implicit_layer.d
[Vulkan Loader] LAYER:                /home/hans/.local/share/flatpak/exports/share/vulkan/implicit_layer.d
[Vulkan Loader] LAYER:                /var/lib/flatpak/exports/share/vulkan/implicit_layer.d
[Vulkan Loader] LAYER:                /usr/local/share/vulkan/implicit_layer.d
[Vulkan Loader] LAYER:                /usr/share/vulkan/implicit_layer.d
[Vulkan Loader] LAYER:                /etc/eselect/wine/share/vulkan/implicit_layer.d
[Vulkan Loader] LAYER:             Found the following files:
[Vulkan Loader] LAYER:                /etc/vulkan/implicit_layer.d/nvidia_layers.json
[Vulkan Loader] LAYER:                /home/hans/.local/share/vulkan/implicit_layer.d/steamoverlay_i386.json
[Vulkan Loader] LAYER:                /home/hans/.local/share/vulkan/implicit_layer.d/steamoverlay_x86_64.json
[Vulkan Loader] LAYER:                /home/hans/.local/share/vulkan/implicit_layer.d/steamfossilize_i386.json
[Vulkan Loader] LAYER:                /home/hans/.local/share/vulkan/implicit_layer.d/steamfossilize_x86_64.json
[Vulkan Loader] LAYER:                /usr/share/vulkan/implicit_layer.d/VkLayer_MESA_anti_lag.json
[Vulkan Loader] LAYER:                /usr/share/vulkan/implicit_layer.d/MangoHud.x86_64.json
[Vulkan Loader] LAYER:                /usr/share/vulkan/implicit_layer.d/MangoHud.x86.json
[Vulkan Loader] LAYER:                /usr/share/vulkan/implicit_layer.d/VkLayer_MESA_device_select.json
[Vulkan Loader] LAYER:                /usr/share/vulkan/implicit_layer.d/VkLayer_LSFGVK_frame_generation.json
[Vulkan Loader] INFO:           Found manifest file /etc/vulkan/implicit_layer.d/nvidia_layers.json (file version 1.0.1)
[Vulkan Loader] INFO:           Found manifest file /home/hans/.local/share/vulkan/implicit_layer.d/steamoverlay_i386.json (file version 1.0.0)
[Vulkan Loader] INFO:           Found manifest file /home/hans/.local/share/vulkan/implicit_layer.d/steamoverlay_x86_64.json (file version 1.0.0)
[Vulkan Loader] INFO:           Found manifest file /home/hans/.local/share/vulkan/implicit_layer.d/steamfossilize_i386.json (file version 1.0.0)
[Vulkan Loader] INFO:           Found manifest file /home/hans/.local/share/vulkan/implicit_layer.d/steamfossilize_x86_64.json (file version 1.0.0)
[Vulkan Loader] INFO:           Found manifest file /usr/share/vulkan/implicit_layer.d/VkLayer_MESA_anti_lag.json (file version 1.2.1)
[Vulkan Loader] INFO:           Found manifest file /usr/share/vulkan/implicit_layer.d/MangoHud.x86_64.json (file version 1.0.0)
[Vulkan Loader] INFO:           Found manifest file /usr/share/vulkan/implicit_layer.d/MangoHud.x86.json (file version 1.0.0)
[Vulkan Loader] INFO:           Found manifest file /usr/share/vulkan/implicit_layer.d/VkLayer_MESA_device_select.json (file version 1.0.0)
[Vulkan Loader] INFO:           Found manifest file /usr/share/vulkan/implicit_layer.d/VkLayer_LSFGVK_frame_generation.json (file version 1.1.0)
[Vulkan Loader] DRIVER:         Searching for driver manifest files
[Vulkan Loader] DRIVER:            In following locations:
[Vulkan Loader] DRIVER:               /home/hans/.config/vulkan/icd.d
[Vulkan Loader] DRIVER:               /home/hans/.config/kdedefaults/vulkan/icd.d
[Vulkan Loader] DRIVER:               /etc/xdg/vulkan/icd.d
[Vulkan Loader] DRIVER:               /etc/vulkan/icd.d
[Vulkan Loader] DRIVER:               /home/hans/.local/share/vulkan/icd.d
[Vulkan Loader] DRIVER:               /home/hans/.local/share/flatpak/exports/share/vulkan/icd.d
[Vulkan Loader] DRIVER:               /var/lib/flatpak/exports/share/vulkan/icd.d
[Vulkan Loader] DRIVER:               /usr/local/share/vulkan/icd.d
[Vulkan Loader] DRIVER:               /usr/share/vulkan/icd.d
[Vulkan Loader] DRIVER:               /etc/eselect/wine/share/vulkan/icd.d
[Vulkan Loader] DRIVER:            Found the following files:
[Vulkan Loader] DRIVER:               /etc/vulkan/icd.d/nvidia_icd.json
[Vulkan Loader] DRIVER:               /usr/share/vulkan/icd.d/intel_icd.i686.json
[Vulkan Loader] DRIVER:               /usr/share/vulkan/icd.d/intel_hasvk_icd.i686.json
[Vulkan Loader] DRIVER:               /usr/share/vulkan/icd.d/radeon_icd.i686.json
[Vulkan Loader] DRIVER:               /usr/share/vulkan/icd.d/intel_icd.x86_64.json
[Vulkan Loader] DRIVER:               /usr/share/vulkan/icd.d/intel_hasvk_icd.x86_64.json
[Vulkan Loader] DRIVER:               /usr/share/vulkan/icd.d/radeon_icd.x86_64.json
[Vulkan Loader] DRIVER:         Found ICD manifest file /etc/vulkan/icd.d/nvidia_icd.json, version 1.0.1
[Vulkan Loader] DEBUG | DRIVER: Searching for ICD drivers named libGLX_nvidia.so.0
[Vulkan Loader] DRIVER:         Found ICD manifest file /usr/share/vulkan/icd.d/intel_icd.i686.json, version 1.0.1
[Vulkan Loader] DEBUG | DRIVER: Searching for ICD drivers named /usr/lib/libvulkan_intel.so
[Vulkan Loader] INFO:           loader_parse_icd_manifest: Driver library architecture doesn't match the current running architecture, skipping this driver
[Vulkan Loader] DRIVER:         Found ICD manifest file /usr/share/vulkan/icd.d/intel_hasvk_icd.i686.json, version 1.0.1
[Vulkan Loader] DEBUG | DRIVER: Searching for ICD drivers named /usr/lib/libvulkan_intel_hasvk.so
[Vulkan Loader] INFO:           loader_parse_icd_manifest: Driver library architecture doesn't match the current running architecture, skipping this driver
[Vulkan Loader] DRIVER:         Found ICD manifest file /usr/share/vulkan/icd.d/radeon_icd.i686.json, version 1.0.1
[Vulkan Loader] DEBUG | DRIVER: Searching for ICD drivers named /usr/lib/libvulkan_radeon.so
[Vulkan Loader] INFO:           loader_parse_icd_manifest: Driver library architecture doesn't match the current running architecture, skipping this driver
[Vulkan Loader] DRIVER:         Found ICD manifest file /usr/share/vulkan/icd.d/intel_icd.x86_64.json, version 1.0.1
[Vulkan Loader] DEBUG | DRIVER: Searching for ICD drivers named /usr/lib64/libvulkan_intel.so
[Vulkan Loader] DRIVER:         Found ICD manifest file /usr/share/vulkan/icd.d/intel_hasvk_icd.x86_64.json, version 1.0.1
[Vulkan Loader] DEBUG | DRIVER: Searching for ICD drivers named /usr/lib64/libvulkan_intel_hasvk.so
[Vulkan Loader] DRIVER:         Found ICD manifest file /usr/share/vulkan/icd.d/radeon_icd.x86_64.json, version 1.0.1
[Vulkan Loader] DEBUG | DRIVER: Searching for ICD drivers named /usr/lib64/libvulkan_radeon.so
[Vulkan Loader] DRIVER:         Searching for driver manifest files
[Vulkan Loader] DRIVER:            In following locations:
[Vulkan Loader] DRIVER:               /home/hans/.config/vulkan/icd.d
[Vulkan Loader] DRIVER:               /home/hans/.config/kdedefaults/vulkan/icd.d
[Vulkan Loader] DRIVER:               /etc/xdg/vulkan/icd.d
[Vulkan Loader] DRIVER:               /etc/vulkan/icd.d
[Vulkan Loader] DRIVER:               /home/hans/.local/share/vulkan/icd.d
[Vulkan Loader] DRIVER:               /home/hans/.local/share/flatpak/exports/share/vulkan/icd.d
[Vulkan Loader] DRIVER:               /var/lib/flatpak/exports/share/vulkan/icd.d
[Vulkan Loader] DRIVER:               /usr/local/share/vulkan/icd.d
[Vulkan Loader] DRIVER:               /usr/share/vulkan/icd.d
[Vulkan Loader] DRIVER:               /etc/eselect/wine/share/vulkan/icd.d
[Vulkan Loader] DRIVER:            Found the following files:
[Vulkan Loader] DRIVER:               /etc/vulkan/icd.d/nvidia_icd.json
[Vulkan Loader] DRIVER:               /usr/share/vulkan/icd.d/intel_icd.i686.json
[Vulkan Loader] DRIVER:               /usr/share/vulkan/icd.d/intel_hasvk_icd.i686.json
[Vulkan Loader] DRIVER:               /usr/share/vulkan/icd.d/radeon_icd.i686.json
[Vulkan Loader] DRIVER:               /usr/share/vulkan/icd.d/intel_icd.x86_64.json
[Vulkan Loader] DRIVER:               /usr/share/vulkan/icd.d/intel_hasvk_icd.x86_64.json
[Vulkan Loader] DRIVER:               /usr/share/vulkan/icd.d/radeon_icd.x86_64.json
[Vulkan Loader] DRIVER:         Found ICD manifest file /etc/vulkan/icd.d/nvidia_icd.json, version 1.0.1
[Vulkan Loader] DEBUG | DRIVER: Searching for ICD drivers named libGLX_nvidia.so.0
[Vulkan Loader] DRIVER:         Found ICD manifest file /usr/share/vulkan/icd.d/intel_icd.i686.json, version 1.0.1
[Vulkan Loader] DEBUG | DRIVER: Searching for ICD drivers named /usr/lib/libvulkan_intel.so
[Vulkan Loader] INFO:           loader_parse_icd_manifest: Driver library architecture doesn't match the current running architecture, skipping this driver
[Vulkan Loader] DRIVER:         Found ICD manifest file /usr/share/vulkan/icd.d/intel_hasvk_icd.i686.json, version 1.0.1
[Vulkan Loader] DEBUG | DRIVER: Searching for ICD drivers named /usr/lib/libvulkan_intel_hasvk.so
[Vulkan Loader] INFO:           loader_parse_icd_manifest: Driver library architecture doesn't match the current running architecture, skipping this driver
[Vulkan Loader] DRIVER:         Found ICD manifest file /usr/share/vulkan/icd.d/radeon_icd.i686.json, version 1.0.1
[Vulkan Loader] DEBUG | DRIVER: Searching for ICD drivers named /usr/lib/libvulkan_radeon.so
[Vulkan Loader] INFO:           loader_parse_icd_manifest: Driver library architecture doesn't match the current running architecture, skipping this driver
[Vulkan Loader] DRIVER:         Found ICD manifest file /usr/share/vulkan/icd.d/intel_icd.x86_64.json, version 1.0.1
[Vulkan Loader] DEBUG | DRIVER: Searching for ICD drivers named /usr/lib64/libvulkan_intel.so
[Vulkan Loader] DRIVER:         Found ICD manifest file /usr/share/vulkan/icd.d/intel_hasvk_icd.x86_64.json, version 1.0.1
[Vulkan Loader] DEBUG | DRIVER: Searching for ICD drivers named /usr/lib64/libvulkan_intel_hasvk.so
[Vulkan Loader] DRIVER:         Found ICD manifest file /usr/share/vulkan/icd.d/radeon_icd.x86_64.json, version 1.0.1
[Vulkan Loader] DEBUG | DRIVER: Searching for ICD drivers named /usr/lib64/libvulkan_radeon.so
[Vulkan Loader] LAYER:          Searching for implicit layer manifest files
[Vulkan Loader] LAYER:             In following locations:
[Vulkan Loader] LAYER:                /home/hans/.config/vulkan/implicit_layer.d
[Vulkan Loader] LAYER:                /home/hans/.config/kdedefaults/vulkan/implicit_layer.d
[Vulkan Loader] LAYER:                /etc/xdg/vulkan/implicit_layer.d
[Vulkan Loader] LAYER:                /etc/vulkan/implicit_layer.d
[Vulkan Loader] LAYER:                /home/hans/.local/share/vulkan/implicit_layer.d
[Vulkan Loader] LAYER:                /home/hans/.local/share/flatpak/exports/share/vulkan/implicit_layer.d
[Vulkan Loader] LAYER:                /var/lib/flatpak/exports/share/vulkan/implicit_layer.d
[Vulkan Loader] LAYER:                /usr/local/share/vulkan/implicit_layer.d
[Vulkan Loader] LAYER:                /usr/share/vulkan/implicit_layer.d
[Vulkan Loader] LAYER:                /etc/eselect/wine/share/vulkan/implicit_layer.d
[Vulkan Loader] LAYER:             Found the following files:
[Vulkan Loader] LAYER:                /etc/vulkan/implicit_layer.d/nvidia_layers.json
[Vulkan Loader] LAYER:                /home/hans/.local/share/vulkan/implicit_layer.d/steamoverlay_i386.json
[Vulkan Loader] LAYER:                /home/hans/.local/share/vulkan/implicit_layer.d/steamoverlay_x86_64.json
[Vulkan Loader] LAYER:                /home/hans/.local/share/vulkan/implicit_layer.d/steamfossilize_i386.json
[Vulkan Loader] LAYER:                /home/hans/.local/share/vulkan/implicit_layer.d/steamfossilize_x86_64.json
[Vulkan Loader] LAYER:                /usr/share/vulkan/implicit_layer.d/VkLayer_MESA_anti_lag.json
[Vulkan Loader] LAYER:                /usr/share/vulkan/implicit_layer.d/MangoHud.x86_64.json
[Vulkan Loader] LAYER:                /usr/share/vulkan/implicit_layer.d/MangoHud.x86.json
[Vulkan Loader] LAYER:                /usr/share/vulkan/implicit_layer.d/VkLayer_MESA_device_select.json
[Vulkan Loader] LAYER:                /usr/share/vulkan/implicit_layer.d/VkLayer_LSFGVK_frame_generation.json
[Vulkan Loader] INFO:           Found manifest file /etc/vulkan/implicit_layer.d/nvidia_layers.json (file version 1.0.1)
[Vulkan Loader] INFO:           Found manifest file /home/hans/.local/share/vulkan/implicit_layer.d/steamoverlay_i386.json (file version 1.0.0)
[Vulkan Loader] INFO:           Found manifest file /home/hans/.local/share/vulkan/implicit_layer.d/steamoverlay_x86_64.json (file version 1.0.0)
[Vulkan Loader] INFO:           Found manifest file /home/hans/.local/share/vulkan/implicit_layer.d/steamfossilize_i386.json (file version 1.0.0)
[Vulkan Loader] INFO:           Found manifest file /home/hans/.local/share/vulkan/implicit_layer.d/steamfossilize_x86_64.json (file version 1.0.0)
[Vulkan Loader] INFO:           Found manifest file /usr/share/vulkan/implicit_layer.d/VkLayer_MESA_anti_lag.json (file version 1.2.1)
[Vulkan Loader] INFO:           Found manifest file /usr/share/vulkan/implicit_layer.d/MangoHud.x86_64.json (file version 1.0.0)
[Vulkan Loader] INFO:           Found manifest file /usr/share/vulkan/implicit_layer.d/MangoHud.x86.json (file version 1.0.0)
[Vulkan Loader] INFO:           Found manifest file /usr/share/vulkan/implicit_layer.d/VkLayer_MESA_device_select.json (file version 1.0.0)
[Vulkan Loader] INFO:           Found manifest file /usr/share/vulkan/implicit_layer.d/VkLayer_LSFGVK_frame_generation.json (file version 1.1.0)
[Vulkan Loader] INFO:           No valid vk_loader_settings.json file found, no loader settings will be active
[Vulkan Loader] LAYER:          Searching for implicit layer manifest files
[Vulkan Loader] LAYER:             In following locations:
[Vulkan Loader] LAYER:                /home/hans/.config/vulkan/implicit_layer.d
[Vulkan Loader] LAYER:                /home/hans/.config/kdedefaults/vulkan/implicit_layer.d
[Vulkan Loader] LAYER:                /etc/xdg/vulkan/implicit_layer.d
[Vulkan Loader] LAYER:                /etc/vulkan/implicit_layer.d
[Vulkan Loader] LAYER:                /home/hans/.local/share/vulkan/implicit_layer.d
[Vulkan Loader] LAYER:                /home/hans/.local/share/flatpak/exports/share/vulkan/implicit_layer.d
[Vulkan Loader] LAYER:                /var/lib/flatpak/exports/share/vulkan/implicit_layer.d
[Vulkan Loader] LAYER:                /usr/local/share/vulkan/implicit_layer.d
[Vulkan Loader] LAYER:                /usr/share/vulkan/implicit_layer.d
[Vulkan Loader] LAYER:                /etc/eselect/wine/share/vulkan/implicit_layer.d
[Vulkan Loader] LAYER:             Found the following files:
[Vulkan Loader] LAYER:                /etc/vulkan/implicit_layer.d/nvidia_layers.json
[Vulkan Loader] LAYER:                /home/hans/.local/share/vulkan/implicit_layer.d/steamoverlay_i386.json
[Vulkan Loader] LAYER:                /home/hans/.local/share/vulkan/implicit_layer.d/steamoverlay_x86_64.json
[Vulkan Loader] LAYER:                /home/hans/.local/share/vulkan/implicit_layer.d/steamfossilize_i386.json
[Vulkan Loader] LAYER:                /home/hans/.local/share/vulkan/implicit_layer.d/steamfossilize_x86_64.json
[Vulkan Loader] LAYER:                /usr/share/vulkan/implicit_layer.d/VkLayer_MESA_anti_lag.json
[Vulkan Loader] LAYER:                /usr/share/vulkan/implicit_layer.d/MangoHud.x86_64.json
[Vulkan Loader] LAYER:                /usr/share/vulkan/implicit_layer.d/MangoHud.x86.json
[Vulkan Loader] LAYER:                /usr/share/vulkan/implicit_layer.d/VkLayer_MESA_device_select.json
[Vulkan Loader] LAYER:                /usr/share/vulkan/implicit_layer.d/VkLayer_LSFGVK_frame_generation.json
[Vulkan Loader] INFO:           Found manifest file /etc/vulkan/implicit_layer.d/nvidia_layers.json (file version 1.0.1)
[Vulkan Loader] INFO:           Found manifest file /home/hans/.local/share/vulkan/implicit_layer.d/steamoverlay_i386.json (file version 1.0.0)
[Vulkan Loader] INFO:           Found manifest file /home/hans/.local/share/vulkan/implicit_layer.d/steamoverlay_x86_64.json (file version 1.0.0)
[Vulkan Loader] INFO:           Found manifest file /home/hans/.local/share/vulkan/implicit_layer.d/steamfossilize_i386.json (file version 1.0.0)
[Vulkan Loader] INFO:           Found manifest file /home/hans/.local/share/vulkan/implicit_layer.d/steamfossilize_x86_64.json (file version 1.0.0)
[Vulkan Loader] INFO:           Found manifest file /usr/share/vulkan/implicit_layer.d/VkLayer_MESA_anti_lag.json (file version 1.2.1)
[Vulkan Loader] INFO:           Found manifest file /usr/share/vulkan/implicit_layer.d/MangoHud.x86_64.json (file version 1.0.0)
[Vulkan Loader] INFO:           Found manifest file /usr/share/vulkan/implicit_layer.d/MangoHud.x86.json (file version 1.0.0)
[Vulkan Loader] INFO:           Found manifest file /usr/share/vulkan/implicit_layer.d/VkLayer_MESA_device_select.json (file version 1.0.0)
[Vulkan Loader] INFO:           Found manifest file /usr/share/vulkan/implicit_layer.d/VkLayer_LSFGVK_frame_generation.json (file version 1.1.0)
[Vulkan Loader] DRIVER:         Searching for driver manifest files
[Vulkan Loader] DRIVER:            In following locations:
[Vulkan Loader] DRIVER:               /home/hans/.config/vulkan/icd.d
[Vulkan Loader] DRIVER:               /home/hans/.config/kdedefaults/vulkan/icd.d
[Vulkan Loader] DRIVER:               /etc/xdg/vulkan/icd.d
[Vulkan Loader] DRIVER:               /etc/vulkan/icd.d
[Vulkan Loader] DRIVER:               /home/hans/.local/share/vulkan/icd.d
[Vulkan Loader] DRIVER:               /home/hans/.local/share/flatpak/exports/share/vulkan/icd.d
[Vulkan Loader] DRIVER:               /var/lib/flatpak/exports/share/vulkan/icd.d
[Vulkan Loader] DRIVER:               /usr/local/share/vulkan/icd.d
[Vulkan Loader] DRIVER:               /usr/share/vulkan/icd.d
[Vulkan Loader] DRIVER:               /etc/eselect/wine/share/vulkan/icd.d
[Vulkan Loader] DRIVER:            Found the following files:
[Vulkan Loader] DRIVER:               /etc/vulkan/icd.d/nvidia_icd.json
[Vulkan Loader] DRIVER:               /usr/share/vulkan/icd.d/intel_icd.i686.json
[Vulkan Loader] DRIVER:               /usr/share/vulkan/icd.d/intel_hasvk_icd.i686.json
[Vulkan Loader] DRIVER:               /usr/share/vulkan/icd.d/radeon_icd.i686.json
[Vulkan Loader] DRIVER:               /usr/share/vulkan/icd.d/intel_icd.x86_64.json
[Vulkan Loader] DRIVER:               /usr/share/vulkan/icd.d/intel_hasvk_icd.x86_64.json
[Vulkan Loader] DRIVER:               /usr/share/vulkan/icd.d/radeon_icd.x86_64.json
[Vulkan Loader] DRIVER:         Found ICD manifest file /etc/vulkan/icd.d/nvidia_icd.json, version 1.0.1
[Vulkan Loader] DEBUG | DRIVER: Searching for ICD drivers named libGLX_nvidia.so.0
[Vulkan Loader] DRIVER:         Found ICD manifest file /usr/share/vulkan/icd.d/intel_icd.i686.json, version 1.0.1
[Vulkan Loader] DEBUG | DRIVER: Searching for ICD drivers named /usr/lib/libvulkan_intel.so
[Vulkan Loader] INFO:           loader_parse_icd_manifest: Driver library architecture doesn't match the current running architecture, skipping this driver
[Vulkan Loader] DRIVER:         Found ICD manifest file /usr/share/vulkan/icd.d/intel_hasvk_icd.i686.json, version 1.0.1
[Vulkan Loader] DEBUG | DRIVER: Searching for ICD drivers named /usr/lib/libvulkan_intel_hasvk.so
[Vulkan Loader] INFO:           loader_parse_icd_manifest: Driver library architecture doesn't match the current running architecture, skipping this driver
[Vulkan Loader] DRIVER:         Found ICD manifest file /usr/share/vulkan/icd.d/radeon_icd.i686.json, version 1.0.1
[Vulkan Loader] DEBUG | DRIVER: Searching for ICD drivers named /usr/lib/libvulkan_radeon.so
[Vulkan Loader] INFO:           loader_parse_icd_manifest: Driver library architecture doesn't match the current running architecture, skipping this driver
[Vulkan Loader] DRIVER:         Found ICD manifest file /usr/share/vulkan/icd.d/intel_icd.x86_64.json, version 1.0.1
[Vulkan Loader] DEBUG | DRIVER: Searching for ICD drivers named /usr/lib64/libvulkan_intel.so
[Vulkan Loader] DRIVER:         Found ICD manifest file /usr/share/vulkan/icd.d/intel_hasvk_icd.x86_64.json, version 1.0.1
[Vulkan Loader] DEBUG | DRIVER: Searching for ICD drivers named /usr/lib64/libvulkan_intel_hasvk.so
[Vulkan Loader] DRIVER:         Found ICD manifest file /usr/share/vulkan/icd.d/radeon_icd.x86_64.json, version 1.0.1
[Vulkan Loader] DEBUG | DRIVER: Searching for ICD drivers named /usr/lib64/libvulkan_radeon.so
[Vulkan Loader] LAYER:          Searching for implicit layer manifest files
[Vulkan Loader] LAYER:             In following locations:
[Vulkan Loader] LAYER:                /home/hans/.config/vulkan/implicit_layer.d
[Vulkan Loader] LAYER:                /home/hans/.config/kdedefaults/vulkan/implicit_layer.d
[Vulkan Loader] LAYER:                /etc/xdg/vulkan/implicit_layer.d
[Vulkan Loader] LAYER:                /etc/vulkan/implicit_layer.d
[Vulkan Loader] LAYER:                /home/hans/.local/share/vulkan/implicit_layer.d
[Vulkan Loader] LAYER:                /home/hans/.local/share/flatpak/exports/share/vulkan/implicit_layer.d
[Vulkan Loader] LAYER:                /var/lib/flatpak/exports/share/vulkan/implicit_layer.d
[Vulkan Loader] LAYER:                /usr/local/share/vulkan/implicit_layer.d
[Vulkan Loader] LAYER:                /usr/share/vulkan/implicit_layer.d
[Vulkan Loader] LAYER:                /etc/eselect/wine/share/vulkan/implicit_layer.d
[Vulkan Loader] LAYER:             Found the following files:
[Vulkan Loader] LAYER:                /etc/vulkan/implicit_layer.d/nvidia_layers.json
[Vulkan Loader] LAYER:                /home/hans/.local/share/vulkan/implicit_layer.d/steamoverlay_i386.json
[Vulkan Loader] LAYER:                /home/hans/.local/share/vulkan/implicit_layer.d/steamoverlay_x86_64.json
[Vulkan Loader] LAYER:                /home/hans/.local/share/vulkan/implicit_layer.d/steamfossilize_i386.json
[Vulkan Loader] LAYER:                /home/hans/.local/share/vulkan/implicit_layer.d/steamfossilize_x86_64.json
[Vulkan Loader] LAYER:                /usr/share/vulkan/implicit_layer.d/VkLayer_MESA_anti_lag.json
[Vulkan Loader] LAYER:                /usr/share/vulkan/implicit_layer.d/MangoHud.x86_64.json
[Vulkan Loader] LAYER:                /usr/share/vulkan/implicit_layer.d/MangoHud.x86.json
[Vulkan Loader] LAYER:                /usr/share/vulkan/implicit_layer.d/VkLayer_MESA_device_select.json
[Vulkan Loader] LAYER:                /usr/share/vulkan/implicit_layer.d/VkLayer_LSFGVK_frame_generation.json
[Vulkan Loader] INFO:           Found manifest file /etc/vulkan/implicit_layer.d/nvidia_layers.json (file version 1.0.1)
[Vulkan Loader] INFO:           Found manifest file /home/hans/.local/share/vulkan/implicit_layer.d/steamoverlay_i386.json (file version 1.0.0)
[Vulkan Loader] INFO:           Found manifest file /home/hans/.local/share/vulkan/implicit_layer.d/steamoverlay_x86_64.json (file version 1.0.0)
[Vulkan Loader] INFO:           Found manifest file /home/hans/.local/share/vulkan/implicit_layer.d/steamfossilize_i386.json (file version 1.0.0)
[Vulkan Loader] INFO:           Found manifest file /home/hans/.local/share/vulkan/implicit_layer.d/steamfossilize_x86_64.json (file version 1.0.0)
[Vulkan Loader] INFO:           Found manifest file /usr/share/vulkan/implicit_layer.d/VkLayer_MESA_anti_lag.json (file version 1.2.1)
[Vulkan Loader] INFO:           Found manifest file /usr/share/vulkan/implicit_layer.d/MangoHud.x86_64.json (file version 1.0.0)
[Vulkan Loader] INFO:           Found manifest file /usr/share/vulkan/implicit_layer.d/MangoHud.x86.json (file version 1.0.0)
[Vulkan Loader] INFO:           Found manifest file /usr/share/vulkan/implicit_layer.d/VkLayer_MESA_device_select.json (file version 1.0.0)
[Vulkan Loader] INFO:           Found manifest file /usr/share/vulkan/implicit_layer.d/VkLayer_LSFGVK_frame_generation.json (file version 1.1.0)
[Vulkan Loader] INFO:           No valid vk_loader_settings.json file found, no loader settings will be active
[Vulkan Loader] LAYER:          Searching for implicit layer manifest files
[Vulkan Loader] LAYER:             In following locations:
[Vulkan Loader] LAYER:                /home/hans/.config/vulkan/implicit_layer.d
[Vulkan Loader] LAYER:                /home/hans/.config/kdedefaults/vulkan/implicit_layer.d
[Vulkan Loader] LAYER:                /etc/xdg/vulkan/implicit_layer.d
[Vulkan Loader] LAYER:                /etc/vulkan/implicit_layer.d
[Vulkan Loader] LAYER:                /home/hans/.local/share/vulkan/implicit_layer.d
[Vulkan Loader] LAYER:                /home/hans/.local/share/flatpak/exports/share/vulkan/implicit_layer.d
[Vulkan Loader] LAYER:                /var/lib/flatpak/exports/share/vulkan/implicit_layer.d
[Vulkan Loader] LAYER:                /usr/local/share/vulkan/implicit_layer.d
[Vulkan Loader] LAYER:                /usr/share/vulkan/implicit_layer.d
[Vulkan Loader] LAYER:                /etc/eselect/wine/share/vulkan/implicit_layer.d
[Vulkan Loader] LAYER:             Found the following files:
[Vulkan Loader] LAYER:                /etc/vulkan/implicit_layer.d/nvidia_layers.json
[Vulkan Loader] LAYER:                /home/hans/.local/share/vulkan/implicit_layer.d/steamoverlay_i386.json
[Vulkan Loader] LAYER:                /home/hans/.local/share/vulkan/implicit_layer.d/steamoverlay_x86_64.json
[Vulkan Loader] LAYER:                /home/hans/.local/share/vulkan/implicit_layer.d/steamfossilize_i386.json
[Vulkan Loader] LAYER:                /home/hans/.local/share/vulkan/implicit_layer.d/steamfossilize_x86_64.json
[Vulkan Loader] LAYER:                /usr/share/vulkan/implicit_layer.d/VkLayer_MESA_anti_lag.json
[Vulkan Loader] LAYER:                /usr/share/vulkan/implicit_layer.d/MangoHud.x86_64.json
[Vulkan Loader] LAYER:                /usr/share/vulkan/implicit_layer.d/MangoHud.x86.json
[Vulkan Loader] LAYER:                /usr/share/vulkan/implicit_layer.d/VkLayer_MESA_device_select.json
[Vulkan Loader] LAYER:                /usr/share/vulkan/implicit_layer.d/VkLayer_LSFGVK_frame_generation.json
[Vulkan Loader] INFO:           Found manifest file /etc/vulkan/implicit_layer.d/nvidia_layers.json (file version 1.0.1)
[Vulkan Loader] INFO:           Found manifest file /home/hans/.local/share/vulkan/implicit_layer.d/steamoverlay_i386.json (file version 1.0.0)
[Vulkan Loader] INFO:           Found manifest file /home/hans/.local/share/vulkan/implicit_layer.d/steamoverlay_x86_64.json (file version 1.0.0)
[Vulkan Loader] INFO:           Found manifest file /home/hans/.local/share/vulkan/implicit_layer.d/steamfossilize_i386.json (file version 1.0.0)
[Vulkan Loader] INFO:           Found manifest file /home/hans/.local/share/vulkan/implicit_layer.d/steamfossilize_x86_64.json (file version 1.0.0)
[Vulkan Loader] INFO:           Found manifest file /usr/share/vulkan/implicit_layer.d/VkLayer_MESA_anti_lag.json (file version 1.2.1)
[Vulkan Loader] INFO:           Found manifest file /usr/share/vulkan/implicit_layer.d/MangoHud.x86_64.json (file version 1.0.0)
[Vulkan Loader] INFO:           Found manifest file /usr/share/vulkan/implicit_layer.d/MangoHud.x86.json (file version 1.0.0)
[Vulkan Loader] INFO:           Found manifest file /usr/share/vulkan/implicit_layer.d/VkLayer_MESA_device_select.json (file version 1.0.0)
[Vulkan Loader] INFO:           Found manifest file /usr/share/vulkan/implicit_layer.d/VkLayer_LSFGVK_frame_generation.json (file version 1.1.0)
[Vulkan Loader] LAYER:          Searching for explicit layer manifest files
[Vulkan Loader] LAYER:             In following locations:
[Vulkan Loader] LAYER:                /home/hans/.config/vulkan/explicit_layer.d
[Vulkan Loader] LAYER:                /home/hans/.config/kdedefaults/vulkan/explicit_layer.d
[Vulkan Loader] LAYER:                /etc/xdg/vulkan/explicit_layer.d
[Vulkan Loader] LAYER:                /etc/vulkan/explicit_layer.d
[Vulkan Loader] LAYER:                /home/hans/.local/share/vulkan/explicit_layer.d
[Vulkan Loader] LAYER:                /home/hans/.local/share/flatpak/exports/share/vulkan/explicit_layer.d
[Vulkan Loader] LAYER:                /var/lib/flatpak/exports/share/vulkan/explicit_layer.d
[Vulkan Loader] LAYER:                /usr/local/share/vulkan/explicit_layer.d
[Vulkan Loader] LAYER:                /usr/share/vulkan/explicit_layer.d
[Vulkan Loader] LAYER:                /etc/eselect/wine/share/vulkan/explicit_layer.d
[Vulkan Loader] LAYER:             Found the following files:
[Vulkan Loader] LAYER:                /usr/share/vulkan/explicit_layer.d/VkLayer_MESA_overlay.json
[Vulkan Loader] LAYER:                /usr/share/vulkan/explicit_layer.d/VkLayer_khronos_validation.json
[Vulkan Loader] INFO:           Found manifest file /usr/share/vulkan/explicit_layer.d/VkLayer_MESA_overlay.json (file version 1.0.0)
[Vulkan Loader] INFO:           Found manifest file /usr/share/vulkan/explicit_layer.d/VkLayer_khronos_validation.json (file version 1.2.0)
[Vulkan Loader] DRIVER:         Searching for driver manifest files
[Vulkan Loader] DRIVER:            In following locations:
[Vulkan Loader] DRIVER:               /home/hans/.config/vulkan/icd.d
[Vulkan Loader] DRIVER:               /home/hans/.config/kdedefaults/vulkan/icd.d
[Vulkan Loader] DRIVER:               /etc/xdg/vulkan/icd.d
[Vulkan Loader] DRIVER:               /etc/vulkan/icd.d
[Vulkan Loader] DRIVER:               /home/hans/.local/share/vulkan/icd.d
[Vulkan Loader] DRIVER:               /home/hans/.local/share/flatpak/exports/share/vulkan/icd.d
[Vulkan Loader] DRIVER:               /var/lib/flatpak/exports/share/vulkan/icd.d
[Vulkan Loader] DRIVER:               /usr/local/share/vulkan/icd.d
[Vulkan Loader] DRIVER:               /usr/share/vulkan/icd.d
[Vulkan Loader] DRIVER:               /etc/eselect/wine/share/vulkan/icd.d
[Vulkan Loader] DRIVER:            Found the following files:
[Vulkan Loader] DRIVER:               /etc/vulkan/icd.d/nvidia_icd.json
[Vulkan Loader] DRIVER:               /usr/share/vulkan/icd.d/intel_icd.i686.json
[Vulkan Loader] DRIVER:               /usr/share/vulkan/icd.d/intel_hasvk_icd.i686.json
[Vulkan Loader] DRIVER:               /usr/share/vulkan/icd.d/radeon_icd.i686.json
[Vulkan Loader] DRIVER:               /usr/share/vulkan/icd.d/intel_icd.x86_64.json
[Vulkan Loader] DRIVER:               /usr/share/vulkan/icd.d/intel_hasvk_icd.x86_64.json
[Vulkan Loader] DRIVER:               /usr/share/vulkan/icd.d/radeon_icd.x86_64.json
[Vulkan Loader] DRIVER:         Found ICD manifest file /etc/vulkan/icd.d/nvidia_icd.json, version 1.0.1
[Vulkan Loader] DEBUG | DRIVER: Searching for ICD drivers named libGLX_nvidia.so.0
[Vulkan Loader] DRIVER:         Found ICD manifest file /usr/share/vulkan/icd.d/intel_icd.i686.json, version 1.0.1
[Vulkan Loader] DEBUG | DRIVER: Searching for ICD drivers named /usr/lib/libvulkan_intel.so
[Vulkan Loader] INFO:           loader_parse_icd_manifest: Driver library architecture doesn't match the current running architecture, skipping this driver
[Vulkan Loader] DRIVER:         Found ICD manifest file /usr/share/vulkan/icd.d/intel_hasvk_icd.i686.json, version 1.0.1
[Vulkan Loader] DEBUG | DRIVER: Searching for ICD drivers named /usr/lib/libvulkan_intel_hasvk.so
[Vulkan Loader] INFO:           loader_parse_icd_manifest: Driver library architecture doesn't match the current running architecture, skipping this driver
[Vulkan Loader] DRIVER:         Found ICD manifest file /usr/share/vulkan/icd.d/radeon_icd.i686.json, version 1.0.1
[Vulkan Loader] DEBUG | DRIVER: Searching for ICD drivers named /usr/lib/libvulkan_radeon.so
[Vulkan Loader] INFO:           loader_parse_icd_manifest: Driver library architecture doesn't match the current running architecture, skipping this driver
[Vulkan Loader] DRIVER:         Found ICD manifest file /usr/share/vulkan/icd.d/intel_icd.x86_64.json, version 1.0.1
[Vulkan Loader] DEBUG | DRIVER: Searching for ICD drivers named /usr/lib64/libvulkan_intel.so
[Vulkan Loader] DRIVER:         Found ICD manifest file /usr/share/vulkan/icd.d/intel_hasvk_icd.x86_64.json, version 1.0.1
[Vulkan Loader] DEBUG | DRIVER: Searching for ICD drivers named /usr/lib64/libvulkan_intel_hasvk.so
[Vulkan Loader] DRIVER:         Found ICD manifest file /usr/share/vulkan/icd.d/radeon_icd.x86_64.json, version 1.0.1
[Vulkan Loader] DEBUG | DRIVER: Searching for ICD drivers named /usr/lib64/libvulkan_radeon.so
[Vulkan Loader] DEBUG | LAYER:  Loading layer library /usr/share/vulkan/implicit_layer.d/../../../lib/liblsfg-vk-layer.so
[Vulkan Loader] ERROR | LAYER:  loader_create_instance_chain: Failed to find 'vkGetInstanceProcAddr' in layer "/usr/share/vulkan/implicit_layer.d/../../../lib/liblsfg-vk-layer.so"
[Vulkan Loader] DEBUG | LAYER:  Loading layer library libVkLayer_MESA_device_select.so
[Vulkan Loader] INFO | LAYER:   Insert instance layer "VK_LAYER_MESA_device_select" (/usr/lib64/libVkLayer_MESA_device_select.so)
[Vulkan Loader] INFO:           /usr/lib/mangohud/lib32/libMangoHud.so: wrong ELF class: ELFCLASS32
[Vulkan Loader] DEBUG | LAYER:  Loading layer library /usr/lib/mangohud/lib64/libMangoHud.so
[Vulkan Loader] INFO | LAYER:   Insert instance layer "VK_LAYER_MANGOHUD_overlay_x86_64" (/usr/lib/mangohud/lib64/libMangoHud.so)
[Vulkan Loader] INFO | LAYER:   Requested layer "VK_LAYER_MANGOHUD_overlay_x86" was wrong bit-type.
[Vulkan Loader] INFO | LAYER:   Shouldn't reach this. A valid version of requested layer VK_LAYER_LSFGVK_frame_generation was loaded but was not found in the list of activated layers.
[2026-02-09 18:10:30.492] [MANGOHUD] [info] [blacklist.cpp:83] process 'explorer.exe' is blacklisted in MangoHud
[Vulkan Loader] LAYER:          vkCreateInstance layer callstack setup to:
[Vulkan Loader] LAYER:             <Application>
[Vulkan Loader] LAYER:               ||
[Vulkan Loader] LAYER:             <Loader>
[Vulkan Loader] LAYER:               ||
[Vulkan Loader] LAYER:             VK_LAYER_MANGOHUD_overlay_x86_64
[Vulkan Loader] LAYER:                     Type: Implicit
[Vulkan Loader] LAYER:                     Enabled By: Implicit Layer
[Vulkan Loader] LAYER:                         Disable Env Var:  DISABLE_MANGOHUD
[Vulkan Loader] LAYER:                         This layer was enabled because Env Var MANGOHUD was set to Value 1
[Vulkan Loader] LAYER:                     Manifest: /usr/share/vulkan/implicit_layer.d/MangoHud.x86_64.json
[Vulkan Loader] LAYER:                     Library:  /usr/lib/mangohud/lib64/libMangoHud.so
[Vulkan Loader] LAYER:               ||
[Vulkan Loader] LAYER:             VK_LAYER_MESA_device_select
[Vulkan Loader] LAYER:                     Type: Implicit
[Vulkan Loader] LAYER:                     Enabled By: Implicit Layer
[Vulkan Loader] LAYER:                         Disable Env Var:  NODEVICE_SELECT
[Vulkan Loader] LAYER:                     Manifest: /usr/share/vulkan/implicit_layer.d/VkLayer_MESA_device_select.json
[Vulkan Loader] LAYER:                     Library:  /usr/lib64/libVkLayer_MESA_device_select.so
[Vulkan Loader] LAYER:               ||
[Vulkan Loader] LAYER:             <Drivers>
[Vulkan Loader] INFO | DRIVER:  linux_read_sorted_physical_devices:
[Vulkan Loader] INFO | DRIVER:       Original order:
[Vulkan Loader] INFO | DRIVER:             [0] NVIDIA GeForce RTX 4080
[Vulkan Loader] INFO | DRIVER:       Sorted order:
[Vulkan Loader] INFO | DRIVER:             [0] NVIDIA GeForce RTX 4080  
[Vulkan Loader] INFO | DRIVER:  linux_read_sorted_physical_devices:
[Vulkan Loader] INFO | DRIVER:       Original order:
[Vulkan Loader] INFO | DRIVER:             [0] NVIDIA GeForce RTX 4080
[Vulkan Loader] INFO | DRIVER:       Sorted order:
[Vulkan Loader] INFO | DRIVER:             [0] NVIDIA GeForce RTX 4080  
[Vulkan Loader] DEBUG | DRIVER: Copying old device 0 into new device 0
[Vulkan Loader] INFO | DRIVER:  linux_read_sorted_physical_devices:
[Vulkan Loader] INFO | DRIVER:       Original order:
[Vulkan Loader] INFO | DRIVER:             [0] NVIDIA GeForce RTX 4080
[Vulkan Loader] INFO | DRIVER:       Sorted order:
[Vulkan Loader] INFO | DRIVER:             [0] NVIDIA GeForce RTX 4080  
[Vulkan Loader] DEBUG | DRIVER: Copying old device 0 into new device 0
[Vulkan Loader] INFO | DRIVER:  linux_read_sorted_physical_devices:
[Vulkan Loader] INFO | DRIVER:       Original order:
[Vulkan Loader] INFO | DRIVER:             [0] NVIDIA GeForce RTX 4080
[Vulkan Loader] INFO | DRIVER:       Sorted order:
[Vulkan Loader] INFO | DRIVER:             [0] NVIDIA GeForce RTX 4080  
[Vulkan Loader] DEBUG | DRIVER: Copying old device 0 into new device 0
[Vulkan Loader] INFO | DRIVER:  linux_read_sorted_physical_devices:
[Vulkan Loader] INFO | DRIVER:       Original order:
[Vulkan Loader] INFO | DRIVER:             [0] NVIDIA GeForce RTX 4080
[Vulkan Loader] INFO | DRIVER:       Sorted order:
[Vulkan Loader] INFO | DRIVER:             [0] NVIDIA GeForce RTX 4080  
[Vulkan Loader] DEBUG | DRIVER: Copying old device 0 into new device 0
[Vulkan Loader] INFO | DRIVER:  linux_read_sorted_physical_devices:
[Vulkan Loader] INFO | DRIVER:       Original order:
[Vulkan Loader] INFO | DRIVER:             [0] NVIDIA GeForce RTX 4080
[Vulkan Loader] INFO | DRIVER:       Sorted order:
[Vulkan Loader] INFO | DRIVER:             [0] NVIDIA GeForce RTX 4080  
[Vulkan Loader] DEBUG | DRIVER: Copying old device 0 into new device 0
[Vulkan Loader] INFO | DRIVER:  linux_read_sorted_physical_devices:
[Vulkan Loader] INFO | DRIVER:       Original order:
[Vulkan Loader] INFO | DRIVER:             [0] NVIDIA GeForce RTX 4080
[Vulkan Loader] INFO | DRIVER:       Sorted order:
[Vulkan Loader] INFO | DRIVER:             [0] NVIDIA GeForce RTX 4080  
[Vulkan Loader] DEBUG | DRIVER: Copying old device 0 into new device 0
[Vulkan Loader] INFO | DRIVER:  linux_read_sorted_physical_devices:
[Vulkan Loader] INFO | DRIVER:       Original order:
[Vulkan Loader] INFO | DRIVER:             [0] NVIDIA GeForce RTX 4080
[Vulkan Loader] INFO | DRIVER:       Sorted order:
[Vulkan Loader] INFO | DRIVER:             [0] NVIDIA GeForce RTX 4080  
[Vulkan Loader] DEBUG | DRIVER: Copying old device 0 into new device 0
[Vulkan Loader] INFO | DRIVER:  Removing driver /usr/lib64/libvulkan_radeon.so due to not having any physical devices
[Vulkan Loader] INFO | DRIVER:  Removing driver /usr/lib64/libvulkan_intel_hasvk.so due to not having any physical devices
[Vulkan Loader] INFO | DRIVER:  Removing driver /usr/lib64/libvulkan_intel.so due to not having any physical devices
libEGL warning: pci id for fd 34: 10de:2704, driver (null)

pci id for fd 35: 10de:2704, driver (null)
kmsro: driver missing
libEGL warning: egl: failed to create dri2 screen
libEGL warning: pci id for fd 34: 10de:2704, driver (null)

pci id for fd 35: 10de:2704, driver (null)
kmsro: driver missing
libEGL warning: egl: failed to create dri2 screen
libEGL warning: pci id for fd 34: 10de:2704, driver (null)

00ec:fixme:wineusb:add_usb_device Interface 1 has 3 alternate settings; using the first one.
00ec:fixme:wineusb:add_usb_device Interface 2 has 3 alternate settings; using the first one.
00ec:fixme:wineusb:add_usb_device Interface 1 has 9 alternate settings; using the first one.
00ec:fixme:wineusb:add_usb_device Interface 2 has 9 alternate settings; using the first one.
00ec:fixme:wineusb:add_usb_device Interface 3 has 9 alternate settings; using the first one.
00ec:fixme:wineusb:add_usb_device Interface 4 has 13 alternate settings; using the first one.
00ec:fixme:wineusb:add_usb_device Interface 5 has 22 alternate settings; using the first one.
00ec:fixme:wineusb:add_usb_device Interface 6 has 12 alternate settings; using the first one.
0024:fixme:winediag:loader_init Wine TkG (staging) 11.2 is a testing version containing experimental patches.
0024:fixme:winediag:loader_init Please don't report bugs about it on winehq.org and use https://github.com/Frogging-Family/wine-tkg-git/issues instead.
00ec:fixme:wineusb:add_usb_device Interface 1 has 7 alternate settings; using the first one.
00ec:fixme:wineusb:add_usb_device Interface 2 has 2 alternate settings; using the first one.
00ec:fixme:wineusb:add_usb_device Interface 0 has 2 alternate settings; using the first one.
00b8:fixme:wineusb:query_id Unhandled ID query type 0x5.
0024:fixme:powrprof:PowerRegisterSuspendResumeNotification (0x00000002,00007FFFFE8FFD70,00007FFFFE8FFD68) stub!
00b8:fixme:wineusb:query_id Unhandled ID query type 0x5.
00b8:fixme:wineusb:query_id Unhandled ID query type 0x5.
00b8:fixme:wineusb:query_id Unhandled ID query type 0x5.
00b8:fixme:wineusb:query_id Unhandled ID query type 0x5.
0024:fixme:process:GetProcessMitigationPolicy (FFFFFFFFFFFFFFFF, 4, 00007FFFFE8FFCE4, 4): stub
00b8:fixme:wineusb:query_id Unhandled ID query type 0x5.
00b8:fixme:wineusb:query_id Unhandled ID query type 0x5.
00b8:fixme:wineusb:query_id Unhandled ID query type 0x5.
00b8:fixme:wineusb:query_id Unhandled ID query type 0x5.
00b8:fixme:wineusb:query_id Unhandled ID query type 0x5.
0024:fixme:uxtheme:SetPreferredAppMode 1: stub
0024:fixme:heap:RtlSetHeapInformation HEAP_INFORMATION_CLASS 1 not implemented!

0024:fixme:winstation:GetUserObjectSecurity (0000000000000060 00007FFFFE8FF6E0 0000000000000000 len=0 00007FFFFE8FF67C),stub!
0024:fixme:winstation:GetUserObjectSecurity (0000000000000060 00007FFFFE8FF6E0 00007FFFFEEB8150 len=40 00007FFFFE8FF67C),stub!
0024:fixme:winstation:GetUserObjectSecurity (0000000000000064 00007FFFFE8FF660 0000000000000000 len=0 00007FFFFE8FF5FC),stub!
0024:fixme:winstation:GetUserObjectSecurity (0000000000000064 00007FFFFE8FF660 00007FFFFEEB8150 len=40 00007FFFFE8FF5FC),stub!
0024:fixme:nls:RtlGetThreadPreferredUILanguages 00000038, 00007FFFFE8FF6BC, 0000000000000000 00007FFFFE8FF6B8
0024:fixme:nls:get_dummy_preferred_ui_language (0x38 0x407 00007FFFFE8FF6BC 0000000000000000 00007FFFFE8FF6B8) returning a dummy value (current locale)
0024:fixme:nls:RtlGetThreadPreferredUILanguages 00000038, 00007FFFFE8FF6BC, 00007FFFFE8FF6A2 00007FFFFE8FF6B8
0024:fixme:nls:get_dummy_preferred_ui_language (0x38 0x407 00007FFFFE8FF6BC 00007FFFFE8FF6A2 00007FFFFE8FF6B8) returning a dummy value (current locale)
00b8:fixme:wineusb:query_id Unhandled ID query type 0x5.
0024:fixme:ntdll:EtwEventSetInformation (deadbeef, 2, 000062B8000E0448, 16) stub
0130:fixme:thread:NtSetInformationThread info class 24 not supported yet
0130:fixme:thread:NtSetInformationThread ThreadPowerThrottling stub!
00b8:fixme:wineusb:query_id Unhandled ID query type 0x5.
00b8:fixme:wineusb:query_id Unhandled ID query type 0x5.
00b8:fixme:wineusb:query_id Unhandled ID query type 0x5.
00b8:fixme:wineusb:query_id Unhandled ID query type 0x5.
0024:fixme:win:RegisterSuspendResumeNotification 0000000000010056, 0: stub.
0024:fixme:ntdll:NtQuerySystemInformation info_class SYSTEM_PERFORMANCE_INFORMATION
0138:fixme:thread:NtSetInformationThread ThreadPowerThrottling stub!
00b8:fixme:wineusb:query_id Unhandled ID query type 0x5.
00b8:fixme:wineusb:query_id Unhandled ID query type 0x5.
00b8:fixme:wineusb:query_id Unhandled ID query type 0x5.
00b8:fixme:wineusb:query_id Unhandled ID query type 0x5.
00b8:fixme:wineusb:query_id Unhandled ID query type 0x5.
00b8:fixme:wineusb:query_id Unhandled ID query type 0x5.
00b8:fixme:wineusb:query_id Unhandled ID query type 0x5.
00b8:fixme:wineusb:query_id Unhandled ID query type 0x5.
00b8:fixme:wineusb:query_id Unhandled ID query type 0x5.
00b8:fixme:wineusb:query_id Unhandled ID query type 0x5.
00b8:fixme:wineusb:query_id Unhandled ID query type 0x5.
00b8:fixme:wineusb:query_id Unhandled ID query type 0x5.
00b8:fixme:wineusb:query_id Unhandled ID query type 0x5.
00b8:fixme:wineusb:query_id Unhandled ID query type 0x5.
00b8:fixme:wineusb:query_id Unhandled ID query type 0x5.
00b8:fixme:wineusb:query_id Unhandled ID query type 0x5.
00b8:fixme:wineusb:query_id Unhandled ID query type 0x5.
00b8:fixme:wineusb:query_id Unhandled ID query type 0x5.
00b8:fixme:wineusb:query_id Unhandled ID query type 0x5.
00b8:fixme:wineusb:query_id Unhandled ID query type 0x5.
00b8:fixme:wineusb:query_id Unhandled ID query type 0x5.
00b8:fixme:wineusb:query_id Unhandled ID query type 0x5.
00b8:fixme:wineusb:query_id Unhandled ID query type 0x5.
00b8:fixme:wineusb:query_id Unhandled ID query type 0x5.
00b8:fixme:wineusb:query_id Unhandled ID query type 0x5.
0024:fixme:thread:NtSetInformationThread ThreadPowerThrottling stub!
0140:fixme:kernelbase:AppPolicyGetThreadInitializationType FFFFFFFFFFFFFFFA, 00007F05B0F8FF50
0024:fixme:ntdll:EtwEventSetInformation (deadbeef, 2, 000000014C14A875, 8) stub
0024:fixme:ver:GetPackageFamilyName (FFFFFFFFFFFFFFFF 00007FFFFE8FF17C 00007FFFFE8FF180): stub
0158:fixme:powrprof:PowerRegisterSuspendResumeNotification (0x00000002,00007FFFFE8FFD70,00007FFFFE8FFD68) stub!
0158:fixme:process:SetProcessShutdownParameters (00000100, 00000001): partial stub.
0164:fixme:file:NtLockFile I/O completion on lock not implemented yet
0024:fixme:file:NtLockFile I/O completion on lock not implemented yet
(node:32) [DEP0180] DeprecationWarning: fs.Stats constructor is deprecated.
(Use `RSI Launcher --trace-deprecation ...` to show where the warning was created)
0024:fixme:winsock:WSALookupServiceBeginW (00007FFFFE8FF190 0xff0 00007FFFFE8FF208) Stub!
[32:0209/181034.089:ERROR:net\base\network_change_notifier_win.cc:189] WSALookupServiceBegin failed with: 8
018c:fixme:thread:NtSetInformationThread info class 24 not supported yet
018c:fixme:thread:NtSetInformationThread ThreadPowerThrottling stub!
0024:fixme:win:GetPointerDevices (00007FFFFE8FEB34 0000000000000000): partial stub
0024:fixme:win:GetPointerDevices (00007FFFFE8FEB34 0000000000000000): partial stub
0024:fixme:system:NtUserDisplayConfigGetDeviceInfo Unimplemented packet type 11.
0024:fixme:combase:RoActivateInstance (00007F05C0694DE0, 00007FFFFE8FEA98): semi-stub
0024:fixme:combase:RoGetActivationFactory (L"Windows.UI.ViewManagement.UISettings", {00000035-0000-0000-c000-000000000046}, 00007FFFFE8FE908): semi-stub
0024:fixme:ui:uisettings2_add_TextScaleFactorChanged iface 00007F05C04FF828, handler 000062BC086ED9E0, cookie 000000014C451448 stub!
0024:fixme:ui:uisettings2_get_TextScaleFactor iface 00007F05C04FF828, value 00007FFFFE8FEAD0 stub!
0024:fixme:win:GetPointerDevices (00007FFFFE8FEB34 0000000000000000): partial stub
0024:fixme:win:GetPointerDevices (00007FFFFE8FEB34 0000000000000000): partial stub
0024:fixme:system:NtUserDisplayConfigGetDeviceInfo Unimplemented packet type 11.
0024:fixme:ui:uisettings2_get_TextScaleFactor iface 00007F05C04FF828, value 00007FFFFE8FEAD0 stub!
01a8:fixme:thread:NtSetInformationThread ThreadPowerThrottling stub!
0198:fixme:wtsapi:WTSRegisterSessionNotification Stub 000000000001005C 0x00000000
01a8:fixme:dxcore:dxcore_adapter_factory_CreateAdapterList iface 00006FFFFD234030, num_attributes 1, filter_attributes 00007F04CD1AF4B0, riid {526c7776-40e9-459b-b711-f32ad76dfc28}, out 00007F04CD1AF3C0 semi-stub!
[Vulkan Loader] INFO:           Vulkan Loader Version 1.4.335
[Vulkan Loader] INFO:           No valid vk_loader_settings.json file found, no loader settings will be active
[Vulkan Loader] LAYER:          Searching for implicit layer manifest files
[Vulkan Loader] LAYER:             In following locations:
[Vulkan Loader] LAYER:                /home/hans/.config/vulkan/implicit_layer.d
[Vulkan Loader] LAYER:                /home/hans/.config/kdedefaults/vulkan/implicit_layer.d
[Vulkan Loader] LAYER:                /etc/xdg/vulkan/implicit_layer.d
[Vulkan Loader] LAYER:                /etc/vulkan/implicit_layer.d
[Vulkan Loader] LAYER:                /home/hans/.local/share/vulkan/implicit_layer.d
[Vulkan Loader] LAYER:                /home/hans/.local/share/flatpak/exports/share/vulkan/implicit_layer.d
[Vulkan Loader] LAYER:                /var/lib/flatpak/exports/share/vulkan/implicit_layer.d
[Vulkan Loader] LAYER:                /usr/local/share/vulkan/implicit_layer.d
[Vulkan Loader] LAYER:                /usr/share/vulkan/implicit_layer.d
[Vulkan Loader] LAYER:                /etc/eselect/wine/share/vulkan/implicit_layer.d
[Vulkan Loader] LAYER:             Found the following files:
[Vulkan Loader] LAYER:                /etc/vulkan/implicit_layer.d/nvidia_layers.json
[Vulkan Loader] LAYER:                /home/hans/.local/share/vulkan/implicit_layer.d/steamoverlay_i386.json
[Vulkan Loader] LAYER:                /home/hans/.local/share/vulkan/implicit_layer.d/steamoverlay_x86_64.json
[Vulkan Loader] LAYER:                /home/hans/.local/share/vulkan/implicit_layer.d/steamfossilize_i386.json
[Vulkan Loader] LAYER:                /home/hans/.local/share/vulkan/implicit_layer.d/steamfossilize_x86_64.json
[Vulkan Loader] LAYER:                /usr/share/vulkan/implicit_layer.d/VkLayer_MESA_anti_lag.json
[Vulkan Loader] LAYER:                /usr/share/vulkan/implicit_layer.d/MangoHud.x86_64.json
[Vulkan Loader] LAYER:                /usr/share/vulkan/implicit_layer.d/MangoHud.x86.json
[Vulkan Loader] LAYER:                /usr/share/vulkan/implicit_layer.d/VkLayer_MESA_device_select.json
[Vulkan Loader] LAYER:                /usr/share/vulkan/implicit_layer.d/VkLayer_LSFGVK_frame_generation.json
[Vulkan Loader] INFO:           Found manifest file /etc/vulkan/implicit_layer.d/nvidia_layers.json (file version 1.0.1)
[Vulkan Loader] INFO:           Found manifest file /home/hans/.local/share/vulkan/implicit_layer.d/steamoverlay_i386.json (file version 1.0.0)
[Vulkan Loader] INFO:           Found manifest file /home/hans/.local/share/vulkan/implicit_layer.d/steamoverlay_x86_64.json (file version 1.0.0)
[Vulkan Loader] INFO:           Found manifest file /home/hans/.local/share/vulkan/implicit_layer.d/steamfossilize_i386.json (file version 1.0.0)
[Vulkan Loader] INFO:           Found manifest file /home/hans/.local/share/vulkan/implicit_layer.d/steamfossilize_x86_64.json (file version 1.0.0)
[Vulkan Loader] INFO:           Found manifest file /usr/share/vulkan/implicit_layer.d/VkLayer_MESA_anti_lag.json (file version 1.2.1)
[Vulkan Loader] INFO:           Found manifest file /usr/share/vulkan/implicit_layer.d/MangoHud.x86_64.json (file version 1.0.0)
[Vulkan Loader] INFO:           Found manifest file /usr/share/vulkan/implicit_layer.d/MangoHud.x86.json (file version 1.0.0)
[Vulkan Loader] INFO:           Found manifest file /usr/share/vulkan/implicit_layer.d/VkLayer_MESA_device_select.json (file version 1.0.0)
[Vulkan Loader] INFO:           Found manifest file /usr/share/vulkan/implicit_layer.d/VkLayer_LSFGVK_frame_generation.json (file version 1.1.0)
[Vulkan Loader] DRIVER:         Searching for driver manifest files
[Vulkan Loader] DRIVER:            In following locations:
[Vulkan Loader] DRIVER:               /home/hans/.config/vulkan/icd.d
[Vulkan Loader] DRIVER:               /home/hans/.config/kdedefaults/vulkan/icd.d
[Vulkan Loader] DRIVER:               /etc/xdg/vulkan/icd.d
[Vulkan Loader] DRIVER:               /etc/vulkan/icd.d
[Vulkan Loader] DRIVER:               /home/hans/.local/share/vulkan/icd.d
[Vulkan Loader] DRIVER:               /home/hans/.local/share/flatpak/exports/share/vulkan/icd.d
[Vulkan Loader] DRIVER:               /var/lib/flatpak/exports/share/vulkan/icd.d
[Vulkan Loader] DRIVER:               /usr/local/share/vulkan/icd.d
[Vulkan Loader] DRIVER:               /usr/share/vulkan/icd.d
[Vulkan Loader] DRIVER:               /etc/eselect/wine/share/vulkan/icd.d
[Vulkan Loader] DRIVER:            Found the following files:
[Vulkan Loader] DRIVER:               /etc/vulkan/icd.d/nvidia_icd.json
[Vulkan Loader] DRIVER:               /usr/share/vulkan/icd.d/intel_icd.i686.json
[Vulkan Loader] DRIVER:               /usr/share/vulkan/icd.d/intel_hasvk_icd.i686.json
[Vulkan Loader] DRIVER:               /usr/share/vulkan/icd.d/radeon_icd.i686.json
[Vulkan Loader] DRIVER:               /usr/share/vulkan/icd.d/intel_icd.x86_64.json
[Vulkan Loader] DRIVER:               /usr/share/vulkan/icd.d/intel_hasvk_icd.x86_64.json
[Vulkan Loader] DRIVER:               /usr/share/vulkan/icd.d/radeon_icd.x86_64.json
[Vulkan Loader] DRIVER:         Found ICD manifest file /etc/vulkan/icd.d/nvidia_icd.json, version 1.0.1
[Vulkan Loader] DEBUG | DRIVER: Searching for ICD drivers named libGLX_nvidia.so.0
[Vulkan Loader] DRIVER:         Found ICD manifest file /usr/share/vulkan/icd.d/intel_icd.i686.json, version 1.0.1
[Vulkan Loader] DEBUG | DRIVER: Searching for ICD drivers named /usr/lib/libvulkan_intel.so
[Vulkan Loader] INFO:           loader_parse_icd_manifest: Driver library architecture doesn't match the current running architecture, skipping this driver
[Vulkan Loader] DRIVER:         Found ICD manifest file /usr/share/vulkan/icd.d/intel_hasvk_icd.i686.json, version 1.0.1
[Vulkan Loader] DEBUG | DRIVER: Searching for ICD drivers named /usr/lib/libvulkan_intel_hasvk.so
[Vulkan Loader] INFO:           loader_parse_icd_manifest: Driver library architecture doesn't match the current running architecture, skipping this driver
[Vulkan Loader] DRIVER:         Found ICD manifest file /usr/share/vulkan/icd.d/radeon_icd.i686.json, version 1.0.1
[Vulkan Loader] DEBUG | DRIVER: Searching for ICD drivers named /usr/lib/libvulkan_radeon.so
[Vulkan Loader] INFO:           loader_parse_icd_manifest: Driver library architecture doesn't match the current running architecture, skipping this driver
[Vulkan Loader] DRIVER:         Found ICD manifest file /usr/share/vulkan/icd.d/intel_icd.x86_64.json, version 1.0.1
[Vulkan Loader] DEBUG | DRIVER: Searching for ICD drivers named /usr/lib64/libvulkan_intel.so
[Vulkan Loader] DRIVER:         Found ICD manifest file /usr/share/vulkan/icd.d/intel_hasvk_icd.x86_64.json, version 1.0.1
[Vulkan Loader] DEBUG | DRIVER: Searching for ICD drivers named /usr/lib64/libvulkan_intel_hasvk.so
[Vulkan Loader] DRIVER:         Found ICD manifest file /usr/share/vulkan/icd.d/radeon_icd.x86_64.json, version 1.0.1
[Vulkan Loader] DEBUG | DRIVER: Searching for ICD drivers named /usr/lib64/libvulkan_radeon.so
[Vulkan Loader] DRIVER:         Searching for driver manifest files
[Vulkan Loader] DRIVER:            In following locations:
[Vulkan Loader] DRIVER:               /home/hans/.config/vulkan/icd.d
[Vulkan Loader] DRIVER:               /home/hans/.config/kdedefaults/vulkan/icd.d
[Vulkan Loader] DRIVER:               /etc/xdg/vulkan/icd.d
[Vulkan Loader] DRIVER:               /etc/vulkan/icd.d
[Vulkan Loader] DRIVER:               /home/hans/.local/share/vulkan/icd.d
[Vulkan Loader] DRIVER:               /home/hans/.local/share/flatpak/exports/share/vulkan/icd.d
[Vulkan Loader] DRIVER:               /var/lib/flatpak/exports/share/vulkan/icd.d
[Vulkan Loader] DRIVER:               /usr/local/share/vulkan/icd.d
[Vulkan Loader] DRIVER:               /usr/share/vulkan/icd.d
[Vulkan Loader] DRIVER:               /etc/eselect/wine/share/vulkan/icd.d
[Vulkan Loader] DRIVER:            Found the following files:
[Vulkan Loader] DRIVER:               /etc/vulkan/icd.d/nvidia_icd.json
[Vulkan Loader] DRIVER:               /usr/share/vulkan/icd.d/intel_icd.i686.json
[Vulkan Loader] DRIVER:               /usr/share/vulkan/icd.d/intel_hasvk_icd.i686.json
[Vulkan Loader] DRIVER:               /usr/share/vulkan/icd.d/radeon_icd.i686.json
[Vulkan Loader] DRIVER:               /usr/share/vulkan/icd.d/intel_icd.x86_64.json
[Vulkan Loader] DRIVER:               /usr/share/vulkan/icd.d/intel_hasvk_icd.x86_64.json
[Vulkan Loader] DRIVER:               /usr/share/vulkan/icd.d/radeon_icd.x86_64.json
[Vulkan Loader] DRIVER:         Found ICD manifest file /etc/vulkan/icd.d/nvidia_icd.json, version 1.0.1
[Vulkan Loader] DEBUG | DRIVER: Searching for ICD drivers named libGLX_nvidia.so.0
[Vulkan Loader] DRIVER:         Found ICD manifest file /usr/share/vulkan/icd.d/intel_icd.i686.json, version 1.0.1
[Vulkan Loader] DEBUG | DRIVER: Searching for ICD drivers named /usr/lib/libvulkan_intel.so
[Vulkan Loader] INFO:           loader_parse_icd_manifest: Driver library architecture doesn't match the current running architecture, skipping this driver
[Vulkan Loader] DRIVER:         Found ICD manifest file /usr/share/vulkan/icd.d/intel_hasvk_icd.i686.json, version 1.0.1
[Vulkan Loader] DEBUG | DRIVER: Searching for ICD drivers named /usr/lib/libvulkan_intel_hasvk.so
[Vulkan Loader] INFO:           loader_parse_icd_manifest: Driver library architecture doesn't match the current running architecture, skipping this driver
[Vulkan Loader] DRIVER:         Found ICD manifest file /usr/share/vulkan/icd.d/radeon_icd.i686.json, version 1.0.1
[Vulkan Loader] DEBUG | DRIVER: Searching for ICD drivers named /usr/lib/libvulkan_radeon.so
[Vulkan Loader] INFO:           loader_parse_icd_manifest: Driver library architecture doesn't match the current running architecture, skipping this driver
[Vulkan Loader] DRIVER:         Found ICD manifest file /usr/share/vulkan/icd.d/intel_icd.x86_64.json, version 1.0.1
[Vulkan Loader] DEBUG | DRIVER: Searching for ICD drivers named /usr/lib64/libvulkan_intel.so
[Vulkan Loader] DRIVER:         Found ICD manifest file /usr/share/vulkan/icd.d/intel_hasvk_icd.x86_64.json, version 1.0.1
[Vulkan Loader] DEBUG | DRIVER: Searching for ICD drivers named /usr/lib64/libvulkan_intel_hasvk.so
[Vulkan Loader] DRIVER:         Found ICD manifest file /usr/share/vulkan/icd.d/radeon_icd.x86_64.json, version 1.0.1
[Vulkan Loader] DEBUG | DRIVER: Searching for ICD drivers named /usr/lib64/libvulkan_radeon.so
[Vulkan Loader] LAYER:          Searching for implicit layer manifest files
[Vulkan Loader] LAYER:             In following locations:
[Vulkan Loader] LAYER:                /home/hans/.config/vulkan/implicit_layer.d
[Vulkan Loader] LAYER:                /home/hans/.config/kdedefaults/vulkan/implicit_layer.d
[Vulkan Loader] LAYER:                /etc/xdg/vulkan/implicit_layer.d
[Vulkan Loader] LAYER:                /etc/vulkan/implicit_layer.d
[Vulkan Loader] LAYER:                /home/hans/.local/share/vulkan/implicit_layer.d
[Vulkan Loader] LAYER:                /home/hans/.local/share/flatpak/exports/share/vulkan/implicit_layer.d
[Vulkan Loader] LAYER:                /var/lib/flatpak/exports/share/vulkan/implicit_layer.d
[Vulkan Loader] LAYER:                /usr/local/share/vulkan/implicit_layer.d
[Vulkan Loader] LAYER:                /usr/share/vulkan/implicit_layer.d
[Vulkan Loader] LAYER:                /etc/eselect/wine/share/vulkan/implicit_layer.d
[Vulkan Loader] LAYER:             Found the following files:
[Vulkan Loader] LAYER:                /etc/vulkan/implicit_layer.d/nvidia_layers.json
[Vulkan Loader] LAYER:                /home/hans/.local/share/vulkan/implicit_layer.d/steamoverlay_i386.json
[Vulkan Loader] LAYER:                /home/hans/.local/share/vulkan/implicit_layer.d/steamoverlay_x86_64.json
[Vulkan Loader] LAYER:                /home/hans/.local/share/vulkan/implicit_layer.d/steamfossilize_i386.json
[Vulkan Loader] LAYER:                /home/hans/.local/share/vulkan/implicit_layer.d/steamfossilize_x86_64.json
[Vulkan Loader] LAYER:                /usr/share/vulkan/implicit_layer.d/VkLayer_MESA_anti_lag.json
[Vulkan Loader] LAYER:                /usr/share/vulkan/implicit_layer.d/MangoHud.x86_64.json
[Vulkan Loader] LAYER:                /usr/share/vulkan/implicit_layer.d/MangoHud.x86.json
[Vulkan Loader] LAYER:                /usr/share/vulkan/implicit_layer.d/VkLayer_MESA_device_select.json
[Vulkan Loader] LAYER:                /usr/share/vulkan/implicit_layer.d/VkLayer_LSFGVK_frame_generation.json
[Vulkan Loader] INFO:           Found manifest file /etc/vulkan/implicit_layer.d/nvidia_layers.json (file version 1.0.1)
[Vulkan Loader] INFO:           Found manifest file /home/hans/.local/share/vulkan/implicit_layer.d/steamoverlay_i386.json (file version 1.0.0)
[Vulkan Loader] INFO:           Found manifest file /home/hans/.local/share/vulkan/implicit_layer.d/steamoverlay_x86_64.json (file version 1.0.0)
[Vulkan Loader] INFO:           Found manifest file /home/hans/.local/share/vulkan/implicit_layer.d/steamfossilize_i386.json (file version 1.0.0)
[Vulkan Loader] INFO:           Found manifest file /home/hans/.local/share/vulkan/implicit_layer.d/steamfossilize_x86_64.json (file version 1.0.0)
[Vulkan Loader] INFO:           Found manifest file /usr/share/vulkan/implicit_layer.d/VkLayer_MESA_anti_lag.json (file version 1.2.1)
[Vulkan Loader] INFO:           Found manifest file /usr/share/vulkan/implicit_layer.d/MangoHud.x86_64.json (file version 1.0.0)
[Vulkan Loader] INFO:           Found manifest file /usr/share/vulkan/implicit_layer.d/MangoHud.x86.json (file version 1.0.0)
[Vulkan Loader] INFO:           Found manifest file /usr/share/vulkan/implicit_layer.d/VkLayer_MESA_device_select.json (file version 1.0.0)
[Vulkan Loader] INFO:           Found manifest file /usr/share/vulkan/implicit_layer.d/VkLayer_LSFGVK_frame_generation.json (file version 1.1.0)
[Vulkan Loader] INFO:           No valid vk_loader_settings.json file found, no loader settings will be active
[Vulkan Loader] LAYER:          Searching for implicit layer manifest files
[Vulkan Loader] LAYER:             In following locations:
[Vulkan Loader] LAYER:                /home/hans/.config/vulkan/implicit_layer.d
[Vulkan Loader] LAYER:                /home/hans/.config/kdedefaults/vulkan/implicit_layer.d
[Vulkan Loader] LAYER:                /etc/xdg/vulkan/implicit_layer.d
[Vulkan Loader] LAYER:                /etc/vulkan/implicit_layer.d
[Vulkan Loader] LAYER:                /home/hans/.local/share/vulkan/implicit_layer.d
[Vulkan Loader] LAYER:                /home/hans/.local/share/flatpak/exports/share/vulkan/implicit_layer.d
[Vulkan Loader] LAYER:                /var/lib/flatpak/exports/share/vulkan/implicit_layer.d
[Vulkan Loader] LAYER:                /usr/local/share/vulkan/implicit_layer.d
[Vulkan Loader] LAYER:                /usr/share/vulkan/implicit_layer.d
[Vulkan Loader] LAYER:                /etc/eselect/wine/share/vulkan/implicit_layer.d
[Vulkan Loader] LAYER:             Found the following files:
[Vulkan Loader] LAYER:                /etc/vulkan/implicit_layer.d/nvidia_layers.json
[Vulkan Loader] LAYER:                /home/hans/.local/share/vulkan/implicit_layer.d/steamoverlay_i386.json
[Vulkan Loader] LAYER:                /home/hans/.local/share/vulkan/implicit_layer.d/steamoverlay_x86_64.json
[Vulkan Loader] LAYER:                /home/hans/.local/share/vulkan/implicit_layer.d/steamfossilize_i386.json
[Vulkan Loader] LAYER:                /home/hans/.local/share/vulkan/implicit_layer.d/steamfossilize_x86_64.json
[Vulkan Loader] LAYER:                /usr/share/vulkan/implicit_layer.d/VkLayer_MESA_anti_lag.json
[Vulkan Loader] LAYER:                /usr/share/vulkan/implicit_layer.d/MangoHud.x86_64.json
[Vulkan Loader] LAYER:                /usr/share/vulkan/implicit_layer.d/MangoHud.x86.json
[Vulkan Loader] LAYER:                /usr/share/vulkan/implicit_layer.d/VkLayer_MESA_device_select.json
[Vulkan Loader] LAYER:                /usr/share/vulkan/implicit_layer.d/VkLayer_LSFGVK_frame_generation.json
[Vulkan Loader] INFO:           Found manifest file /etc/vulkan/implicit_layer.d/nvidia_layers.json (file version 1.0.1)
[Vulkan Loader] INFO:           Found manifest file /home/hans/.local/share/vulkan/implicit_layer.d/steamoverlay_i386.json (file version 1.0.0)
[Vulkan Loader] INFO:           Found manifest file /home/hans/.local/share/vulkan/implicit_layer.d/steamoverlay_x86_64.json (file version 1.0.0)
[Vulkan Loader] INFO:           Found manifest file /home/hans/.local/share/vulkan/implicit_layer.d/steamfossilize_i386.json (file version 1.0.0)
[Vulkan Loader] INFO:           Found manifest file /home/hans/.local/share/vulkan/implicit_layer.d/steamfossilize_x86_64.json (file version 1.0.0)
[Vulkan Loader] INFO:           Found manifest file /usr/share/vulkan/implicit_layer.d/VkLayer_MESA_anti_lag.json (file version 1.2.1)
[Vulkan Loader] INFO:           Found manifest file /usr/share/vulkan/implicit_layer.d/MangoHud.x86_64.json (file version 1.0.0)
[Vulkan Loader] INFO:           Found manifest file /usr/share/vulkan/implicit_layer.d/MangoHud.x86.json (file version 1.0.0)
[Vulkan Loader] INFO:           Found manifest file /usr/share/vulkan/implicit_layer.d/VkLayer_MESA_device_select.json (file version 1.0.0)
[Vulkan Loader] INFO:           Found manifest file /usr/share/vulkan/implicit_layer.d/VkLayer_LSFGVK_frame_generation.json (file version 1.1.0)
[Vulkan Loader] DRIVER:         Searching for driver manifest files
[Vulkan Loader] DRIVER:            In following locations:
[Vulkan Loader] DRIVER:               /home/hans/.config/vulkan/icd.d
[Vulkan Loader] DRIVER:               /home/hans/.config/kdedefaults/vulkan/icd.d
[Vulkan Loader] DRIVER:               /etc/xdg/vulkan/icd.d
[Vulkan Loader] DRIVER:               /etc/vulkan/icd.d
[Vulkan Loader] DRIVER:               /home/hans/.local/share/vulkan/icd.d
[Vulkan Loader] DRIVER:               /home/hans/.local/share/flatpak/exports/share/vulkan/icd.d
[Vulkan Loader] DRIVER:               /var/lib/flatpak/exports/share/vulkan/icd.d
[Vulkan Loader] DRIVER:               /usr/local/share/vulkan/icd.d
[Vulkan Loader] DRIVER:               /usr/share/vulkan/icd.d
[Vulkan Loader] DRIVER:               /etc/eselect/wine/share/vulkan/icd.d
[Vulkan Loader] DRIVER:            Found the following files:
[Vulkan Loader] DRIVER:               /etc/vulkan/icd.d/nvidia_icd.json
[Vulkan Loader] DRIVER:               /usr/share/vulkan/icd.d/intel_icd.i686.json
[Vulkan Loader] DRIVER:               /usr/share/vulkan/icd.d/intel_hasvk_icd.i686.json
[Vulkan Loader] DRIVER:               /usr/share/vulkan/icd.d/radeon_icd.i686.json
[Vulkan Loader] DRIVER:               /usr/share/vulkan/icd.d/intel_icd.x86_64.json
[Vulkan Loader] DRIVER:               /usr/share/vulkan/icd.d/intel_hasvk_icd.x86_64.json
[Vulkan Loader] DRIVER:               /usr/share/vulkan/icd.d/radeon_icd.x86_64.json
[Vulkan Loader] DRIVER:         Found ICD manifest file /etc/vulkan/icd.d/nvidia_icd.json, version 1.0.1
[Vulkan Loader] DEBUG | DRIVER: Searching for ICD drivers named libGLX_nvidia.so.0
[Vulkan Loader] DRIVER:         Found ICD manifest file /usr/share/vulkan/icd.d/intel_icd.i686.json, version 1.0.1
[Vulkan Loader] DEBUG | DRIVER: Searching for ICD drivers named /usr/lib/libvulkan_intel.so
[Vulkan Loader] INFO:           loader_parse_icd_manifest: Driver library architecture doesn't match the current running architecture, skipping this driver
[Vulkan Loader] DRIVER:         Found ICD manifest file /usr/share/vulkan/icd.d/intel_hasvk_icd.i686.json, version 1.0.1
[Vulkan Loader] DEBUG | DRIVER: Searching for ICD drivers named /usr/lib/libvulkan_intel_hasvk.so
[Vulkan Loader] INFO:           loader_parse_icd_manifest: Driver library architecture doesn't match the current running architecture, skipping this driver
[Vulkan Loader] DRIVER:         Found ICD manifest file /usr/share/vulkan/icd.d/radeon_icd.i686.json, version 1.0.1
[Vulkan Loader] DEBUG | DRIVER: Searching for ICD drivers named /usr/lib/libvulkan_radeon.so
[Vulkan Loader] INFO:           loader_parse_icd_manifest: Driver library architecture doesn't match the current running architecture, skipping this driver
[Vulkan Loader] DRIVER:         Found ICD manifest file /usr/share/vulkan/icd.d/intel_icd.x86_64.json, version 1.0.1
[Vulkan Loader] DEBUG | DRIVER: Searching for ICD drivers named /usr/lib64/libvulkan_intel.so
[Vulkan Loader] DRIVER:         Found ICD manifest file /usr/share/vulkan/icd.d/intel_hasvk_icd.x86_64.json, version 1.0.1
[Vulkan Loader] DEBUG | DRIVER: Searching for ICD drivers named /usr/lib64/libvulkan_intel_hasvk.so
[Vulkan Loader] DRIVER:         Found ICD manifest file /usr/share/vulkan/icd.d/radeon_icd.x86_64.json, version 1.0.1
[Vulkan Loader] DEBUG | DRIVER: Searching for ICD drivers named /usr/lib64/libvulkan_radeon.so
[Vulkan Loader] LAYER:          Searching for implicit layer manifest files
[Vulkan Loader] LAYER:             In following locations:
[Vulkan Loader] LAYER:                /home/hans/.config/vulkan/implicit_layer.d
[Vulkan Loader] LAYER:                /home/hans/.config/kdedefaults/vulkan/implicit_layer.d
[Vulkan Loader] LAYER:                /etc/xdg/vulkan/implicit_layer.d
[Vulkan Loader] LAYER:                /etc/vulkan/implicit_layer.d
[Vulkan Loader] LAYER:                /home/hans/.local/share/vulkan/implicit_layer.d
[Vulkan Loader] LAYER:                /home/hans/.local/share/flatpak/exports/share/vulkan/implicit_layer.d
[Vulkan Loader] LAYER:                /var/lib/flatpak/exports/share/vulkan/implicit_layer.d
[Vulkan Loader] LAYER:                /usr/local/share/vulkan/implicit_layer.d
[Vulkan Loader] LAYER:                /usr/share/vulkan/implicit_layer.d
[Vulkan Loader] LAYER:                /etc/eselect/wine/share/vulkan/implicit_layer.d
[Vulkan Loader] LAYER:             Found the following files:
[Vulkan Loader] LAYER:                /etc/vulkan/implicit_layer.d/nvidia_layers.json
[Vulkan Loader] LAYER:                /home/hans/.local/share/vulkan/implicit_layer.d/steamoverlay_i386.json
[Vulkan Loader] LAYER:                /home/hans/.local/share/vulkan/implicit_layer.d/steamoverlay_x86_64.json
[Vulkan Loader] LAYER:                /home/hans/.local/share/vulkan/implicit_layer.d/steamfossilize_i386.json
[Vulkan Loader] LAYER:                /home/hans/.local/share/vulkan/implicit_layer.d/steamfossilize_x86_64.json
[Vulkan Loader] LAYER:                /usr/share/vulkan/implicit_layer.d/VkLayer_MESA_anti_lag.json
[Vulkan Loader] LAYER:                /usr/share/vulkan/implicit_layer.d/MangoHud.x86_64.json
[Vulkan Loader] LAYER:                /usr/share/vulkan/implicit_layer.d/MangoHud.x86.json
[Vulkan Loader] LAYER:                /usr/share/vulkan/implicit_layer.d/VkLayer_MESA_device_select.json
[Vulkan Loader] LAYER:                /usr/share/vulkan/implicit_layer.d/VkLayer_LSFGVK_frame_generation.json
[Vulkan Loader] INFO:           Found manifest file /etc/vulkan/implicit_layer.d/nvidia_layers.json (file version 1.0.1)
[Vulkan Loader] INFO:           Found manifest file /home/hans/.local/share/vulkan/implicit_layer.d/steamoverlay_i386.json (file version 1.0.0)
[Vulkan Loader] INFO:           Found manifest file /home/hans/.local/share/vulkan/implicit_layer.d/steamoverlay_x86_64.json (file version 1.0.0)
[Vulkan Loader] INFO:           Found manifest file /home/hans/.local/share/vulkan/implicit_layer.d/steamfossilize_i386.json (file version 1.0.0)
[Vulkan Loader] INFO:           Found manifest file /home/hans/.local/share/vulkan/implicit_layer.d/steamfossilize_x86_64.json (file version 1.0.0)
[Vulkan Loader] INFO:           Found manifest file /usr/share/vulkan/implicit_layer.d/VkLayer_MESA_anti_lag.json (file version 1.2.1)
[Vulkan Loader] INFO:           Found manifest file /usr/share/vulkan/implicit_layer.d/MangoHud.x86_64.json (file version 1.0.0)
[Vulkan Loader] INFO:           Found manifest file /usr/share/vulkan/implicit_layer.d/MangoHud.x86.json (file version 1.0.0)
[Vulkan Loader] INFO:           Found manifest file /usr/share/vulkan/implicit_layer.d/VkLayer_MESA_device_select.json (file version 1.0.0)
[Vulkan Loader] INFO:           Found manifest file /usr/share/vulkan/implicit_layer.d/VkLayer_LSFGVK_frame_generation.json (file version 1.1.0)
[Vulkan Loader] INFO:           No valid vk_loader_settings.json file found, no loader settings will be active
[Vulkan Loader] LAYER:          Searching for implicit layer manifest files
[Vulkan Loader] LAYER:             In following locations:
[Vulkan Loader] LAYER:                /home/hans/.config/vulkan/implicit_layer.d
[Vulkan Loader] LAYER:                /home/hans/.config/kdedefaults/vulkan/implicit_layer.d
[Vulkan Loader] LAYER:                /etc/xdg/vulkan/implicit_layer.d
[Vulkan Loader] LAYER:                /etc/vulkan/implicit_layer.d
[Vulkan Loader] LAYER:                /home/hans/.local/share/vulkan/implicit_layer.d
[Vulkan Loader] LAYER:                /home/hans/.local/share/flatpak/exports/share/vulkan/implicit_layer.d
[Vulkan Loader] LAYER:                /var/lib/flatpak/exports/share/vulkan/implicit_layer.d
[Vulkan Loader] LAYER:                /usr/local/share/vulkan/implicit_layer.d
[Vulkan Loader] LAYER:                /usr/share/vulkan/implicit_layer.d
[Vulkan Loader] LAYER:                /etc/eselect/wine/share/vulkan/implicit_layer.d
[Vulkan Loader] LAYER:             Found the following files:
[Vulkan Loader] LAYER:                /etc/vulkan/implicit_layer.d/nvidia_layers.json
[Vulkan Loader] LAYER:                /home/hans/.local/share/vulkan/implicit_layer.d/steamoverlay_i386.json
[Vulkan Loader] LAYER:                /home/hans/.local/share/vulkan/implicit_layer.d/steamoverlay_x86_64.json
[Vulkan Loader] LAYER:                /home/hans/.local/share/vulkan/implicit_layer.d/steamfossilize_i386.json
[Vulkan Loader] LAYER:                /home/hans/.local/share/vulkan/implicit_layer.d/steamfossilize_x86_64.json
[Vulkan Loader] LAYER:                /usr/share/vulkan/implicit_layer.d/VkLayer_MESA_anti_lag.json
[Vulkan Loader] LAYER:                /usr/share/vulkan/implicit_layer.d/MangoHud.x86_64.json
[Vulkan Loader] LAYER:                /usr/share/vulkan/implicit_layer.d/MangoHud.x86.json
[Vulkan Loader] LAYER:                /usr/share/vulkan/implicit_layer.d/VkLayer_MESA_device_select.json
[Vulkan Loader] LAYER:                /usr/share/vulkan/implicit_layer.d/VkLayer_LSFGVK_frame_generation.json
[Vulkan Loader] INFO:           Found manifest file /etc/vulkan/implicit_layer.d/nvidia_layers.json (file version 1.0.1)
[Vulkan Loader] INFO:           Found manifest file /home/hans/.local/share/vulkan/implicit_layer.d/steamoverlay_i386.json (file version 1.0.0)
[Vulkan Loader] INFO:           Found manifest file /home/hans/.local/share/vulkan/implicit_layer.d/steamoverlay_x86_64.json (file version 1.0.0)
[Vulkan Loader] INFO:           Found manifest file /home/hans/.local/share/vulkan/implicit_layer.d/steamfossilize_i386.json (file version 1.0.0)
[Vulkan Loader] INFO:           Found manifest file /home/hans/.local/share/vulkan/implicit_layer.d/steamfossilize_x86_64.json (file version 1.0.0)
[Vulkan Loader] INFO:           Found manifest file /usr/share/vulkan/implicit_layer.d/VkLayer_MESA_anti_lag.json (file version 1.2.1)
[Vulkan Loader] INFO:           Found manifest file /usr/share/vulkan/implicit_layer.d/MangoHud.x86_64.json (file version 1.0.0)
[Vulkan Loader] INFO:           Found manifest file /usr/share/vulkan/implicit_layer.d/MangoHud.x86.json (file version 1.0.0)
[Vulkan Loader] INFO:           Found manifest file /usr/share/vulkan/implicit_layer.d/VkLayer_MESA_device_select.json (file version 1.0.0)
[Vulkan Loader] INFO:           Found manifest file /usr/share/vulkan/implicit_layer.d/VkLayer_LSFGVK_frame_generation.json (file version 1.1.0)
[Vulkan Loader] LAYER:          Searching for explicit layer manifest files
[Vulkan Loader] LAYER:             In following locations:
[Vulkan Loader] LAYER:                /home/hans/.config/vulkan/explicit_layer.d
[Vulkan Loader] LAYER:                /home/hans/.config/kdedefaults/vulkan/explicit_layer.d
[Vulkan Loader] LAYER:                /etc/xdg/vulkan/explicit_layer.d
[Vulkan Loader] LAYER:                /etc/vulkan/explicit_layer.d
[Vulkan Loader] LAYER:                /home/hans/.local/share/vulkan/explicit_layer.d
[Vulkan Loader] LAYER:                /home/hans/.local/share/flatpak/exports/share/vulkan/explicit_layer.d
[Vulkan Loader] LAYER:                /var/lib/flatpak/exports/share/vulkan/explicit_layer.d
[Vulkan Loader] LAYER:                /usr/local/share/vulkan/explicit_layer.d
[Vulkan Loader] LAYER:                /usr/share/vulkan/explicit_layer.d
[Vulkan Loader] LAYER:                /etc/eselect/wine/share/vulkan/explicit_layer.d
[Vulkan Loader] LAYER:             Found the following files:
[Vulkan Loader] LAYER:                /usr/share/vulkan/explicit_layer.d/VkLayer_MESA_overlay.json
[Vulkan Loader] LAYER:                /usr/share/vulkan/explicit_layer.d/VkLayer_khronos_validation.json
[Vulkan Loader] INFO:           Found manifest file /usr/share/vulkan/explicit_layer.d/VkLayer_MESA_overlay.json (file version 1.0.0)
[Vulkan Loader] INFO:           Found manifest file /usr/share/vulkan/explicit_layer.d/VkLayer_khronos_validation.json (file version 1.2.0)
[Vulkan Loader] DRIVER:         Searching for driver manifest files
[Vulkan Loader] DRIVER:            In following locations:
[Vulkan Loader] DRIVER:               /home/hans/.config/vulkan/icd.d
[Vulkan Loader] DRIVER:               /home/hans/.config/kdedefaults/vulkan/icd.d
[Vulkan Loader] DRIVER:               /etc/xdg/vulkan/icd.d
[Vulkan Loader] DRIVER:               /etc/vulkan/icd.d
[Vulkan Loader] DRIVER:               /home/hans/.local/share/vulkan/icd.d
[Vulkan Loader] DRIVER:               /home/hans/.local/share/flatpak/exports/share/vulkan/icd.d
[Vulkan Loader] DRIVER:               /var/lib/flatpak/exports/share/vulkan/icd.d
[Vulkan Loader] DRIVER:               /usr/local/share/vulkan/icd.d
[Vulkan Loader] DRIVER:               /usr/share/vulkan/icd.d
[Vulkan Loader] DRIVER:               /etc/eselect/wine/share/vulkan/icd.d
[Vulkan Loader] DRIVER:            Found the following files:
[Vulkan Loader] DRIVER:               /etc/vulkan/icd.d/nvidia_icd.json
[Vulkan Loader] DRIVER:               /usr/share/vulkan/icd.d/intel_icd.i686.json
[Vulkan Loader] DRIVER:               /usr/share/vulkan/icd.d/intel_hasvk_icd.i686.json
[Vulkan Loader] DRIVER:               /usr/share/vulkan/icd.d/radeon_icd.i686.json
[Vulkan Loader] DRIVER:               /usr/share/vulkan/icd.d/intel_icd.x86_64.json
[Vulkan Loader] DRIVER:               /usr/share/vulkan/icd.d/intel_hasvk_icd.x86_64.json
[Vulkan Loader] DRIVER:               /usr/share/vulkan/icd.d/radeon_icd.x86_64.json
[Vulkan Loader] DRIVER:         Found ICD manifest file /etc/vulkan/icd.d/nvidia_icd.json, version 1.0.1
[Vulkan Loader] DEBUG | DRIVER: Searching for ICD drivers named libGLX_nvidia.so.0
[Vulkan Loader] DRIVER:         Found ICD manifest file /usr/share/vulkan/icd.d/intel_icd.i686.json, version 1.0.1
[Vulkan Loader] DEBUG | DRIVER: Searching for ICD drivers named /usr/lib/libvulkan_intel.so
[Vulkan Loader] INFO:           loader_parse_icd_manifest: Driver library architecture doesn't match the current running architecture, skipping this driver
[Vulkan Loader] DRIVER:         Found ICD manifest file /usr/share/vulkan/icd.d/intel_hasvk_icd.i686.json, version 1.0.1
[Vulkan Loader] DEBUG | DRIVER: Searching for ICD drivers named /usr/lib/libvulkan_intel_hasvk.so
[Vulkan Loader] INFO:           loader_parse_icd_manifest: Driver library architecture doesn't match the current running architecture, skipping this driver
[Vulkan Loader] DRIVER:         Found ICD manifest file /usr/share/vulkan/icd.d/radeon_icd.i686.json, version 1.0.1
[Vulkan Loader] DEBUG | DRIVER: Searching for ICD drivers named /usr/lib/libvulkan_radeon.so
[Vulkan Loader] INFO:           loader_parse_icd_manifest: Driver library architecture doesn't match the current running architecture, skipping this driver
[Vulkan Loader] DRIVER:         Found ICD manifest file /usr/share/vulkan/icd.d/intel_icd.x86_64.json, version 1.0.1
[Vulkan Loader] DEBUG | DRIVER: Searching for ICD drivers named /usr/lib64/libvulkan_intel.so
[Vulkan Loader] DRIVER:         Found ICD manifest file /usr/share/vulkan/icd.d/intel_hasvk_icd.x86_64.json, version 1.0.1
[Vulkan Loader] DEBUG | DRIVER: Searching for ICD drivers named /usr/lib64/libvulkan_intel_hasvk.so
[Vulkan Loader] DRIVER:         Found ICD manifest file /usr/share/vulkan/icd.d/radeon_icd.x86_64.json, version 1.0.1
[Vulkan Loader] DEBUG | DRIVER: Searching for ICD drivers named /usr/lib64/libvulkan_radeon.so
[Vulkan Loader] DEBUG | LAYER:  Loading layer library /usr/share/vulkan/implicit_layer.d/../../../lib/liblsfg-vk-layer.so
[Vulkan Loader] ERROR | LAYER:  loader_create_instance_chain: Failed to find 'vkGetInstanceProcAddr' in layer "/usr/share/vulkan/implicit_layer.d/../../../lib/liblsfg-vk-layer.so"
[Vulkan Loader] DEBUG | LAYER:  Loading layer library libVkLayer_MESA_device_select.so
[Vulkan Loader] INFO | LAYER:   Insert instance layer "VK_LAYER_MESA_device_select" (/usr/lib64/libVkLayer_MESA_device_select.so)
[Vulkan Loader] INFO:           /usr/lib/mangohud/lib32/libMangoHud.so: wrong ELF class: ELFCLASS32
[Vulkan Loader] DEBUG | LAYER:  Loading layer library /usr/lib/mangohud/lib64/libMangoHud.so
[Vulkan Loader] INFO | LAYER:   Insert instance layer "VK_LAYER_MANGOHUD_overlay_x86_64" (/usr/lib/mangohud/lib64/libMangoHud.so)
[Vulkan Loader] INFO | LAYER:   Requested layer "VK_LAYER_MANGOHUD_overlay_x86" was wrong bit-type.
[Vulkan Loader] INFO | LAYER:   Shouldn't reach this. A valid version of requested layer VK_LAYER_LSFGVK_frame_generation was loaded but was not found in the list of activated layers.
[2026-02-09 18:10:34.183] [MANGOHUD] [info] [blacklist.cpp:83] process 'RSI Launcher.exe' is blacklisted in MangoHud
[Vulkan Loader] LAYER:          vkCreateInstance layer callstack setup to:
[Vulkan Loader] LAYER:             <Application>
[Vulkan Loader] LAYER:               ||
[Vulkan Loader] LAYER:             <Loader>
[Vulkan Loader] LAYER:               ||
[Vulkan Loader] LAYER:             VK_LAYER_MANGOHUD_overlay_x86_64
[Vulkan Loader] LAYER:                     Type: Implicit
[Vulkan Loader] LAYER:                     Enabled By: Implicit Layer
[Vulkan Loader] LAYER:                         Disable Env Var:  DISABLE_MANGOHUD
[Vulkan Loader] LAYER:                         This layer was enabled because Env Var MANGOHUD was set to Value 1
[Vulkan Loader] LAYER:                     Manifest: /usr/share/vulkan/implicit_layer.d/MangoHud.x86_64.json
[Vulkan Loader] LAYER:                     Library:  /usr/lib/mangohud/lib64/libMangoHud.so
[Vulkan Loader] LAYER:               ||
[Vulkan Loader] LAYER:             VK_LAYER_MESA_device_select
[Vulkan Loader] LAYER:                     Type: Implicit
[Vulkan Loader] LAYER:                     Enabled By: Implicit Layer
[Vulkan Loader] LAYER:                         Disable Env Var:  NODEVICE_SELECT
[Vulkan Loader] LAYER:                     Manifest: /usr/share/vulkan/implicit_layer.d/VkLayer_MESA_device_select.json
[Vulkan Loader] LAYER:                     Library:  /usr/lib64/libVkLayer_MESA_device_select.so
[Vulkan Loader] LAYER:               ||
[Vulkan Loader] LAYER:             <Drivers>
[Vulkan Loader] INFO | DRIVER:  linux_read_sorted_physical_devices:
[Vulkan Loader] INFO | DRIVER:       Original order:
[Vulkan Loader] INFO | DRIVER:             [0] NVIDIA GeForce RTX 4080
[Vulkan Loader] INFO | DRIVER:       Sorted order:
[Vulkan Loader] INFO | DRIVER:             [0] NVIDIA GeForce RTX 4080  
[Vulkan Loader] INFO | DRIVER:  linux_read_sorted_physical_devices:
[Vulkan Loader] INFO | DRIVER:       Original order:
[Vulkan Loader] INFO | DRIVER:             [0] NVIDIA GeForce RTX 4080
[Vulkan Loader] INFO | DRIVER:       Sorted order:
[Vulkan Loader] INFO | DRIVER:             [0] NVIDIA GeForce RTX 4080  
[Vulkan Loader] DEBUG | DRIVER: Copying old device 0 into new device 0
[Vulkan Loader] INFO | DRIVER:  linux_read_sorted_physical_devices:
[Vulkan Loader] INFO | DRIVER:       Original order:
[Vulkan Loader] INFO | DRIVER:             [0] NVIDIA GeForce RTX 4080
[Vulkan Loader] INFO | DRIVER:       Sorted order:
[Vulkan Loader] INFO | DRIVER:             [0] NVIDIA GeForce RTX 4080  
[Vulkan Loader] DEBUG | DRIVER: Copying old device 0 into new device 0
[Vulkan Loader] INFO | DRIVER:  linux_read_sorted_physical_devices:
[Vulkan Loader] INFO | DRIVER:       Original order:
[Vulkan Loader] INFO | DRIVER:             [0] NVIDIA GeForce RTX 4080
[Vulkan Loader] INFO | DRIVER:       Sorted order:
[Vulkan Loader] INFO | DRIVER:             [0] NVIDIA GeForce RTX 4080  
[Vulkan Loader] DEBUG | DRIVER: Copying old device 0 into new device 0
[Vulkan Loader] INFO | DRIVER:  linux_read_sorted_physical_devices:
[Vulkan Loader] INFO | DRIVER:       Original order:
[Vulkan Loader] INFO | DRIVER:             [0] NVIDIA GeForce RTX 4080
[Vulkan Loader] INFO | DRIVER:       Sorted order:
[Vulkan Loader] INFO | DRIVER:             [0] NVIDIA GeForce RTX 4080  
[Vulkan Loader] DEBUG | DRIVER: Copying old device 0 into new device 0
[Vulkan Loader] INFO | DRIVER:  linux_read_sorted_physical_devices:
[Vulkan Loader] INFO | DRIVER:       Original order:
[Vulkan Loader] INFO | DRIVER:             [0] NVIDIA GeForce RTX 4080
[Vulkan Loader] INFO | DRIVER:       Sorted order:
[Vulkan Loader] INFO | DRIVER:             [0] NVIDIA GeForce RTX 4080  
[Vulkan Loader] DEBUG | DRIVER: Copying old device 0 into new device 0
[Vulkan Loader] INFO | DRIVER:  linux_read_sorted_physical_devices:
[Vulkan Loader] INFO | DRIVER:       Original order:
[Vulkan Loader] INFO | DRIVER:             [0] NVIDIA GeForce RTX 4080
[Vulkan Loader] INFO | DRIVER:       Sorted order:
[Vulkan Loader] INFO | DRIVER:             [0] NVIDIA GeForce RTX 4080  
[Vulkan Loader] DEBUG | DRIVER: Copying old device 0 into new device 0
[Vulkan Loader] INFO | DRIVER:  linux_read_sorted_physical_devices:
[Vulkan Loader] INFO | DRIVER:       Original order:
[Vulkan Loader] INFO | DRIVER:             [0] NVIDIA GeForce RTX 4080
[Vulkan Loader] INFO | DRIVER:       Sorted order:
[Vulkan Loader] INFO | DRIVER:             [0] NVIDIA GeForce RTX 4080  
[Vulkan Loader] DEBUG | DRIVER: Copying old device 0 into new device 0
[Vulkan Loader] INFO | DRIVER:  Removing driver /usr/lib64/libvulkan_radeon.so due to not having any physical devices
[Vulkan Loader] INFO | DRIVER:  Removing driver /usr/lib64/libvulkan_intel_hasvk.so due to not having any physical devices
[Vulkan Loader] INFO | DRIVER:  Removing driver /usr/lib64/libvulkan_intel.so due to not having any physical devices
0024:fixme:dxcore:dxcore_adapter_factory_CreateAdapterList iface 00006FFFFD234030, num_attributes 1, filter_attributes 00007FFFFE8FBFE0, riid {526c7776-40e9-459b-b711-f32ad76dfc28}, out 00007FFFFE8FBEF0 semi-stub!
libEGL warning: pci id for fd 232: 10de:2704, driver (null)

pci id for fd 233: 10de:2704, driver (null)
kmsro: driver missing
libEGL warning: egl: failed to create dri2 screen
libEGL warning: pci id for fd 232: 10de:2704, driver (null)

pci id for fd 233: 10de:2704, driver (null)
kmsro: driver missing
libEGL warning: egl: failed to create dri2 screen
libEGL warning: pci id for fd 232: 10de:2704, driver (null)

0024:fixme:dxcore:dxcore_adapter_GetProperty Returning all adapters as Hardware.
0024:fixme:dxcore:dxcore_adapter_IsAttributeSupported iface 00007F04CF816650, attribute {0c9ece4d-2f6e-4f01-8c96-e89e331b47b1} stub!
0024:fixme:dxcore:dxcore_adapter_IsAttributeSupported iface 00007F04CF816650, attribute {8c47866b-7583-450d-f0f0-6bada895af4b} stub!
01a8:fixme:dxcore:dxcore_adapter_GetProperty Returning all adapters as Hardware.
01a8:fixme:dxcore:dxcore_adapter_IsAttributeSupported iface 00007F04CF816650, attribute {0c9ece4d-2f6e-4f01-8c96-e89e331b47b1} stub!
01a8:fixme:dxcore:dxcore_adapter_IsAttributeSupported iface 00007F04CF816650, attribute {8c47866b-7583-450d-f0f0-6bada895af4b} stub!
[Vulkan Loader] INFO:           No valid vk_loader_settings.json file found, no loader settings will be active
[Vulkan Loader] LAYER:          Searching for implicit layer manifest files
[Vulkan Loader] LAYER:             In following locations:
[Vulkan Loader] LAYER:                /home/hans/.config/vulkan/implicit_layer.d
[Vulkan Loader] LAYER:                /home/hans/.config/kdedefaults/vulkan/implicit_layer.d
[Vulkan Loader] LAYER:                /etc/xdg/vulkan/implicit_layer.d
[Vulkan Loader] LAYER:                /etc/vulkan/implicit_layer.d
[Vulkan Loader] LAYER:                /home/hans/.local/share/vulkan/implicit_layer.d
[Vulkan Loader] LAYER:                /home/hans/.local/share/flatpak/exports/share/vulkan/implicit_layer.d
[Vulkan Loader] LAYER:                /var/lib/flatpak/exports/share/vulkan/implicit_layer.d
[Vulkan Loader] LAYER:                /usr/local/share/vulkan/implicit_layer.d
[Vulkan Loader] LAYER:                /usr/share/vulkan/implicit_layer.d
[Vulkan Loader] LAYER:                /etc/eselect/wine/share/vulkan/implicit_layer.d
[Vulkan Loader] LAYER:             Found the following files:
[Vulkan Loader] LAYER:                /etc/vulkan/implicit_layer.d/nvidia_layers.json
[Vulkan Loader] LAYER:                /home/hans/.local/share/vulkan/implicit_layer.d/steamoverlay_i386.json
[Vulkan Loader] LAYER:                /home/hans/.local/share/vulkan/implicit_layer.d/steamoverlay_x86_64.json
[Vulkan Loader] LAYER:                /home/hans/.local/share/vulkan/implicit_layer.d/steamfossilize_i386.json
[Vulkan Loader] LAYER:                /home/hans/.local/share/vulkan/implicit_layer.d/steamfossilize_x86_64.json
[Vulkan Loader] LAYER:                /usr/share/vulkan/implicit_layer.d/VkLayer_MESA_anti_lag.json
[Vulkan Loader] LAYER:                /usr/share/vulkan/implicit_layer.d/MangoHud.x86_64.json
[Vulkan Loader] LAYER:                /usr/share/vulkan/implicit_layer.d/MangoHud.x86.json
[Vulkan Loader] LAYER:                /usr/share/vulkan/implicit_layer.d/VkLayer_MESA_device_select.json
[Vulkan Loader] LAYER:                /usr/share/vulkan/implicit_layer.d/VkLayer_LSFGVK_frame_generation.json
[Vulkan Loader] INFO:           Found manifest file /etc/vulkan/implicit_layer.d/nvidia_layers.json (file version 1.0.1)
[Vulkan Loader] INFO:           Found manifest file /home/hans/.local/share/vulkan/implicit_layer.d/steamoverlay_i386.json (file version 1.0.0)
[Vulkan Loader] INFO:           Found manifest file /home/hans/.local/share/vulkan/implicit_layer.d/steamoverlay_x86_64.json (file version 1.0.0)
[Vulkan Loader] INFO:           Found manifest file /home/hans/.local/share/vulkan/implicit_layer.d/steamfossilize_i386.json (file version 1.0.0)
[Vulkan Loader] INFO:           Found manifest file /home/hans/.local/share/vulkan/implicit_layer.d/steamfossilize_x86_64.json (file version 1.0.0)
[Vulkan Loader] INFO:           Found manifest file /usr/share/vulkan/implicit_layer.d/VkLayer_MESA_anti_lag.json (file version 1.2.1)
[Vulkan Loader] INFO:           Found manifest file /usr/share/vulkan/implicit_layer.d/MangoHud.x86_64.json (file version 1.0.0)
[Vulkan Loader] INFO:           Found manifest file /usr/share/vulkan/implicit_layer.d/MangoHud.x86.json (file version 1.0.0)
[Vulkan Loader] INFO:           Found manifest file /usr/share/vulkan/implicit_layer.d/VkLayer_MESA_device_select.json (file version 1.0.0)
[Vulkan Loader] INFO:           Found manifest file /usr/share/vulkan/implicit_layer.d/VkLayer_LSFGVK_frame_generation.json (file version 1.1.0)
[Vulkan Loader] DRIVER:         Searching for driver manifest files
[Vulkan Loader] DRIVER:            In following locations:
[Vulkan Loader] DRIVER:               /home/hans/.config/vulkan/icd.d
[Vulkan Loader] DRIVER:               /home/hans/.config/kdedefaults/vulkan/icd.d
[Vulkan Loader] DRIVER:               /etc/xdg/vulkan/icd.d
[Vulkan Loader] DRIVER:               /etc/vulkan/icd.d
[Vulkan Loader] DRIVER:               /home/hans/.local/share/vulkan/icd.d
[Vulkan Loader] DRIVER:               /home/hans/.local/share/flatpak/exports/share/vulkan/icd.d
[Vulkan Loader] DRIVER:               /var/lib/flatpak/exports/share/vulkan/icd.d
[Vulkan Loader] DRIVER:               /usr/local/share/vulkan/icd.d
[Vulkan Loader] DRIVER:               /usr/share/vulkan/icd.d
[Vulkan Loader] DRIVER:               /etc/eselect/wine/share/vulkan/icd.d
[Vulkan Loader] DRIVER:            Found the following files:
[Vulkan Loader] DRIVER:               /etc/vulkan/icd.d/nvidia_icd.json
[Vulkan Loader] DRIVER:               /usr/share/vulkan/icd.d/intel_icd.i686.json
[Vulkan Loader] DRIVER:               /usr/share/vulkan/icd.d/intel_hasvk_icd.i686.json
[Vulkan Loader] DRIVER:               /usr/share/vulkan/icd.d/radeon_icd.i686.json
[Vulkan Loader] DRIVER:               /usr/share/vulkan/icd.d/intel_icd.x86_64.json
[Vulkan Loader] DRIVER:               /usr/share/vulkan/icd.d/intel_hasvk_icd.x86_64.json
[Vulkan Loader] DRIVER:               /usr/share/vulkan/icd.d/radeon_icd.x86_64.json
[Vulkan Loader] DRIVER:         Found ICD manifest file /etc/vulkan/icd.d/nvidia_icd.json, version 1.0.1
[Vulkan Loader] DEBUG | DRIVER: Searching for ICD drivers named libGLX_nvidia.so.0
[Vulkan Loader] DRIVER:         Found ICD manifest file /usr/share/vulkan/icd.d/intel_icd.i686.json, version 1.0.1
[Vulkan Loader] DEBUG | DRIVER: Searching for ICD drivers named /usr/lib/libvulkan_intel.so
[Vulkan Loader] INFO:           loader_parse_icd_manifest: Driver library architecture doesn't match the current running architecture, skipping this driver
[Vulkan Loader] DRIVER:         Found ICD manifest file /usr/share/vulkan/icd.d/intel_hasvk_icd.i686.json, version 1.0.1
[Vulkan Loader] DEBUG | DRIVER: Searching for ICD drivers named /usr/lib/libvulkan_intel_hasvk.so
[Vulkan Loader] INFO:           loader_parse_icd_manifest: Driver library architecture doesn't match the current running architecture, skipping this driver
[Vulkan Loader] DRIVER:         Found ICD manifest file /usr/share/vulkan/icd.d/radeon_icd.i686.json, version 1.0.1
[Vulkan Loader] DEBUG | DRIVER: Searching for ICD drivers named /usr/lib/libvulkan_radeon.so
[Vulkan Loader] INFO:           loader_parse_icd_manifest: Driver library architecture doesn't match the current running architecture, skipping this driver
[Vulkan Loader] DRIVER:         Found ICD manifest file /usr/share/vulkan/icd.d/intel_icd.x86_64.json, version 1.0.1
[Vulkan Loader] DEBUG | DRIVER: Searching for ICD drivers named /usr/lib64/libvulkan_intel.so
[Vulkan Loader] DRIVER:         Found ICD manifest file /usr/share/vulkan/icd.d/intel_hasvk_icd.x86_64.json, version 1.0.1
[Vulkan Loader] DEBUG | DRIVER: Searching for ICD drivers named /usr/lib64/libvulkan_intel_hasvk.so
[Vulkan Loader] DRIVER:         Found ICD manifest file /usr/share/vulkan/icd.d/radeon_icd.x86_64.json, version 1.0.1
[Vulkan Loader] DEBUG | DRIVER: Searching for ICD drivers named /usr/lib64/libvulkan_radeon.so
[Vulkan Loader] LAYER:          Searching for implicit layer manifest files
[Vulkan Loader] LAYER:             In following locations:
[Vulkan Loader] LAYER:                /home/hans/.config/vulkan/implicit_layer.d
[Vulkan Loader] LAYER:                /home/hans/.config/kdedefaults/vulkan/implicit_layer.d
[Vulkan Loader] LAYER:                /etc/xdg/vulkan/implicit_layer.d
[Vulkan Loader] LAYER:                /etc/vulkan/implicit_layer.d
[Vulkan Loader] LAYER:                /home/hans/.local/share/vulkan/implicit_layer.d
[Vulkan Loader] LAYER:                /home/hans/.local/share/flatpak/exports/share/vulkan/implicit_layer.d
[Vulkan Loader] LAYER:                /var/lib/flatpak/exports/share/vulkan/implicit_layer.d
[Vulkan Loader] LAYER:                /usr/local/share/vulkan/implicit_layer.d
[Vulkan Loader] LAYER:                /usr/share/vulkan/implicit_layer.d
[Vulkan Loader] LAYER:                /etc/eselect/wine/share/vulkan/implicit_layer.d
[Vulkan Loader] LAYER:             Found the following files:
[Vulkan Loader] LAYER:                /etc/vulkan/implicit_layer.d/nvidia_layers.json
[Vulkan Loader] LAYER:                /home/hans/.local/share/vulkan/implicit_layer.d/steamoverlay_i386.json
[Vulkan Loader] LAYER:                /home/hans/.local/share/vulkan/implicit_layer.d/steamoverlay_x86_64.json
[Vulkan Loader] LAYER:                /home/hans/.local/share/vulkan/implicit_layer.d/steamfossilize_i386.json
[Vulkan Loader] LAYER:                /home/hans/.local/share/vulkan/implicit_layer.d/steamfossilize_x86_64.json
[Vulkan Loader] LAYER:                /usr/share/vulkan/implicit_layer.d/VkLayer_MESA_anti_lag.json
[Vulkan Loader] LAYER:                /usr/share/vulkan/implicit_layer.d/MangoHud.x86_64.json
[Vulkan Loader] LAYER:                /usr/share/vulkan/implicit_layer.d/MangoHud.x86.json
[Vulkan Loader] LAYER:                /usr/share/vulkan/implicit_layer.d/VkLayer_MESA_device_select.json
[Vulkan Loader] LAYER:                /usr/share/vulkan/implicit_layer.d/VkLayer_LSFGVK_frame_generation.json
[Vulkan Loader] INFO:           Found manifest file /etc/vulkan/implicit_layer.d/nvidia_layers.json (file version 1.0.1)
[Vulkan Loader] INFO:           Found manifest file /home/hans/.local/share/vulkan/implicit_layer.d/steamoverlay_i386.json (file version 1.0.0)
[Vulkan Loader] INFO:           Found manifest file /home/hans/.local/share/vulkan/implicit_layer.d/steamoverlay_x86_64.json (file version 1.0.0)
[Vulkan Loader] INFO:           Found manifest file /home/hans/.local/share/vulkan/implicit_layer.d/steamfossilize_i386.json (file version 1.0.0)
[Vulkan Loader] INFO:           Found manifest file /home/hans/.local/share/vulkan/implicit_layer.d/steamfossilize_x86_64.json (file version 1.0.0)
[Vulkan Loader] INFO:           Found manifest file /usr/share/vulkan/implicit_layer.d/VkLayer_MESA_anti_lag.json (file version 1.2.1)
[Vulkan Loader] INFO:           Found manifest file /usr/share/vulkan/implicit_layer.d/MangoHud.x86_64.json (file version 1.0.0)
[Vulkan Loader] INFO:           Found manifest file /usr/share/vulkan/implicit_layer.d/MangoHud.x86.json (file version 1.0.0)
[Vulkan Loader] INFO:           Found manifest file /usr/share/vulkan/implicit_layer.d/VkLayer_MESA_device_select.json (file version 1.0.0)
[Vulkan Loader] INFO:           Found manifest file /usr/share/vulkan/implicit_layer.d/VkLayer_LSFGVK_frame_generation.json (file version 1.1.0)
[Vulkan Loader] INFO:           No valid vk_loader_settings.json file found, no loader settings will be active
[Vulkan Loader] LAYER:          Searching for implicit layer manifest files
[Vulkan Loader] LAYER:             In following locations:
[Vulkan Loader] LAYER:                /home/hans/.config/vulkan/implicit_layer.d
[Vulkan Loader] LAYER:                /home/hans/.config/kdedefaults/vulkan/implicit_layer.d
[Vulkan Loader] LAYER:                /etc/xdg/vulkan/implicit_layer.d
[Vulkan Loader] LAYER:                /etc/vulkan/implicit_layer.d
[Vulkan Loader] LAYER:                /home/hans/.local/share/vulkan/implicit_layer.d
[Vulkan Loader] LAYER:                /home/hans/.local/share/flatpak/exports/share/vulkan/implicit_layer.d
[Vulkan Loader] LAYER:                /var/lib/flatpak/exports/share/vulkan/implicit_layer.d
[Vulkan Loader] LAYER:                /usr/local/share/vulkan/implicit_layer.d
[Vulkan Loader] LAYER:                /usr/share/vulkan/implicit_layer.d
[Vulkan Loader] LAYER:                /etc/eselect/wine/share/vulkan/implicit_layer.d
[Vulkan Loader] LAYER:             Found the following files:
[Vulkan Loader] LAYER:                /etc/vulkan/implicit_layer.d/nvidia_layers.json
[Vulkan Loader] LAYER:                /home/hans/.local/share/vulkan/implicit_layer.d/steamoverlay_i386.json
[Vulkan Loader] LAYER:                /home/hans/.local/share/vulkan/implicit_layer.d/steamoverlay_x86_64.json
[Vulkan Loader] LAYER:                /home/hans/.local/share/vulkan/implicit_layer.d/steamfossilize_i386.json
[Vulkan Loader] LAYER:                /home/hans/.local/share/vulkan/implicit_layer.d/steamfossilize_x86_64.json
[Vulkan Loader] LAYER:                /usr/share/vulkan/implicit_layer.d/VkLayer_MESA_anti_lag.json
[Vulkan Loader] LAYER:                /usr/share/vulkan/implicit_layer.d/MangoHud.x86_64.json
[Vulkan Loader] LAYER:                /usr/share/vulkan/implicit_layer.d/MangoHud.x86.json
[Vulkan Loader] LAYER:                /usr/share/vulkan/implicit_layer.d/VkLayer_MESA_device_select.json
[Vulkan Loader] LAYER:                /usr/share/vulkan/implicit_layer.d/VkLayer_LSFGVK_frame_generation.json
[Vulkan Loader] INFO:           Found manifest file /etc/vulkan/implicit_layer.d/nvidia_layers.json (file version 1.0.1)
[Vulkan Loader] INFO:           Found manifest file /home/hans/.local/share/vulkan/implicit_layer.d/steamoverlay_i386.json (file version 1.0.0)
[Vulkan Loader] INFO:           Found manifest file /home/hans/.local/share/vulkan/implicit_layer.d/steamoverlay_x86_64.json (file version 1.0.0)
[Vulkan Loader] INFO:           Found manifest file /home/hans/.local/share/vulkan/implicit_layer.d/steamfossilize_i386.json (file version 1.0.0)
[Vulkan Loader] INFO:           Found manifest file /home/hans/.local/share/vulkan/implicit_layer.d/steamfossilize_x86_64.json (file version 1.0.0)
[Vulkan Loader] INFO:           Found manifest file /usr/share/vulkan/implicit_layer.d/VkLayer_MESA_anti_lag.json (file version 1.2.1)
[Vulkan Loader] INFO:           Found manifest file /usr/share/vulkan/implicit_layer.d/MangoHud.x86_64.json (file version 1.0.0)
[Vulkan Loader] INFO:           Found manifest file /usr/share/vulkan/implicit_layer.d/MangoHud.x86.json (file version 1.0.0)
[Vulkan Loader] INFO:           Found manifest file /usr/share/vulkan/implicit_layer.d/VkLayer_MESA_device_select.json (file version 1.0.0)
[Vulkan Loader] INFO:           Found manifest file /usr/share/vulkan/implicit_layer.d/VkLayer_LSFGVK_frame_generation.json (file version 1.1.0)
[Vulkan Loader] DRIVER:         Searching for driver manifest files
[Vulkan Loader] DRIVER:            In following locations:
[Vulkan Loader] DRIVER:               /home/hans/.config/vulkan/icd.d
[Vulkan Loader] DRIVER:               /home/hans/.config/kdedefaults/vulkan/icd.d
[Vulkan Loader] DRIVER:               /etc/xdg/vulkan/icd.d
[Vulkan Loader] DRIVER:               /etc/vulkan/icd.d
[Vulkan Loader] DRIVER:               /home/hans/.local/share/vulkan/icd.d
[Vulkan Loader] DRIVER:               /home/hans/.local/share/flatpak/exports/share/vulkan/icd.d
[Vulkan Loader] DRIVER:               /var/lib/flatpak/exports/share/vulkan/icd.d
[Vulkan Loader] DRIVER:               /usr/local/share/vulkan/icd.d
[Vulkan Loader] DRIVER:               /usr/share/vulkan/icd.d
[Vulkan Loader] DRIVER:               /etc/eselect/wine/share/vulkan/icd.d
[Vulkan Loader] DRIVER:            Found the following files:
[Vulkan Loader] DRIVER:               /etc/vulkan/icd.d/nvidia_icd.json
[Vulkan Loader] DRIVER:               /usr/share/vulkan/icd.d/intel_icd.i686.json
[Vulkan Loader] DRIVER:               /usr/share/vulkan/icd.d/intel_hasvk_icd.i686.json
[Vulkan Loader] DRIVER:               /usr/share/vulkan/icd.d/radeon_icd.i686.json
[Vulkan Loader] DRIVER:               /usr/share/vulkan/icd.d/intel_icd.x86_64.json
[Vulkan Loader] DRIVER:               /usr/share/vulkan/icd.d/intel_hasvk_icd.x86_64.json
[Vulkan Loader] DRIVER:               /usr/share/vulkan/icd.d/radeon_icd.x86_64.json
[Vulkan Loader] DRIVER:         Found ICD manifest file /etc/vulkan/icd.d/nvidia_icd.json, version 1.0.1
[Vulkan Loader] DEBUG | DRIVER: Searching for ICD drivers named libGLX_nvidia.so.0
[Vulkan Loader] DRIVER:         Found ICD manifest file /usr/share/vulkan/icd.d/intel_icd.i686.json, version 1.0.1
[Vulkan Loader] DEBUG | DRIVER: Searching for ICD drivers named /usr/lib/libvulkan_intel.so
[Vulkan Loader] INFO:           loader_parse_icd_manifest: Driver library architecture doesn't match the current running architecture, skipping this driver
[Vulkan Loader] DRIVER:         Found ICD manifest file /usr/share/vulkan/icd.d/intel_hasvk_icd.i686.json, version 1.0.1
[Vulkan Loader] DEBUG | DRIVER: Searching for ICD drivers named /usr/lib/libvulkan_intel_hasvk.so
[Vulkan Loader] INFO:           loader_parse_icd_manifest: Driver library architecture doesn't match the current running architecture, skipping this driver
[Vulkan Loader] DRIVER:         Found ICD manifest file /usr/share/vulkan/icd.d/radeon_icd.i686.json, version 1.0.1
[Vulkan Loader] DEBUG | DRIVER: Searching for ICD drivers named /usr/lib/libvulkan_radeon.so
[Vulkan Loader] INFO:           loader_parse_icd_manifest: Driver library architecture doesn't match the current running architecture, skipping this driver
[Vulkan Loader] DRIVER:         Found ICD manifest file /usr/share/vulkan/icd.d/intel_icd.x86_64.json, version 1.0.1
[Vulkan Loader] DEBUG | DRIVER: Searching for ICD drivers named /usr/lib64/libvulkan_intel.so
[Vulkan Loader] DRIVER:         Found ICD manifest file /usr/share/vulkan/icd.d/intel_hasvk_icd.x86_64.json, version 1.0.1
[Vulkan Loader] DEBUG | DRIVER: Searching for ICD drivers named /usr/lib64/libvulkan_intel_hasvk.so
[Vulkan Loader] DRIVER:         Found ICD manifest file /usr/share/vulkan/icd.d/radeon_icd.x86_64.json, version 1.0.1
[Vulkan Loader] DEBUG | DRIVER: Searching for ICD drivers named /usr/lib64/libvulkan_radeon.so
[Vulkan Loader] LAYER:          Searching for implicit layer manifest files
[Vulkan Loader] LAYER:             In following locations:
[Vulkan Loader] LAYER:                /home/hans/.config/vulkan/implicit_layer.d
[Vulkan Loader] LAYER:                /home/hans/.config/kdedefaults/vulkan/implicit_layer.d
[Vulkan Loader] LAYER:                /etc/xdg/vulkan/implicit_layer.d
[Vulkan Loader] LAYER:                /etc/vulkan/implicit_layer.d
[Vulkan Loader] LAYER:                /home/hans/.local/share/vulkan/implicit_layer.d
[Vulkan Loader] LAYER:                /home/hans/.local/share/flatpak/exports/share/vulkan/implicit_layer.d
[Vulkan Loader] LAYER:                /var/lib/flatpak/exports/share/vulkan/implicit_layer.d
[Vulkan Loader] LAYER:                /usr/local/share/vulkan/implicit_layer.d
[Vulkan Loader] LAYER:                /usr/share/vulkan/implicit_layer.d
[Vulkan Loader] LAYER:                /etc/eselect/wine/share/vulkan/implicit_layer.d
[Vulkan Loader] LAYER:             Found the following files:
[Vulkan Loader] LAYER:                /etc/vulkan/implicit_layer.d/nvidia_layers.json
[Vulkan Loader] LAYER:                /home/hans/.local/share/vulkan/implicit_layer.d/steamoverlay_i386.json
[Vulkan Loader] LAYER:                /home/hans/.local/share/vulkan/implicit_layer.d/steamoverlay_x86_64.json
[Vulkan Loader] LAYER:                /home/hans/.local/share/vulkan/implicit_layer.d/steamfossilize_i386.json
[Vulkan Loader] LAYER:                /home/hans/.local/share/vulkan/implicit_layer.d/steamfossilize_x86_64.json
[Vulkan Loader] LAYER:                /usr/share/vulkan/implicit_layer.d/VkLayer_MESA_anti_lag.json
[Vulkan Loader] LAYER:                /usr/share/vulkan/implicit_layer.d/MangoHud.x86_64.json
[Vulkan Loader] LAYER:                /usr/share/vulkan/implicit_layer.d/MangoHud.x86.json
[Vulkan Loader] LAYER:                /usr/share/vulkan/implicit_layer.d/VkLayer_MESA_device_select.json
[Vulkan Loader] LAYER:                /usr/share/vulkan/implicit_layer.d/VkLayer_LSFGVK_frame_generation.json
[Vulkan Loader] INFO:           Found manifest file /etc/vulkan/implicit_layer.d/nvidia_layers.json (file version 1.0.1)
[Vulkan Loader] INFO:           Found manifest file /home/hans/.local/share/vulkan/implicit_layer.d/steamoverlay_i386.json (file version 1.0.0)
[Vulkan Loader] INFO:           Found manifest file /home/hans/.local/share/vulkan/implicit_layer.d/steamoverlay_x86_64.json (file version 1.0.0)
[Vulkan Loader] INFO:           Found manifest file /home/hans/.local/share/vulkan/implicit_layer.d/steamfossilize_i386.json (file version 1.0.0)
[Vulkan Loader] INFO:           Found manifest file /home/hans/.local/share/vulkan/implicit_layer.d/steamfossilize_x86_64.json (file version 1.0.0)
[Vulkan Loader] INFO:           Found manifest file /usr/share/vulkan/implicit_layer.d/VkLayer_MESA_anti_lag.json (file version 1.2.1)
[Vulkan Loader] INFO:           Found manifest file /usr/share/vulkan/implicit_layer.d/MangoHud.x86_64.json (file version 1.0.0)
[Vulkan Loader] INFO:           Found manifest file /usr/share/vulkan/implicit_layer.d/MangoHud.x86.json (file version 1.0.0)
[Vulkan Loader] INFO:           Found manifest file /usr/share/vulkan/implicit_layer.d/VkLayer_MESA_device_select.json (file version 1.0.0)
[Vulkan Loader] INFO:           Found manifest file /usr/share/vulkan/implicit_layer.d/VkLayer_LSFGVK_frame_generation.json (file version 1.1.0)
[Vulkan Loader] INFO:           No valid vk_loader_settings.json file found, no loader settings will be active
[Vulkan Loader] LAYER:          Searching for implicit layer manifest files
[Vulkan Loader] LAYER:             In following locations:
[Vulkan Loader] LAYER:                /home/hans/.config/vulkan/implicit_layer.d
[Vulkan Loader] LAYER:                /home/hans/.config/kdedefaults/vulkan/implicit_layer.d
[Vulkan Loader] LAYER:                /etc/xdg/vulkan/implicit_layer.d
[Vulkan Loader] LAYER:                /etc/vulkan/implicit_layer.d
[Vulkan Loader] LAYER:                /home/hans/.local/share/vulkan/implicit_layer.d
[Vulkan Loader] LAYER:                /home/hans/.local/share/flatpak/exports/share/vulkan/implicit_layer.d
[Vulkan Loader] LAYER:                /var/lib/flatpak/exports/share/vulkan/implicit_layer.d
[Vulkan Loader] LAYER:                /usr/local/share/vulkan/implicit_layer.d
[Vulkan Loader] LAYER:                /usr/share/vulkan/implicit_layer.d
[Vulkan Loader] LAYER:                /etc/eselect/wine/share/vulkan/implicit_layer.d
[Vulkan Loader] LAYER:             Found the following files:
[Vulkan Loader] LAYER:                /etc/vulkan/implicit_layer.d/nvidia_layers.json
[Vulkan Loader] LAYER:                /home/hans/.local/share/vulkan/implicit_layer.d/steamoverlay_i386.json
[Vulkan Loader] LAYER:                /home/hans/.local/share/vulkan/implicit_layer.d/steamoverlay_x86_64.json
[Vulkan Loader] LAYER:                /home/hans/.local/share/vulkan/implicit_layer.d/steamfossilize_i386.json
[Vulkan Loader] LAYER:                /home/hans/.local/share/vulkan/implicit_layer.d/steamfossilize_x86_64.json
[Vulkan Loader] LAYER:                /usr/share/vulkan/implicit_layer.d/VkLayer_MESA_anti_lag.json
[Vulkan Loader] LAYER:                /usr/share/vulkan/implicit_layer.d/MangoHud.x86_64.json
[Vulkan Loader] LAYER:                /usr/share/vulkan/implicit_layer.d/MangoHud.x86.json
[Vulkan Loader] LAYER:                /usr/share/vulkan/implicit_layer.d/VkLayer_MESA_device_select.json
[Vulkan Loader] LAYER:                /usr/share/vulkan/implicit_layer.d/VkLayer_LSFGVK_frame_generation.json
[Vulkan Loader] INFO:           Found manifest file /etc/vulkan/implicit_layer.d/nvidia_layers.json (file version 1.0.1)
[Vulkan Loader] INFO:           Found manifest file /home/hans/.local/share/vulkan/implicit_layer.d/steamoverlay_i386.json (file version 1.0.0)
[Vulkan Loader] INFO:           Found manifest file /home/hans/.local/share/vulkan/implicit_layer.d/steamoverlay_x86_64.json (file version 1.0.0)
[Vulkan Loader] INFO:           Found manifest file /home/hans/.local/share/vulkan/implicit_layer.d/steamfossilize_i386.json (file version 1.0.0)
[Vulkan Loader] INFO:           Found manifest file /home/hans/.local/share/vulkan/implicit_layer.d/steamfossilize_x86_64.json (file version 1.0.0)
[Vulkan Loader] INFO:           Found manifest file /usr/share/vulkan/implicit_layer.d/VkLayer_MESA_anti_lag.json (file version 1.2.1)
[Vulkan Loader] INFO:           Found manifest file /usr/share/vulkan/implicit_layer.d/MangoHud.x86_64.json (file version 1.0.0)
[Vulkan Loader] INFO:           Found manifest file /usr/share/vulkan/implicit_layer.d/MangoHud.x86.json (file version 1.0.0)
[Vulkan Loader] INFO:           Found manifest file /usr/share/vulkan/implicit_layer.d/VkLayer_MESA_device_select.json (file version 1.0.0)
[Vulkan Loader] INFO:           Found manifest file /usr/share/vulkan/implicit_layer.d/VkLayer_LSFGVK_frame_generation.json (file version 1.1.0)
[Vulkan Loader] DRIVER:         Searching for driver manifest files
[Vulkan Loader] DRIVER:            In following locations:
[Vulkan Loader] DRIVER:               /home/hans/.config/vulkan/icd.d
[Vulkan Loader] DRIVER:               /home/hans/.config/kdedefaults/vulkan/icd.d
[Vulkan Loader] DRIVER:               /etc/xdg/vulkan/icd.d
[Vulkan Loader] DRIVER:               /etc/vulkan/icd.d
[Vulkan Loader] DRIVER:               /home/hans/.local/share/vulkan/icd.d
[Vulkan Loader] DRIVER:               /home/hans/.local/share/flatpak/exports/share/vulkan/icd.d
[Vulkan Loader] DRIVER:               /var/lib/flatpak/exports/share/vulkan/icd.d
[Vulkan Loader] DRIVER:               /usr/local/share/vulkan/icd.d
[Vulkan Loader] DRIVER:               /usr/share/vulkan/icd.d
[Vulkan Loader] DRIVER:               /etc/eselect/wine/share/vulkan/icd.d
[Vulkan Loader] DRIVER:            Found the following files:
[Vulkan Loader] DRIVER:               /etc/vulkan/icd.d/nvidia_icd.json
[Vulkan Loader] DRIVER:               /usr/share/vulkan/icd.d/intel_icd.i686.json
[Vulkan Loader] DRIVER:               /usr/share/vulkan/icd.d/intel_hasvk_icd.i686.json
[Vulkan Loader] DRIVER:               /usr/share/vulkan/icd.d/radeon_icd.i686.json
[Vulkan Loader] DRIVER:               /usr/share/vulkan/icd.d/intel_icd.x86_64.json
[Vulkan Loader] DRIVER:               /usr/share/vulkan/icd.d/intel_hasvk_icd.x86_64.json
[Vulkan Loader] DRIVER:               /usr/share/vulkan/icd.d/radeon_icd.x86_64.json
[Vulkan Loader] DRIVER:         Found ICD manifest file /etc/vulkan/icd.d/nvidia_icd.json, version 1.0.1
[Vulkan Loader] DEBUG | DRIVER: Searching for ICD drivers named libGLX_nvidia.so.0
[Vulkan Loader] DRIVER:         Found ICD manifest file /usr/share/vulkan/icd.d/intel_icd.i686.json, version 1.0.1
[Vulkan Loader] DEBUG | DRIVER: Searching for ICD drivers named /usr/lib/libvulkan_intel.so
[Vulkan Loader] INFO:           loader_parse_icd_manifest: Driver library architecture doesn't match the current running architecture, skipping this driver
[Vulkan Loader] DRIVER:         Found ICD manifest file /usr/share/vulkan/icd.d/intel_hasvk_icd.i686.json, version 1.0.1
[Vulkan Loader] DEBUG | DRIVER: Searching for ICD drivers named /usr/lib/libvulkan_intel_hasvk.so
[Vulkan Loader] INFO:           loader_parse_icd_manifest: Driver library architecture doesn't match the current running architecture, skipping this driver
[Vulkan Loader] DRIVER:         Found ICD manifest file /usr/share/vulkan/icd.d/radeon_icd.i686.json, version 1.0.1
[Vulkan Loader] DEBUG | DRIVER: Searching for ICD drivers named /usr/lib/libvulkan_radeon.so
[Vulkan Loader] INFO:           loader_parse_icd_manifest: Driver library architecture doesn't match the current running architecture, skipping this driver
[Vulkan Loader] DRIVER:         Found ICD manifest file /usr/share/vulkan/icd.d/intel_icd.x86_64.json, version 1.0.1
[Vulkan Loader] DEBUG | DRIVER: Searching for ICD drivers named /usr/lib64/libvulkan_intel.so
[Vulkan Loader] DRIVER:         Found ICD manifest file /usr/share/vulkan/icd.d/intel_hasvk_icd.x86_64.json, version 1.0.1
[Vulkan Loader] DEBUG | DRIVER: Searching for ICD drivers named /usr/lib64/libvulkan_intel_hasvk.so
[Vulkan Loader] DRIVER:         Found ICD manifest file /usr/share/vulkan/icd.d/radeon_icd.x86_64.json, version 1.0.1
[Vulkan Loader] DEBUG | DRIVER: Searching for ICD drivers named /usr/lib64/libvulkan_radeon.so
[Vulkan Loader] LAYER:          Searching for implicit layer manifest files
[Vulkan Loader] LAYER:             In following locations:
[Vulkan Loader] LAYER:                /home/hans/.config/vulkan/implicit_layer.d
[Vulkan Loader] LAYER:                /home/hans/.config/kdedefaults/vulkan/implicit_layer.d
[Vulkan Loader] LAYER:                /etc/xdg/vulkan/implicit_layer.d
[Vulkan Loader] LAYER:                /etc/vulkan/implicit_layer.d
[Vulkan Loader] LAYER:                /home/hans/.local/share/vulkan/implicit_layer.d
[Vulkan Loader] LAYER:                /home/hans/.local/share/flatpak/exports/share/vulkan/implicit_layer.d
[Vulkan Loader] LAYER:                /var/lib/flatpak/exports/share/vulkan/implicit_layer.d
[Vulkan Loader] LAYER:                /usr/local/share/vulkan/implicit_layer.d
[Vulkan Loader] LAYER:                /usr/share/vulkan/implicit_layer.d
[Vulkan Loader] LAYER:                /etc/eselect/wine/share/vulkan/implicit_layer.d
[Vulkan Loader] LAYER:             Found the following files:
[Vulkan Loader] LAYER:                /etc/vulkan/implicit_layer.d/nvidia_layers.json
[Vulkan Loader] LAYER:                /home/hans/.local/share/vulkan/implicit_layer.d/steamoverlay_i386.json
[Vulkan Loader] LAYER:                /home/hans/.local/share/vulkan/implicit_layer.d/steamoverlay_x86_64.json
[Vulkan Loader] LAYER:                /home/hans/.local/share/vulkan/implicit_layer.d/steamfossilize_i386.json
[Vulkan Loader] LAYER:                /home/hans/.local/share/vulkan/implicit_layer.d/steamfossilize_x86_64.json
[Vulkan Loader] LAYER:                /usr/share/vulkan/implicit_layer.d/VkLayer_MESA_anti_lag.json
[Vulkan Loader] LAYER:                /usr/share/vulkan/implicit_layer.d/MangoHud.x86_64.json
[Vulkan Loader] LAYER:                /usr/share/vulkan/implicit_layer.d/MangoHud.x86.json
[Vulkan Loader] LAYER:                /usr/share/vulkan/implicit_layer.d/VkLayer_MESA_device_select.json
[Vulkan Loader] LAYER:                /usr/share/vulkan/implicit_layer.d/VkLayer_LSFGVK_frame_generation.json
[Vulkan Loader] INFO:           Found manifest file /etc/vulkan/implicit_layer.d/nvidia_layers.json (file version 1.0.1)
[Vulkan Loader] INFO:           Found manifest file /home/hans/.local/share/vulkan/implicit_layer.d/steamoverlay_i386.json (file version 1.0.0)
[Vulkan Loader] INFO:           Found manifest file /home/hans/.local/share/vulkan/implicit_layer.d/steamoverlay_x86_64.json (file version 1.0.0)
[Vulkan Loader] INFO:           Found manifest file /home/hans/.local/share/vulkan/implicit_layer.d/steamfossilize_i386.json (file version 1.0.0)
[Vulkan Loader] INFO:           Found manifest file /home/hans/.local/share/vulkan/implicit_layer.d/steamfossilize_x86_64.json (file version 1.0.0)
[Vulkan Loader] INFO:           Found manifest file /usr/share/vulkan/implicit_layer.d/VkLayer_MESA_anti_lag.json (file version 1.2.1)
[Vulkan Loader] INFO:           Found manifest file /usr/share/vulkan/implicit_layer.d/MangoHud.x86_64.json (file version 1.0.0)
[Vulkan Loader] INFO:           Found manifest file /usr/share/vulkan/implicit_layer.d/MangoHud.x86.json (file version 1.0.0)
[Vulkan Loader] INFO:           Found manifest file /usr/share/vulkan/implicit_layer.d/VkLayer_MESA_device_select.json (file version 1.0.0)
[Vulkan Loader] INFO:           Found manifest file /usr/share/vulkan/implicit_layer.d/VkLayer_LSFGVK_frame_generation.json (file version 1.1.0)
[Vulkan Loader] INFO:           No valid vk_loader_settings.json file found, no loader settings will be active
[Vulkan Loader] LAYER:          Searching for implicit layer manifest files
[Vulkan Loader] LAYER:             In following locations:
[Vulkan Loader] LAYER:                /home/hans/.config/vulkan/implicit_layer.d
[Vulkan Loader] LAYER:                /home/hans/.config/kdedefaults/vulkan/implicit_layer.d
[Vulkan Loader] LAYER:                /etc/xdg/vulkan/implicit_layer.d
[Vulkan Loader] LAYER:                /etc/vulkan/implicit_layer.d
[Vulkan Loader] LAYER:                /home/hans/.local/share/vulkan/implicit_layer.d
[Vulkan Loader] LAYER:                /home/hans/.local/share/flatpak/exports/share/vulkan/implicit_layer.d
[Vulkan Loader] LAYER:                /var/lib/flatpak/exports/share/vulkan/implicit_layer.d
[Vulkan Loader] LAYER:                /usr/local/share/vulkan/implicit_layer.d
[Vulkan Loader] LAYER:                /usr/share/vulkan/implicit_layer.d
[Vulkan Loader] LAYER:                /etc/eselect/wine/share/vulkan/implicit_layer.d
[Vulkan Loader] LAYER:             Found the following files:
[Vulkan Loader] LAYER:                /etc/vulkan/implicit_layer.d/nvidia_layers.json
[Vulkan Loader] LAYER:                /home/hans/.local/share/vulkan/implicit_layer.d/steamoverlay_i386.json
[Vulkan Loader] LAYER:                /home/hans/.local/share/vulkan/implicit_layer.d/steamoverlay_x86_64.json
[Vulkan Loader] LAYER:                /home/hans/.local/share/vulkan/implicit_layer.d/steamfossilize_i386.json
[Vulkan Loader] LAYER:                /home/hans/.local/share/vulkan/implicit_layer.d/steamfossilize_x86_64.json
[Vulkan Loader] LAYER:                /usr/share/vulkan/implicit_layer.d/VkLayer_MESA_anti_lag.json
[Vulkan Loader] LAYER:                /usr/share/vulkan/implicit_layer.d/MangoHud.x86_64.json
[Vulkan Loader] LAYER:                /usr/share/vulkan/implicit_layer.d/MangoHud.x86.json
[Vulkan Loader] LAYER:                /usr/share/vulkan/implicit_layer.d/VkLayer_MESA_device_select.json
[Vulkan Loader] LAYER:                /usr/share/vulkan/implicit_layer.d/VkLayer_LSFGVK_frame_generation.json
[Vulkan Loader] INFO:           Found manifest file /etc/vulkan/implicit_layer.d/nvidia_layers.json (file version 1.0.1)
[Vulkan Loader] INFO:           Found manifest file /home/hans/.local/share/vulkan/implicit_layer.d/steamoverlay_i386.json (file version 1.0.0)
[Vulkan Loader] INFO:           Found manifest file /home/hans/.local/share/vulkan/implicit_layer.d/steamoverlay_x86_64.json (file version 1.0.0)
[Vulkan Loader] INFO:           Found manifest file /home/hans/.local/share/vulkan/implicit_layer.d/steamfossilize_i386.json (file version 1.0.0)
[Vulkan Loader] INFO:           Found manifest file /home/hans/.local/share/vulkan/implicit_layer.d/steamfossilize_x86_64.json (file version 1.0.0)
[Vulkan Loader] INFO:           Found manifest file /usr/share/vulkan/implicit_layer.d/VkLayer_MESA_anti_lag.json (file version 1.2.1)
[Vulkan Loader] INFO:           Found manifest file /usr/share/vulkan/implicit_layer.d/MangoHud.x86_64.json (file version 1.0.0)
[Vulkan Loader] INFO:           Found manifest file /usr/share/vulkan/implicit_layer.d/MangoHud.x86.json (file version 1.0.0)
[Vulkan Loader] INFO:           Found manifest file /usr/share/vulkan/implicit_layer.d/VkLayer_MESA_device_select.json (file version 1.0.0)
[Vulkan Loader] INFO:           Found manifest file /usr/share/vulkan/implicit_layer.d/VkLayer_LSFGVK_frame_generation.json (file version 1.1.0)
[Vulkan Loader] DRIVER:         Searching for driver manifest files
[Vulkan Loader] DRIVER:            In following locations:
[Vulkan Loader] DRIVER:               /home/hans/.config/vulkan/icd.d
[Vulkan Loader] DRIVER:               /home/hans/.config/kdedefaults/vulkan/icd.d
[Vulkan Loader] DRIVER:               /etc/xdg/vulkan/icd.d
[Vulkan Loader] DRIVER:               /etc/vulkan/icd.d
[Vulkan Loader] DRIVER:               /home/hans/.local/share/vulkan/icd.d
[Vulkan Loader] DRIVER:               /home/hans/.local/share/flatpak/exports/share/vulkan/icd.d
[Vulkan Loader] DRIVER:               /var/lib/flatpak/exports/share/vulkan/icd.d
[Vulkan Loader] DRIVER:               /usr/local/share/vulkan/icd.d
[Vulkan Loader] DRIVER:               /usr/share/vulkan/icd.d
[Vulkan Loader] DRIVER:               /etc/eselect/wine/share/vulkan/icd.d
[Vulkan Loader] DRIVER:            Found the following files:
[Vulkan Loader] DRIVER:               /etc/vulkan/icd.d/nvidia_icd.json
[Vulkan Loader] DRIVER:               /usr/share/vulkan/icd.d/intel_icd.i686.json
[Vulkan Loader] DRIVER:               /usr/share/vulkan/icd.d/intel_hasvk_icd.i686.json
[Vulkan Loader] DRIVER:               /usr/share/vulkan/icd.d/radeon_icd.i686.json
[Vulkan Loader] DRIVER:               /usr/share/vulkan/icd.d/intel_icd.x86_64.json
[Vulkan Loader] DRIVER:               /usr/share/vulkan/icd.d/intel_hasvk_icd.x86_64.json
[Vulkan Loader] DRIVER:               /usr/share/vulkan/icd.d/radeon_icd.x86_64.json
[Vulkan Loader] DRIVER:         Found ICD manifest file /etc/vulkan/icd.d/nvidia_icd.json, version 1.0.1
[Vulkan Loader] DEBUG | DRIVER: Searching for ICD drivers named libGLX_nvidia.so.0
[Vulkan Loader] DRIVER:         Found ICD manifest file /usr/share/vulkan/icd.d/intel_icd.i686.json, version 1.0.1
[Vulkan Loader] DEBUG | DRIVER: Searching for ICD drivers named /usr/lib/libvulkan_intel.so
[Vulkan Loader] INFO:           loader_parse_icd_manifest: Driver library architecture doesn't match the current running architecture, skipping this driver
[Vulkan Loader] DRIVER:         Found ICD manifest file /usr/share/vulkan/icd.d/intel_hasvk_icd.i686.json, version 1.0.1
[Vulkan Loader] DEBUG | DRIVER: Searching for ICD drivers named /usr/lib/libvulkan_intel_hasvk.so
[Vulkan Loader] INFO:           loader_parse_icd_manifest: Driver library architecture doesn't match the current running architecture, skipping this driver
[Vulkan Loader] DRIVER:         Found ICD manifest file /usr/share/vulkan/icd.d/radeon_icd.i686.json, version 1.0.1
[Vulkan Loader] DEBUG | DRIVER: Searching for ICD drivers named /usr/lib/libvulkan_radeon.so
[Vulkan Loader] INFO:           loader_parse_icd_manifest: Driver library architecture doesn't match the current running architecture, skipping this driver
[Vulkan Loader] DRIVER:         Found ICD manifest file /usr/share/vulkan/icd.d/intel_icd.x86_64.json, version 1.0.1
[Vulkan Loader] DEBUG | DRIVER: Searching for ICD drivers named /usr/lib64/libvulkan_intel.so
[Vulkan Loader] DRIVER:         Found ICD manifest file /usr/share/vulkan/icd.d/intel_hasvk_icd.x86_64.json, version 1.0.1
[Vulkan Loader] DEBUG | DRIVER: Searching for ICD drivers named /usr/lib64/libvulkan_intel_hasvk.so
[Vulkan Loader] DRIVER:         Found ICD manifest file /usr/share/vulkan/icd.d/radeon_icd.x86_64.json, version 1.0.1
[Vulkan Loader] DEBUG | DRIVER: Searching for ICD drivers named /usr/lib64/libvulkan_radeon.so
[Vulkan Loader] LAYER:          Searching for implicit layer manifest files
[Vulkan Loader] LAYER:             In following locations:
[Vulkan Loader] LAYER:                /home/hans/.config/vulkan/implicit_layer.d
[Vulkan Loader] LAYER:                /home/hans/.config/kdedefaults/vulkan/implicit_layer.d
[Vulkan Loader] LAYER:                /etc/xdg/vulkan/implicit_layer.d
[Vulkan Loader] LAYER:                /etc/vulkan/implicit_layer.d
[Vulkan Loader] LAYER:                /home/hans/.local/share/vulkan/implicit_layer.d
[Vulkan Loader] LAYER:                /home/hans/.local/share/flatpak/exports/share/vulkan/implicit_layer.d
[Vulkan Loader] LAYER:                /var/lib/flatpak/exports/share/vulkan/implicit_layer.d
[Vulkan Loader] LAYER:                /usr/local/share/vulkan/implicit_layer.d
[Vulkan Loader] LAYER:                /usr/share/vulkan/implicit_layer.d
[Vulkan Loader] LAYER:                /etc/eselect/wine/share/vulkan/implicit_layer.d
[Vulkan Loader] LAYER:             Found the following files:
[Vulkan Loader] LAYER:                /etc/vulkan/implicit_layer.d/nvidia_layers.json
[Vulkan Loader] LAYER:                /home/hans/.local/share/vulkan/implicit_layer.d/steamoverlay_i386.json
[Vulkan Loader] LAYER:                /home/hans/.local/share/vulkan/implicit_layer.d/steamoverlay_x86_64.json
[Vulkan Loader] LAYER:                /home/hans/.local/share/vulkan/implicit_layer.d/steamfossilize_i386.json
[Vulkan Loader] LAYER:                /home/hans/.local/share/vulkan/implicit_layer.d/steamfossilize_x86_64.json
[Vulkan Loader] LAYER:                /usr/share/vulkan/implicit_layer.d/VkLayer_MESA_anti_lag.json
[Vulkan Loader] LAYER:                /usr/share/vulkan/implicit_layer.d/MangoHud.x86_64.json
[Vulkan Loader] LAYER:                /usr/share/vulkan/implicit_layer.d/MangoHud.x86.json
[Vulkan Loader] LAYER:                /usr/share/vulkan/implicit_layer.d/VkLayer_MESA_device_select.json
[Vulkan Loader] LAYER:                /usr/share/vulkan/implicit_layer.d/VkLayer_LSFGVK_frame_generation.json
[Vulkan Loader] INFO:           Found manifest file /etc/vulkan/implicit_layer.d/nvidia_layers.json (file version 1.0.1)
[Vulkan Loader] INFO:           Found manifest file /home/hans/.local/share/vulkan/implicit_layer.d/steamoverlay_i386.json (file version 1.0.0)
[Vulkan Loader] INFO:           Found manifest file /home/hans/.local/share/vulkan/implicit_layer.d/steamoverlay_x86_64.json (file version 1.0.0)
[Vulkan Loader] INFO:           Found manifest file /home/hans/.local/share/vulkan/implicit_layer.d/steamfossilize_i386.json (file version 1.0.0)
[Vulkan Loader] INFO:           Found manifest file /home/hans/.local/share/vulkan/implicit_layer.d/steamfossilize_x86_64.json (file version 1.0.0)
[Vulkan Loader] INFO:           Found manifest file /usr/share/vulkan/implicit_layer.d/VkLayer_MESA_anti_lag.json (file version 1.2.1)
[Vulkan Loader] INFO:           Found manifest file /usr/share/vulkan/implicit_layer.d/MangoHud.x86_64.json (file version 1.0.0)
[Vulkan Loader] INFO:           Found manifest file /usr/share/vulkan/implicit_layer.d/MangoHud.x86.json (file version 1.0.0)
[Vulkan Loader] INFO:           Found manifest file /usr/share/vulkan/implicit_layer.d/VkLayer_MESA_device_select.json (file version 1.0.0)
[Vulkan Loader] INFO:           Found manifest file /usr/share/vulkan/implicit_layer.d/VkLayer_LSFGVK_frame_generation.json (file version 1.1.0)
[Vulkan Loader] INFO:           No valid vk_loader_settings.json file found, no loader settings will be active
[Vulkan Loader] LAYER:          Searching for implicit layer manifest files
[Vulkan Loader] LAYER:             In following locations:
[Vulkan Loader] LAYER:                /home/hans/.config/vulkan/implicit_layer.d
[Vulkan Loader] LAYER:                /home/hans/.config/kdedefaults/vulkan/implicit_layer.d
[Vulkan Loader] LAYER:                /etc/xdg/vulkan/implicit_layer.d
[Vulkan Loader] LAYER:                /etc/vulkan/implicit_layer.d
[Vulkan Loader] LAYER:                /home/hans/.local/share/vulkan/implicit_layer.d
[Vulkan Loader] LAYER:                /home/hans/.local/share/flatpak/exports/share/vulkan/implicit_layer.d
[Vulkan Loader] LAYER:                /var/lib/flatpak/exports/share/vulkan/implicit_layer.d
[Vulkan Loader] LAYER:                /usr/local/share/vulkan/implicit_layer.d
[Vulkan Loader] LAYER:                /usr/share/vulkan/implicit_layer.d
[Vulkan Loader] LAYER:                /etc/eselect/wine/share/vulkan/implicit_layer.d
[Vulkan Loader] LAYER:             Found the following files:
[Vulkan Loader] LAYER:                /etc/vulkan/implicit_layer.d/nvidia_layers.json
[Vulkan Loader] LAYER:                /home/hans/.local/share/vulkan/implicit_layer.d/steamoverlay_i386.json
[Vulkan Loader] LAYER:                /home/hans/.local/share/vulkan/implicit_layer.d/steamoverlay_x86_64.json
[Vulkan Loader] LAYER:                /home/hans/.local/share/vulkan/implicit_layer.d/steamfossilize_i386.json
[Vulkan Loader] LAYER:                /home/hans/.local/share/vulkan/implicit_layer.d/steamfossilize_x86_64.json
[Vulkan Loader] LAYER:                /usr/share/vulkan/implicit_layer.d/VkLayer_MESA_anti_lag.json
[Vulkan Loader] LAYER:                /usr/share/vulkan/implicit_layer.d/MangoHud.x86_64.json
[Vulkan Loader] LAYER:                /usr/share/vulkan/implicit_layer.d/MangoHud.x86.json
[Vulkan Loader] LAYER:                /usr/share/vulkan/implicit_layer.d/VkLayer_MESA_device_select.json
[Vulkan Loader] LAYER:                /usr/share/vulkan/implicit_layer.d/VkLayer_LSFGVK_frame_generation.json
[Vulkan Loader] INFO:           Found manifest file /etc/vulkan/implicit_layer.d/nvidia_layers.json (file version 1.0.1)
[Vulkan Loader] INFO:           Found manifest file /home/hans/.local/share/vulkan/implicit_layer.d/steamoverlay_i386.json (file version 1.0.0)
[Vulkan Loader] INFO:           Found manifest file /home/hans/.local/share/vulkan/implicit_layer.d/steamoverlay_x86_64.json (file version 1.0.0)
[Vulkan Loader] INFO:           Found manifest file /home/hans/.local/share/vulkan/implicit_layer.d/steamfossilize_i386.json (file version 1.0.0)
[Vulkan Loader] INFO:           Found manifest file /home/hans/.local/share/vulkan/implicit_layer.d/steamfossilize_x86_64.json (file version 1.0.0)
[Vulkan Loader] INFO:           Found manifest file /usr/share/vulkan/implicit_layer.d/VkLayer_MESA_anti_lag.json (file version 1.2.1)
[Vulkan Loader] INFO:           Found manifest file /usr/share/vulkan/implicit_layer.d/MangoHud.x86_64.json (file version 1.0.0)
[Vulkan Loader] INFO:           Found manifest file /usr/share/vulkan/implicit_layer.d/MangoHud.x86.json (file version 1.0.0)
[Vulkan Loader] INFO:           Found manifest file /usr/share/vulkan/implicit_layer.d/VkLayer_MESA_device_select.json (file version 1.0.0)
[Vulkan Loader] INFO:           Found manifest file /usr/share/vulkan/implicit_layer.d/VkLayer_LSFGVK_frame_generation.json (file version 1.1.0)
[Vulkan Loader] LAYER:          Searching for explicit layer manifest files
[Vulkan Loader] LAYER:             In following locations:
[Vulkan Loader] LAYER:                /home/hans/.config/vulkan/explicit_layer.d
[Vulkan Loader] LAYER:                /home/hans/.config/kdedefaults/vulkan/explicit_layer.d
[Vulkan Loader] LAYER:                /etc/xdg/vulkan/explicit_layer.d
[Vulkan Loader] LAYER:                /etc/vulkan/explicit_layer.d
[Vulkan Loader] LAYER:                /home/hans/.local/share/vulkan/explicit_layer.d
[Vulkan Loader] LAYER:                /home/hans/.local/share/flatpak/exports/share/vulkan/explicit_layer.d
[Vulkan Loader] LAYER:                /var/lib/flatpak/exports/share/vulkan/explicit_layer.d
[Vulkan Loader] LAYER:                /usr/local/share/vulkan/explicit_layer.d
[Vulkan Loader] LAYER:                /usr/share/vulkan/explicit_layer.d
[Vulkan Loader] LAYER:                /etc/eselect/wine/share/vulkan/explicit_layer.d
[Vulkan Loader] LAYER:             Found the following files:
[Vulkan Loader] LAYER:                /usr/share/vulkan/explicit_layer.d/VkLayer_MESA_overlay.json
[Vulkan Loader] LAYER:                /usr/share/vulkan/explicit_layer.d/VkLayer_khronos_validation.json
[Vulkan Loader] INFO:           Found manifest file /usr/share/vulkan/explicit_layer.d/VkLayer_MESA_overlay.json (file version 1.0.0)
[Vulkan Loader] INFO:           Found manifest file /usr/share/vulkan/explicit_layer.d/VkLayer_khronos_validation.json (file version 1.2.0)
[Vulkan Loader] DRIVER:         Searching for driver manifest files
[Vulkan Loader] DRIVER:            In following locations:
[Vulkan Loader] DRIVER:               /home/hans/.config/vulkan/icd.d
[Vulkan Loader] DRIVER:               /home/hans/.config/kdedefaults/vulkan/icd.d
[Vulkan Loader] DRIVER:               /etc/xdg/vulkan/icd.d
[Vulkan Loader] DRIVER:               /etc/vulkan/icd.d
[Vulkan Loader] DRIVER:               /home/hans/.local/share/vulkan/icd.d
[Vulkan Loader] DRIVER:               /home/hans/.local/share/flatpak/exports/share/vulkan/icd.d
[Vulkan Loader] DRIVER:               /var/lib/flatpak/exports/share/vulkan/icd.d
[Vulkan Loader] DRIVER:               /usr/local/share/vulkan/icd.d
[Vulkan Loader] DRIVER:               /usr/share/vulkan/icd.d
[Vulkan Loader] DRIVER:               /etc/eselect/wine/share/vulkan/icd.d
[Vulkan Loader] DRIVER:            Found the following files:
[Vulkan Loader] DRIVER:               /etc/vulkan/icd.d/nvidia_icd.json
[Vulkan Loader] DRIVER:               /usr/share/vulkan/icd.d/intel_icd.i686.json
[Vulkan Loader] DRIVER:               /usr/share/vulkan/icd.d/intel_hasvk_icd.i686.json
[Vulkan Loader] DRIVER:               /usr/share/vulkan/icd.d/radeon_icd.i686.json
[Vulkan Loader] DRIVER:               /usr/share/vulkan/icd.d/intel_icd.x86_64.json
[Vulkan Loader] DRIVER:               /usr/share/vulkan/icd.d/intel_hasvk_icd.x86_64.json
[Vulkan Loader] DRIVER:               /usr/share/vulkan/icd.d/radeon_icd.x86_64.json
[Vulkan Loader] DRIVER:         Found ICD manifest file /etc/vulkan/icd.d/nvidia_icd.json, version 1.0.1
[Vulkan Loader] DEBUG | DRIVER: Searching for ICD drivers named libGLX_nvidia.so.0
[Vulkan Loader] DRIVER:         Found ICD manifest file /usr/share/vulkan/icd.d/intel_icd.i686.json, version 1.0.1
[Vulkan Loader] DEBUG | DRIVER: Searching for ICD drivers named /usr/lib/libvulkan_intel.so
[Vulkan Loader] INFO:           loader_parse_icd_manifest: Driver library architecture doesn't match the current running architecture, skipping this driver
[Vulkan Loader] DRIVER:         Found ICD manifest file /usr/share/vulkan/icd.d/intel_hasvk_icd.i686.json, version 1.0.1
[Vulkan Loader] DEBUG | DRIVER: Searching for ICD drivers named /usr/lib/libvulkan_intel_hasvk.so
[Vulkan Loader] INFO:           loader_parse_icd_manifest: Driver library architecture doesn't match the current running architecture, skipping this driver
[Vulkan Loader] DRIVER:         Found ICD manifest file /usr/share/vulkan/icd.d/radeon_icd.i686.json, version 1.0.1
[Vulkan Loader] DEBUG | DRIVER: Searching for ICD drivers named /usr/lib/libvulkan_radeon.so
[Vulkan Loader] INFO:           loader_parse_icd_manifest: Driver library architecture doesn't match the current running architecture, skipping this driver
[Vulkan Loader] DRIVER:         Found ICD manifest file /usr/share/vulkan/icd.d/intel_icd.x86_64.json, version 1.0.1
[Vulkan Loader] DEBUG | DRIVER: Searching for ICD drivers named /usr/lib64/libvulkan_intel.so
[Vulkan Loader] DRIVER:         Found ICD manifest file /usr/share/vulkan/icd.d/intel_hasvk_icd.x86_64.json, version 1.0.1
[Vulkan Loader] DEBUG | DRIVER: Searching for ICD drivers named /usr/lib64/libvulkan_intel_hasvk.so
[Vulkan Loader] DRIVER:         Found ICD manifest file /usr/share/vulkan/icd.d/radeon_icd.x86_64.json, version 1.0.1
[Vulkan Loader] DEBUG | DRIVER: Searching for ICD drivers named /usr/lib64/libvulkan_radeon.so
[Vulkan Loader] DEBUG | LAYER:  Loading layer library /usr/share/vulkan/implicit_layer.d/../../../lib/liblsfg-vk-layer.so
[Vulkan Loader] ERROR | LAYER:  loader_create_instance_chain: Failed to find 'vkGetInstanceProcAddr' in layer "/usr/share/vulkan/implicit_layer.d/../../../lib/liblsfg-vk-layer.so"
[Vulkan Loader] DEBUG | LAYER:  Loading layer library libVkLayer_MESA_device_select.so
[Vulkan Loader] INFO | LAYER:   Insert instance layer "VK_LAYER_MESA_device_select" (/usr/lib64/libVkLayer_MESA_device_select.so)
[Vulkan Loader] INFO:           /usr/lib/mangohud/lib32/libMangoHud.so: wrong ELF class: ELFCLASS32
[Vulkan Loader] DEBUG | LAYER:  Loading layer library /usr/lib/mangohud/lib64/libMangoHud.so
[Vulkan Loader] INFO | LAYER:   Insert instance layer "VK_LAYER_MANGOHUD_overlay_x86_64" (/usr/lib/mangohud/lib64/libMangoHud.so)
[Vulkan Loader] INFO | LAYER:   Requested layer "VK_LAYER_MANGOHUD_overlay_x86" was wrong bit-type.
[Vulkan Loader] INFO | LAYER:   Shouldn't reach this. A valid version of requested layer VK_LAYER_LSFGVK_frame_generation was loaded but was not found in the list of activated layers.
[Vulkan Loader] LAYER:          vkCreateInstance layer callstack setup to:
[Vulkan Loader] LAYER:             <Application>
[Vulkan Loader] LAYER:               ||
[Vulkan Loader] LAYER:             <Loader>
[Vulkan Loader] LAYER:               ||
[Vulkan Loader] LAYER:             VK_LAYER_MANGOHUD_overlay_x86_64
[Vulkan Loader] LAYER:                     Type: Implicit
[Vulkan Loader] LAYER:                     Enabled By: Implicit Layer
[Vulkan Loader] LAYER:                         Disable Env Var:  DISABLE_MANGOHUD
[Vulkan Loader] LAYER:                         This layer was enabled because Env Var MANGOHUD was set to Value 1
[Vulkan Loader] LAYER:                     Manifest: /usr/share/vulkan/implicit_layer.d/MangoHud.x86_64.json
[Vulkan Loader] LAYER:                     Library:  /usr/lib/mangohud/lib64/libMangoHud.so
[Vulkan Loader] LAYER:               ||
[Vulkan Loader] LAYER:             VK_LAYER_MESA_device_select
[Vulkan Loader] LAYER:                     Type: Implicit
[Vulkan Loader] LAYER:                     Enabled By: Implicit Layer
[Vulkan Loader] LAYER:                         Disable Env Var:  NODEVICE_SELECT
[Vulkan Loader] LAYER:                     Manifest: /usr/share/vulkan/implicit_layer.d/VkLayer_MESA_device_select.json
[Vulkan Loader] LAYER:                     Library:  /usr/lib64/libVkLayer_MESA_device_select.so
[Vulkan Loader] LAYER:               ||
[Vulkan Loader] LAYER:             <Drivers>
[Vulkan Loader] INFO | DRIVER:  linux_read_sorted_physical_devices:
[Vulkan Loader] INFO | DRIVER:       Original order:
[Vulkan Loader] INFO | DRIVER:             [0] NVIDIA GeForce RTX 4080
[Vulkan Loader] INFO | DRIVER:       Sorted order:
[Vulkan Loader] INFO | DRIVER:             [0] NVIDIA GeForce RTX 4080  
[Vulkan Loader] INFO | DRIVER:  linux_read_sorted_physical_devices:
[Vulkan Loader] INFO | DRIVER:       Original order:
[Vulkan Loader] INFO | DRIVER:             [0] NVIDIA GeForce RTX 4080
[Vulkan Loader] INFO | DRIVER:       Sorted order:
[Vulkan Loader] INFO | DRIVER:             [0] NVIDIA GeForce RTX 4080  
[Vulkan Loader] DEBUG | DRIVER: Copying old device 0 into new device 0
[Vulkan Loader] INFO | DRIVER:  linux_read_sorted_physical_devices:
[Vulkan Loader] INFO | DRIVER:       Original order:
[Vulkan Loader] INFO | DRIVER:             [0] NVIDIA GeForce RTX 4080
[Vulkan Loader] INFO | DRIVER:       Sorted order:
[Vulkan Loader] INFO | DRIVER:             [0] NVIDIA GeForce RTX 4080  
[Vulkan Loader] DEBUG | DRIVER: Copying old device 0 into new device 0
[Vulkan Loader] INFO | DRIVER:  linux_read_sorted_physical_devices:
[Vulkan Loader] INFO | DRIVER:       Original order:
[Vulkan Loader] INFO | DRIVER:             [0] NVIDIA GeForce RTX 4080
[Vulkan Loader] INFO | DRIVER:       Sorted order:
[Vulkan Loader] INFO | DRIVER:             [0] NVIDIA GeForce RTX 4080  
[Vulkan Loader] DEBUG | DRIVER: Copying old device 0 into new device 0
[Vulkan Loader] INFO | DRIVER:  linux_read_sorted_physical_devices:
[Vulkan Loader] INFO | DRIVER:       Original order:
[Vulkan Loader] INFO | DRIVER:             [0] NVIDIA GeForce RTX 4080
[Vulkan Loader] INFO | DRIVER:       Sorted order:
[Vulkan Loader] INFO | DRIVER:             [0] NVIDIA GeForce RTX 4080  
[Vulkan Loader] DEBUG | DRIVER: Copying old device 0 into new device 0
[Vulkan Loader] INFO | DRIVER:  linux_read_sorted_physical_devices:
[Vulkan Loader] INFO | DRIVER:       Original order:
[Vulkan Loader] INFO | DRIVER:             [0] NVIDIA GeForce RTX 4080
[Vulkan Loader] INFO | DRIVER:       Sorted order:
[Vulkan Loader] INFO | DRIVER:             [0] NVIDIA GeForce RTX 4080  
[Vulkan Loader] DEBUG | DRIVER: Copying old device 0 into new device 0
[Vulkan Loader] INFO | DRIVER:  linux_read_sorted_physical_devices:
[Vulkan Loader] INFO | DRIVER:       Original order:
[Vulkan Loader] INFO | DRIVER:             [0] NVIDIA GeForce RTX 4080
[Vulkan Loader] INFO | DRIVER:       Sorted order:
[Vulkan Loader] INFO | DRIVER:             [0] NVIDIA GeForce RTX 4080  
[Vulkan Loader] DEBUG | DRIVER: Copying old device 0 into new device 0
[Vulkan Loader] INFO | DRIVER:  linux_read_sorted_physical_devices:
[Vulkan Loader] INFO | DRIVER:       Original order:
[Vulkan Loader] INFO | DRIVER:             [0] NVIDIA GeForce RTX 4080
[Vulkan Loader] INFO | DRIVER:       Sorted order:
[Vulkan Loader] INFO | DRIVER:             [0] NVIDIA GeForce RTX 4080  
[Vulkan Loader] DEBUG | DRIVER: Copying old device 0 into new device 0
[Vulkan Loader] INFO | DRIVER:  Removing driver /usr/lib64/libvulkan_radeon.so due to not having any physical devices
[Vulkan Loader] INFO | DRIVER:  Removing driver /usr/lib64/libvulkan_intel_hasvk.so due to not having any physical devices
[Vulkan Loader] INFO | DRIVER:  Removing driver /usr/lib64/libvulkan_intel.so due to not having any physical devices
[Vulkan Loader] INFO | DRIVER:  linux_read_sorted_physical_devices:
[Vulkan Loader] INFO | DRIVER:       Original order:
[Vulkan Loader] INFO | DRIVER:             [0] NVIDIA GeForce RTX 4080
[Vulkan Loader] INFO | DRIVER:       Sorted order:
[Vulkan Loader] INFO | DRIVER:             [0] NVIDIA GeForce RTX 4080  
[Vulkan Loader] DEBUG | DRIVER: Copying old device 0 into new device 0
[Vulkan Loader] INFO | DRIVER:  linux_read_sorted_physical_devices:
[Vulkan Loader] INFO | DRIVER:       Original order:
[Vulkan Loader] INFO | DRIVER:             [0] NVIDIA GeForce RTX 4080
[Vulkan Loader] INFO | DRIVER:       Sorted order:
[Vulkan Loader] INFO | DRIVER:             [0] NVIDIA GeForce RTX 4080  
[Vulkan Loader] DEBUG | DRIVER: Copying old device 0 into new device 0
[Vulkan Loader] INFO | DRIVER:  linux_read_sorted_physical_devices:
[Vulkan Loader] INFO | DRIVER:       Original order:
[Vulkan Loader] INFO | DRIVER:             [0] NVIDIA GeForce RTX 4080
[Vulkan Loader] INFO | DRIVER:       Sorted order:
[Vulkan Loader] INFO | DRIVER:             [0] NVIDIA GeForce RTX 4080  
[Vulkan Loader] DEBUG | DRIVER: Copying old device 0 into new device 0
[Vulkan Loader] INFO | DRIVER:  linux_read_sorted_physical_devices:
[Vulkan Loader] INFO | DRIVER:       Original order:
[Vulkan Loader] INFO | DRIVER:             [0] NVIDIA GeForce RTX 4080
[Vulkan Loader] INFO | DRIVER:       Sorted order:
[Vulkan Loader] INFO | DRIVER:             [0] NVIDIA GeForce RTX 4080  
[Vulkan Loader] DEBUG | DRIVER: Copying old device 0 into new device 0
[Vulkan Loader] DEBUG | LAYER:  Unloading layer library /usr/lib/mangohud/lib64/libMangoHud.so
[Vulkan Loader] DEBUG | LAYER:  Unloading layer library /usr/lib64/libVkLayer_MESA_device_select.so
[Vulkan Loader] DEBUG | LAYER:  Unloading layer library /usr/share/vulkan/implicit_layer.d/../../../lib/liblsfg-vk-layer.so
01a8:fixme:ver:GetPackagesByPackageFamily (L"Microsoft.D3DMappingLayers_8wekyb3d8bbwe" 00007F04CD1AAEAC 0000000000000000 00007F04CD1AAEA8 0000000000000000): stub
01a8:fixme:d3dkmt:NtGdiDdDDIQueryAdapterInfo type 48 not handled.
01a8:fixme:d3dkmt:NtGdiDdDDIQueryAdapterInfo type 48 not handled.
0024:fixme:process:NtQueryInformationProcess ProcessCycleTime (0x218,0x7ffffe8fd130,0x00000010,(nil)) stub
0024:fixme:process:NtQueryInformationProcess ProcessCycleTime (0x218,0x7ffffe8fd130,0x00000010,(nil)) stub
0024:fixme:process:NtQueryInformationProcess ProcessCycleTime (0x218,0x7ffffe8fd130,0x00000010,(nil)) stub
012c:fixme:file:ReplaceFileW Ignoring flags 2
01d4:err:ole:com_get_class_object class {7ab36653-1796-484b-bdfa-e74f1db7c1dc} not registered
01a0:fixme:combase:RoGetActivationFactory (L"Windows.Devices.Input.PenDevice", {9dfbbe01-0966-5180-bcb4-b85060e39479}, 000000014C4868A0): semi-stub
01a0:err:combase:RoGetActivationFactory Failed to find library for L"Windows.Devices.Input.PenDevice"
01a8:fixme:setupapi:CM_Get_DevNode_Status_Ex 00007F04CD1AAEE8 00007F04CD1AAEE4 0x00000000 0x00000000 0000000000000000: stub
01a8:fixme:setupapi:CM_Open_DevNode_Key 0x00000000 0x00000001 0x00000000 0x00000001 00007F04CD1AAE38 0x00000001 : stub
01a8:fixme:setupapi:CM_Get_Child 00007F04CD1AAEF4 0x00000000 0x00000000: stub
01a8:fixme:setupapi:CM_Get_DevNode_Registry_Property_ExW 0x00000000 9 0000000000000000 00007F04CD1AB090 00007F04CD1AAEFC 0x00000000 0000000000000000: stub
01a8:fixme:setupapi:CM_Get_Sibling 00007F04CD1AAEF4 0x00000000 0x00000000: stub
01a8:fixme:ver:GetPackagesByPackageFamily (L"Microsoft.D3DMappingLayers_8wekyb3d8bbwe" 00007F04CD1AAEEC 0000000000000000 00007F04CD1AAEE8 0000000000000000): stub
01a8:fixme:d3dkmt:NtGdiDdDDIQueryAdapterInfo type 48 not handled.
01a8:fixme:d3dkmt:NtGdiDdDDIQueryAdapterInfo type 48 not handled.
01d4:err:ole:create_server class {7ab36653-1796-484b-bdfa-e74f1db7c1dc} not registered
01d4:err:ole:com_get_class_object no class object {7ab36653-1796-484b-bdfa-e74f1db7c1dc} could be created for context 0x5
0024:fixme:dwmapi:DwmSetWindowAttribute (0000000000030076, 14, 00007FFFFE8FC3FC, 4) stub
0024:fixme:uxtheme:AllowDarkModeForWindow 0000000000030076 1: stub
0198:fixme:wtsapi:WTSRegisterSessionNotification Stub 000000000001005C 0x00000000
0024:fixme:dwmapi:DwmExtendFrameIntoClientArea (0000000000030076, 00007FFFFE8FC990) stub
0024:fixme:dwmapi:DwmExtendFrameIntoClientArea (0000000000030076, 00007FFFFE8FCCD0) stub
0024:fixme:dwrite:dwritefontface5_HasVariations 00007F04CFA06860: stub
0024:fixme:combase:RoGetActivationFactory (L"Windows.System.UserProfile.GlobalizationPreferences", {01bf4326-ed37-4e96-b0e9-c1340d1ea158}, 00007FFFFE8FC918): semi-stub
0024:fixme:ui:uisettings2_get_TextScaleFactor iface 00007F05C04FF828, value 00007FFFFE8FC040 stub!
0024:fixme:win:RegisterPowerSettingNotification (000000000001005C,{2b84c20e-ad23-4ddf-93db-05ffbd7efca5},0): stub
0024:err:ole:com_get_class_object class {aa509086-5ca9-4c25-8f95-589d3c07b48a} not registered
0024:err:ole:com_get_class_object class {aa509086-5ca9-4c25-8f95-589d3c07b48a} not registered
0024:err:ole:create_server class {aa509086-5ca9-4c25-8f95-589d3c07b48a} not registered
0024:fixme:ole:com_get_class_object CLSCTX_REMOTE_SERVER not supported
0024:err:ole:com_get_class_object no class object {aa509086-5ca9-4c25-8f95-589d3c07b48a} could be created for context 0x17
0024:fixme:shcore:GetCurrentProcessExplicitAppUserModelID 00007FFFFE8FC6C0: stub
01a8:fixme:setupapi:CM_Get_DevNode_Status_Ex 00007F04CD1AAF28 00007F04CD1AAF24 0x00000000 0x00000000 0000000000000000: stub
01a8:fixme:setupapi:CM_Open_DevNode_Key 0x00000000 0x00000001 0x00000000 0x00000001 00007F04CD1AAE78 0x00000001 : stub
01a8:fixme:setupapi:CM_Get_Child 00007F04CD1AAF34 0x00000000 0x00000000: stub
01a8:fixme:setupapi:CM_Get_DevNode_Registry_Property_ExW 0x00000000 9 0000000000000000 00007F04CD1AB0D0 00007F04CD1AAF3C 0x00000000 0000000000000000: stub
01a8:fixme:setupapi:CM_Get_Sibling 00007F04CD1AAF34 0x00000000 0x00000000: stub
01a8:fixme:ver:GetPackagesByPackageFamily (L"Microsoft.D3DMappingLayers_8wekyb3d8bbwe" 00007F04CD1A7B5C 0000000000000000 00007F04CD1A7B58 0000000000000000): stub
01a8:fixme:d3dkmt:NtGdiDdDDIQueryAdapterInfo type 48 not handled.
01a8:fixme:d3dkmt:NtGdiDdDDIQueryAdapterInfo type 48 not handled.
0024:fixme:manipulation:viewport_ActivateConfiguration 00007F04CF85E510, 823
0024:fixme:manipulation:viewport_SetViewportOptions 00007F04CF85E510, 2
0024:fixme:manipulation:viewport_SetViewportRect 00007F04CF85E510, 00007FFFFE8FC6E0
0024:fixme:manipulation:direct_manip_Activate 00007F04CF85E4B0, 0000000000010090
0024:fixme:manipulation:viewport_Abandon 00007F04CF85E510
0024:fixme:msctf:SetInputScope STUB: 0000000000030076 0
0024:fixme:manipulation:viewport_ActivateConfiguration 00007F04CF85E510, 823
0024:fixme:manipulation:viewport_SetViewportOptions 00007F04CF85E510, 2
0024:fixme:manipulation:viewport_SetViewportRect 00007F04CF85E510, 00007FFFFE8FC470
0024:fixme:manipulation:direct_manip_Activate 00007F04CF85E4B0, 0000000000010090
0024:fixme:manipulation:viewport_Abandon 00007F04CF85E510
0024:fixme:manipulation:viewport_ActivateConfiguration 00007F04CF85E510, 823
0024:fixme:manipulation:viewport_SetViewportOptions 00007F04CF85E510, 2
0024:fixme:manipulation:viewport_SetViewportRect 00007F04CF85E510, 00007FFFFE8FC8B0
0024:fixme:manipulation:direct_manip_Activate 00007F04CF85E4B0, 0000000000010090
0024:fixme:manipulation:viewport_Abandon 00007F04CF85E510
0024:fixme:manipulation:viewport_ActivateConfiguration 00007F04CF85E510, 823
0024:fixme:manipulation:viewport_SetViewportOptions 00007F04CF85E510, 2
0024:fixme:manipulation:viewport_SetViewportRect 00007F04CF85E510, 00007FFFFE8FC930
0024:fixme:manipulation:direct_manip_Activate 00007F04CF85E4B0, 0000000000010090
0024:fixme:manipulation:viewport_Abandon 00007F04CF85E510
01a8:fixme:setupapi:CM_Get_DevNode_Status_Ex 00007F04CD1A7B98 00007F04CD1A7B94 0x00000000 0x00000000 0000000000000000: stub
01a8:fixme:setupapi:CM_Open_DevNode_Key 0x00000000 0x00000001 0x00000000 0x00000001 00007F04CD1A7AE8 0x00000001 : stub
01a8:fixme:setupapi:CM_Get_Child 00007F04CD1A7BA4 0x00000000 0x00000000: stub
01a8:fixme:setupapi:CM_Get_DevNode_Registry_Property_ExW 0x00000000 9 0000000000000000 00007F04CD1A7D40 00007F04CD1A7BAC 0x00000000 0000000000000000: stub
01a8:fixme:setupapi:CM_Get_Sibling 00007F04CD1A7BA4 0x00000000 0x00000000: stub
01a8:fixme:d3dkmt:NtGdiDdDDIQueryAdapterInfo type 48 not handled.
01a8:fixme:d3dkmt:NtGdiDdDDIQueryAdapterInfo type 48 not handled.
01a8:fixme:setupapi:CM_Get_DevNode_Status_Ex 00007F04CD1A7B98 00007F04CD1A7B94 0x00000000 0x00000000 0000000000000000: stub
01a8:fixme:setupapi:CM_Open_DevNode_Key 0x00000000 0x00000001 0x00000000 0x00000001 00007F04CD1A7AE8 0x00000001 : stub
01a8:fixme:setupapi:CM_Get_Child 00007F04CD1A7BA4 0x00000000 0x00000000: stub
01a8:fixme:setupapi:CM_Get_DevNode_Registry_Property_ExW 0x00000000 9 0000000000000000 00007F04CD1A7D40 00007F04CD1A7BAC 0x00000000 0000000000000000: stub
01a8:fixme:setupapi:CM_Get_Sibling 00007F04CD1A7BA4 0x00000000 0x00000000: stub
01a8:fixme:ver:GetPackagesByPackageFamily (L"Microsoft.D3DMappingLayers_8wekyb3d8bbwe" 00007F04CD1AAEEC 0000000000000000 00007F04CD1AAEE8 0000000000000000): stub
01a8:fixme:d3dkmt:NtGdiDdDDIQueryAdapterInfo type 48 not handled.
01a8:fixme:d3dkmt:NtGdiDdDDIQueryAdapterInfo type 48 not handled.
01c8:fixme:process:CreateProcessInternalW Unsupported attribute 0x20007.
008c:fixme:icon:NtUserDrawIconEx Error retrieving icon frame 0
008c:fixme:icon:NtUserDrawIconEx Error retrieving icon frame 0
008c:fixme:icon:NtUserDrawIconEx Error retrieving icon frame 0
008c:fixme:icon:NtUserDrawIconEx Error retrieving icon frame 0
01a8:fixme:setupapi:CM_Get_DevNode_Status_Ex 00007F04CD1AAF28 00007F04CD1AAF24 0x00000000 0x00000000 0000000000000000: stub
01a8:fixme:setupapi:CM_Open_DevNode_Key 0x00000000 0x00000001 0x00000000 0x00000001 00007F04CD1AAE78 0x00000001 : stub
01a8:fixme:setupapi:CM_Get_Child 00007F04CD1AAF34 0x00000000 0x00000000: stub
01a8:fixme:setupapi:CM_Get_DevNode_Registry_Property_ExW 0x00000000 9 0000000000000000 00007F04CD1AB0D0 00007F04CD1AAF3C 0x00000000 0000000000000000: stub
01a8:fixme:setupapi:CM_Get_Sibling 00007F04CD1AAF34 0x00000000 0x00000000: stub
01a8:fixme:ver:GetPackagesByPackageFamily (L"Microsoft.D3DMappingLayers_8wekyb3d8bbwe" 00007F04CD1AA1AC 0000000000000000 00007F04CD1AA1A8 0000000000000000): stub
01a8:fixme:d3dkmt:NtGdiDdDDIQueryAdapterInfo type 48 not handled.
01a8:fixme:d3dkmt:NtGdiDdDDIQueryAdapterInfo type 48 not handled.
0024:fixme:manipulation:viewport_ActivateConfiguration 00007F04CF85E510, 823
0024:fixme:manipulation:viewport_SetViewportOptions 00007F04CF85E510, 2
0024:fixme:manipulation:viewport_SetViewportRect 00007F04CF85E510, 00007FFFFE8FB980
0024:fixme:manipulation:direct_manip_Activate 00007F04CF85E4B0, 0000000000010090
0024:fixme:manipulation:viewport_Abandon 00007F04CF85E510
0024:fixme:manipulation:viewport_ActivateConfiguration 00007F04CF85E510, 823
0024:fixme:manipulation:viewport_SetViewportOptions 00007F04CF85E510, 2
0024:fixme:manipulation:viewport_SetViewportRect 00007F04CF85E510, 00007FFFFE8FBDC0
0024:fixme:manipulation:direct_manip_Activate 00007F04CF85E4B0, 0000000000010090
0024:fixme:manipulation:viewport_Abandon 00007F04CF85E510
01a8:fixme:setupapi:CM_Get_DevNode_Status_Ex 00007F04CD1AA1E8 00007F04CD1AA1E4 0x00000000 0x00000000 0000000000000000: stub
01a8:fixme:setupapi:CM_Open_DevNode_Key 0x00000000 0x00000001 0x00000000 0x00000001 00007F04CD1AA138 0x00000001 : stub
01a8:fixme:setupapi:CM_Get_Child 00007F04CD1AA1F4 0x00000000 0x00000000: stub
01a8:fixme:setupapi:CM_Get_DevNode_Registry_Property_ExW 0x00000000 9 0000000000000000 00007F04CD1AA390 00007F04CD1AA1FC 0x00000000 0000000000000000: stub
01a8:fixme:setupapi:CM_Get_Sibling 00007F04CD1AA1F4 0x00000000 0x00000000: stub
01a8:fixme:ver:GetPackagesByPackageFamily (L"Microsoft.D3DMappingLayers_8wekyb3d8bbwe" 00007F04CD1A4C1C 0000000000000000 00007F04CD1A4C18 0000000000000000): stub
01a8:fixme:ver:GetPackagesByPackageFamily (L"Microsoft.D3DMappingLayers_8wekyb3d8bbwe" 00007F04CD1A4C5C 0000000000000000 00007F04CD1A4C58 0000000000000000): stub
01a8:fixme:ver:GetPackagesByPackageFamily (L"Microsoft.D3DMappingLayers_8wekyb3d8bbwe" 00007F04CD1A6DAC 0000000000000000 00007F04CD1A6DA8 0000000000000000): stub
01a8:fixme:d3dkmt:NtGdiDdDDIQueryAdapterInfo type 48 not handled.
01a8:fixme:d3dkmt:NtGdiDdDDIQueryAdapterInfo type 48 not handled.
01a8:fixme:setupapi:CM_Get_DevNode_Status_Ex 00007F04CD1A6DE8 00007F04CD1A6DE4 0x00000000 0x00000000 0000000000000000: stub
01a8:fixme:setupapi:CM_Open_DevNode_Key 0x00000000 0x00000001 0x00000000 0x00000001 00007F04CD1A6D38 0x00000001 : stub
01a8:fixme:setupapi:CM_Get_Child 00007F04CD1A6DF4 0x00000000 0x00000000: stub
01a8:fixme:setupapi:CM_Get_DevNode_Registry_Property_ExW 0x00000000 9 0000000000000000 00007F04CD1A6F90 00007F04CD1A6DFC 0x00000000 0000000000000000: stub
01a8:fixme:setupapi:CM_Get_Sibling 00007F04CD1A6DF4 0x00000000 0x00000000: stub
01a8:fixme:ver:GetPackagesByPackageFamily (L"Microsoft.D3DMappingLayers_8wekyb3d8bbwe" 00007F04CD1AA1AC 0000000000000000 00007F04CD1AA1A8 0000000000000000): stub
01a8:fixme:d3dkmt:NtGdiDdDDIQueryAdapterInfo type 48 not handled.
01a8:fixme:d3dkmt:NtGdiDdDDIQueryAdapterInfo type 48 not handled.
01a8:fixme:setupapi:CM_Get_DevNode_Status_Ex 00007F04CD1AA1E8 00007F04CD1AA1E4 0x00000000 0x00000000 0000000000000000: stub
01a8:fixme:setupapi:CM_Open_DevNode_Key 0x00000000 0x00000001 0x00000000 0x00000001 00007F04CD1AA138 0x00000001 : stub
01a8:fixme:setupapi:CM_Get_Child 00007F04CD1AA1F4 0x00000000 0x00000000: stub
01a8:fixme:setupapi:CM_Get_DevNode_Registry_Property_ExW 0x00000000 9 0000000000000000 00007F04CD1AA390 00007F04CD1AA1FC 0x00000000 0000000000000000: stub
01a8:fixme:setupapi:CM_Get_Sibling 00007F04CD1AA1F4 0x00000000 0x00000000: stub
01a8:fixme:ver:GetPackagesByPackageFamily (L"Microsoft.D3DMappingLayers_8wekyb3d8bbwe" 00007F04CD1A4C5C 0000000000000000 00007F04CD1A4C58 0000000000000000): stub
01a8:fixme:ver:GetPackagesByPackageFamily (L"Microsoft.D3DMappingLayers_8wekyb3d8bbwe" 00007F04CD1A6DAC 0000000000000000 00007F04CD1A6DA8 0000000000000000): stub
01a8:fixme:d3dkmt:NtGdiDdDDIQueryAdapterInfo type 48 not handled.
01a8:fixme:d3dkmt:NtGdiDdDDIQueryAdapterInfo type 48 not handled.
0024:fixme:shcore:SetCurrentProcessExplicitAppUserModelID L"rsilauncher": stub
01a8:fixme:setupapi:CM_Get_DevNode_Status_Ex 00007F04CD1A6DE8 00007F04CD1A6DE4 0x00000000 0x00000000 0000000000000000: stub
01a8:fixme:setupapi:CM_Open_DevNode_Key 0x00000000 0x00000001 0x00000000 0x00000001 00007F04CD1A6D38 0x00000001 : stub
01a8:fixme:setupapi:CM_Get_Child 00007F04CD1A6DF4 0x00000000 0x00000000: stub
01a8:fixme:setupapi:CM_Get_DevNode_Registry_Property_ExW 0x00000000 9 0000000000000000 00007F04CD1A6F90 00007F04CD1A6DFC 0x00000000 0000000000000000: stub
01a8:fixme:setupapi:CM_Get_Sibling 00007F04CD1A6DF4 0x00000000 0x00000000: stub
01a8:fixme:ver:GetPackagesByPackageFamily (L"Microsoft.D3DMappingLayers_8wekyb3d8bbwe" 00007F04CD1AAEDC 0000000000000000 00007F04CD1AAED8 0000000000000000): stub
01a8:fixme:d3dkmt:NtGdiDdDDIQueryAdapterInfo type 48 not handled.
01a8:fixme:d3dkmt:NtGdiDdDDIQueryAdapterInfo type 48 not handled.
01a8:fixme:setupapi:CM_Get_DevNode_Status_Ex 00007F04CD1AAF18 00007F04CD1AAF14 0x00000000 0x00000000 0000000000000000: stub
01a8:fixme:setupapi:CM_Open_DevNode_Key 0x00000000 0x00000001 0x00000000 0x00000001 00007F04CD1AAE68 0x00000001 : stub
01a8:fixme:setupapi:CM_Get_Child 00007F04CD1AAF24 0x00000000 0x00000000: stub
01a8:fixme:setupapi:CM_Get_DevNode_Registry_Property_ExW 0x00000000 9 0000000000000000 00007F04CD1AB0C0 00007F04CD1AAF2C 0x00000000 0000000000000000: stub
01a8:fixme:setupapi:CM_Get_Sibling 00007F04CD1AAF24 0x00000000 0x00000000: stub
01a8:fixme:d3dkmt:NtGdiDdDDIQueryAdapterInfo type 48 not handled.
01a8:fixme:d3dkmt:NtGdiDdDDIQueryAdapterInfo type 48 not handled.
01a8:fixme:setupapi:CM_Get_DevNode_Status_Ex 00007F04CD1AAF18 00007F04CD1AAF14 0x00000000 0x00000000 0000000000000000: stub
01a8:fixme:setupapi:CM_Open_DevNode_Key 0x00000000 0x00000001 0x00000000 0x00000001 00007F04CD1AAE68 0x00000001 : stub
01a8:fixme:setupapi:CM_Get_Child 00007F04CD1AAF24 0x00000000 0x00000000: stub
01a8:fixme:setupapi:CM_Get_DevNode_Registry_Property_ExW 0x00000000 9 0000000000000000 00007F04CD1AB0C0 00007F04CD1AAF2C 0x00000000 0000000000000000: stub
01a8:fixme:setupapi:CM_Get_Sibling 00007F04CD1AAF24 0x00000000 0x00000000: stub
01a8:fixme:ver:GetPackagesByPackageFamily (L"Microsoft.D3DMappingLayers_8wekyb3d8bbwe" 00007F04CD1A8D7C 0000000000000000 00007F04CD1A8D78 0000000000000000): stub
[Vulkan Loader] INFO:           No valid vk_loader_settings.json file found, no loader settings will be active
[Vulkan Loader] LAYER:          Searching for implicit layer manifest files
[Vulkan Loader] LAYER:             In following locations:
[Vulkan Loader] LAYER:                /home/hans/.config/vulkan/implicit_layer.d
[Vulkan Loader] LAYER:                /home/hans/.config/kdedefaults/vulkan/implicit_layer.d
[Vulkan Loader] LAYER:                /etc/xdg/vulkan/implicit_layer.d
[Vulkan Loader] LAYER:                /etc/vulkan/implicit_layer.d
[Vulkan Loader] LAYER:                /home/hans/.local/share/vulkan/implicit_layer.d
[Vulkan Loader] LAYER:                /home/hans/.local/share/flatpak/exports/share/vulkan/implicit_layer.d
[Vulkan Loader] LAYER:                /var/lib/flatpak/exports/share/vulkan/implicit_layer.d
[Vulkan Loader] LAYER:                /usr/local/share/vulkan/implicit_layer.d
[Vulkan Loader] LAYER:                /usr/share/vulkan/implicit_layer.d
[Vulkan Loader] LAYER:                /etc/eselect/wine/share/vulkan/implicit_layer.d
[Vulkan Loader] LAYER:             Found the following files:
[Vulkan Loader] LAYER:                /etc/vulkan/implicit_layer.d/nvidia_layers.json
[Vulkan Loader] LAYER:                /home/hans/.local/share/vulkan/implicit_layer.d/steamoverlay_i386.json
[Vulkan Loader] LAYER:                /home/hans/.local/share/vulkan/implicit_layer.d/steamoverlay_x86_64.json
[Vulkan Loader] LAYER:                /home/hans/.local/share/vulkan/implicit_layer.d/steamfossilize_i386.json
[Vulkan Loader] LAYER:                /home/hans/.local/share/vulkan/implicit_layer.d/steamfossilize_x86_64.json
[Vulkan Loader] LAYER:                /usr/share/vulkan/implicit_layer.d/VkLayer_MESA_anti_lag.json
[Vulkan Loader] LAYER:                /usr/share/vulkan/implicit_layer.d/MangoHud.x86_64.json
[Vulkan Loader] LAYER:                /usr/share/vulkan/implicit_layer.d/MangoHud.x86.json
[Vulkan Loader] LAYER:                /usr/share/vulkan/implicit_layer.d/VkLayer_MESA_device_select.json
[Vulkan Loader] LAYER:                /usr/share/vulkan/implicit_layer.d/VkLayer_LSFGVK_frame_generation.json
[Vulkan Loader] INFO:           Found manifest file /etc/vulkan/implicit_layer.d/nvidia_layers.json (file version 1.0.1)
[Vulkan Loader] INFO:           Found manifest file /home/hans/.local/share/vulkan/implicit_layer.d/steamoverlay_i386.json (file version 1.0.0)
[Vulkan Loader] INFO:           Found manifest file /home/hans/.local/share/vulkan/implicit_layer.d/steamoverlay_x86_64.json (file version 1.0.0)
[Vulkan Loader] INFO:           Found manifest file /home/hans/.local/share/vulkan/implicit_layer.d/steamfossilize_i386.json (file version 1.0.0)
[Vulkan Loader] INFO:           Found manifest file /home/hans/.local/share/vulkan/implicit_layer.d/steamfossilize_x86_64.json (file version 1.0.0)
[Vulkan Loader] INFO:           Found manifest file /usr/share/vulkan/implicit_layer.d/VkLayer_MESA_anti_lag.json (file version 1.2.1)
[Vulkan Loader] INFO:           Found manifest file /usr/share/vulkan/implicit_layer.d/MangoHud.x86_64.json (file version 1.0.0)
[Vulkan Loader] INFO:           Found manifest file /usr/share/vulkan/implicit_layer.d/MangoHud.x86.json (file version 1.0.0)
[Vulkan Loader] INFO:           Found manifest file /usr/share/vulkan/implicit_layer.d/VkLayer_MESA_device_select.json (file version 1.0.0)
[Vulkan Loader] INFO:           Found manifest file /usr/share/vulkan/implicit_layer.d/VkLayer_LSFGVK_frame_generation.json (file version 1.1.0)
[Vulkan Loader] DRIVER:         Searching for driver manifest files
[Vulkan Loader] DRIVER:            In following locations:
[Vulkan Loader] DRIVER:               /home/hans/.config/vulkan/icd.d
[Vulkan Loader] DRIVER:               /home/hans/.config/kdedefaults/vulkan/icd.d
[Vulkan Loader] DRIVER:               /etc/xdg/vulkan/icd.d
[Vulkan Loader] DRIVER:               /etc/vulkan/icd.d
[Vulkan Loader] DRIVER:               /home/hans/.local/share/vulkan/icd.d
[Vulkan Loader] DRIVER:               /home/hans/.local/share/flatpak/exports/share/vulkan/icd.d
[Vulkan Loader] DRIVER:               /var/lib/flatpak/exports/share/vulkan/icd.d
[Vulkan Loader] DRIVER:               /usr/local/share/vulkan/icd.d
[Vulkan Loader] DRIVER:               /usr/share/vulkan/icd.d
[Vulkan Loader] DRIVER:               /etc/eselect/wine/share/vulkan/icd.d
[Vulkan Loader] DRIVER:            Found the following files:
[Vulkan Loader] DRIVER:               /etc/vulkan/icd.d/nvidia_icd.json
[Vulkan Loader] DRIVER:               /usr/share/vulkan/icd.d/intel_icd.i686.json
[Vulkan Loader] DRIVER:               /usr/share/vulkan/icd.d/intel_hasvk_icd.i686.json
[Vulkan Loader] DRIVER:               /usr/share/vulkan/icd.d/radeon_icd.i686.json
[Vulkan Loader] DRIVER:               /usr/share/vulkan/icd.d/intel_icd.x86_64.json
[Vulkan Loader] DRIVER:               /usr/share/vulkan/icd.d/intel_hasvk_icd.x86_64.json
[Vulkan Loader] DRIVER:               /usr/share/vulkan/icd.d/radeon_icd.x86_64.json
[Vulkan Loader] DRIVER:         Found ICD manifest file /etc/vulkan/icd.d/nvidia_icd.json, version 1.0.1
[Vulkan Loader] DEBUG | DRIVER: Searching for ICD drivers named libGLX_nvidia.so.0
[Vulkan Loader] DRIVER:         Found ICD manifest file /usr/share/vulkan/icd.d/intel_icd.i686.json, version 1.0.1
[Vulkan Loader] DEBUG | DRIVER: Searching for ICD drivers named /usr/lib/libvulkan_intel.so
[Vulkan Loader] INFO:           loader_parse_icd_manifest: Driver library architecture doesn't match the current running architecture, skipping this driver
[Vulkan Loader] DRIVER:         Found ICD manifest file /usr/share/vulkan/icd.d/intel_hasvk_icd.i686.json, version 1.0.1
[Vulkan Loader] DEBUG | DRIVER: Searching for ICD drivers named /usr/lib/libvulkan_intel_hasvk.so
[Vulkan Loader] INFO:           loader_parse_icd_manifest: Driver library architecture doesn't match the current running architecture, skipping this driver
[Vulkan Loader] DRIVER:         Found ICD manifest file /usr/share/vulkan/icd.d/radeon_icd.i686.json, version 1.0.1
[Vulkan Loader] DEBUG | DRIVER: Searching for ICD drivers named /usr/lib/libvulkan_radeon.so
[Vulkan Loader] INFO:           loader_parse_icd_manifest: Driver library architecture doesn't match the current running architecture, skipping this driver
[Vulkan Loader] DRIVER:         Found ICD manifest file /usr/share/vulkan/icd.d/intel_icd.x86_64.json, version 1.0.1
[Vulkan Loader] DEBUG | DRIVER: Searching for ICD drivers named /usr/lib64/libvulkan_intel.so
[Vulkan Loader] DRIVER:         Found ICD manifest file /usr/share/vulkan/icd.d/intel_hasvk_icd.x86_64.json, version 1.0.1
[Vulkan Loader] DEBUG | DRIVER: Searching for ICD drivers named /usr/lib64/libvulkan_intel_hasvk.so
[Vulkan Loader] DRIVER:         Found ICD manifest file /usr/share/vulkan/icd.d/radeon_icd.x86_64.json, version 1.0.1
[Vulkan Loader] DEBUG | DRIVER: Searching for ICD drivers named /usr/lib64/libvulkan_radeon.so
[Vulkan Loader] DRIVER:         Searching for driver manifest files
[Vulkan Loader] DRIVER:            In following locations:
[Vulkan Loader] DRIVER:               /home/hans/.config/vulkan/icd.d
[Vulkan Loader] DRIVER:               /home/hans/.config/kdedefaults/vulkan/icd.d
[Vulkan Loader] DRIVER:               /etc/xdg/vulkan/icd.d
[Vulkan Loader] DRIVER:               /etc/vulkan/icd.d
[Vulkan Loader] DRIVER:               /home/hans/.local/share/vulkan/icd.d
[Vulkan Loader] DRIVER:               /home/hans/.local/share/flatpak/exports/share/vulkan/icd.d
[Vulkan Loader] DRIVER:               /var/lib/flatpak/exports/share/vulkan/icd.d
[Vulkan Loader] DRIVER:               /usr/local/share/vulkan/icd.d
[Vulkan Loader] DRIVER:               /usr/share/vulkan/icd.d
[Vulkan Loader] DRIVER:               /etc/eselect/wine/share/vulkan/icd.d
[Vulkan Loader] DRIVER:            Found the following files:
[Vulkan Loader] DRIVER:               /etc/vulkan/icd.d/nvidia_icd.json
[Vulkan Loader] DRIVER:               /usr/share/vulkan/icd.d/intel_icd.i686.json
[Vulkan Loader] DRIVER:               /usr/share/vulkan/icd.d/intel_hasvk_icd.i686.json
[Vulkan Loader] DRIVER:               /usr/share/vulkan/icd.d/radeon_icd.i686.json
[Vulkan Loader] DRIVER:               /usr/share/vulkan/icd.d/intel_icd.x86_64.json
[Vulkan Loader] DRIVER:               /usr/share/vulkan/icd.d/intel_hasvk_icd.x86_64.json
[Vulkan Loader] DRIVER:               /usr/share/vulkan/icd.d/radeon_icd.x86_64.json
[Vulkan Loader] DRIVER:         Found ICD manifest file /etc/vulkan/icd.d/nvidia_icd.json, version 1.0.1
[Vulkan Loader] DEBUG | DRIVER: Searching for ICD drivers named libGLX_nvidia.so.0
[Vulkan Loader] DRIVER:         Found ICD manifest file /usr/share/vulkan/icd.d/intel_icd.i686.json, version 1.0.1
[Vulkan Loader] DEBUG | DRIVER: Searching for ICD drivers named /usr/lib/libvulkan_intel.so
[Vulkan Loader] INFO:           loader_parse_icd_manifest: Driver library architecture doesn't match the current running architecture, skipping this driver
[Vulkan Loader] DRIVER:         Found ICD manifest file /usr/share/vulkan/icd.d/intel_hasvk_icd.i686.json, version 1.0.1
[Vulkan Loader] DEBUG | DRIVER: Searching for ICD drivers named /usr/lib/libvulkan_intel_hasvk.so
[Vulkan Loader] INFO:           loader_parse_icd_manifest: Driver library architecture doesn't match the current running architecture, skipping this driver
[Vulkan Loader] DRIVER:         Found ICD manifest file /usr/share/vulkan/icd.d/radeon_icd.i686.json, version 1.0.1
[Vulkan Loader] DEBUG | DRIVER: Searching for ICD drivers named /usr/lib/libvulkan_radeon.so
[Vulkan Loader] INFO:           loader_parse_icd_manifest: Driver library architecture doesn't match the current running architecture, skipping this driver
[Vulkan Loader] DRIVER:         Found ICD manifest file /usr/share/vulkan/icd.d/intel_icd.x86_64.json, version 1.0.1
[Vulkan Loader] DEBUG | DRIVER: Searching for ICD drivers named /usr/lib64/libvulkan_intel.so
[Vulkan Loader] DRIVER:         Found ICD manifest file /usr/share/vulkan/icd.d/intel_hasvk_icd.x86_64.json, version 1.0.1
[Vulkan Loader] DEBUG | DRIVER: Searching for ICD drivers named /usr/lib64/libvulkan_intel_hasvk.so
[Vulkan Loader] DRIVER:         Found ICD manifest file /usr/share/vulkan/icd.d/radeon_icd.x86_64.json, version 1.0.1
[Vulkan Loader] DEBUG | DRIVER: Searching for ICD drivers named /usr/lib64/libvulkan_radeon.so
[Vulkan Loader] LAYER:          Searching for implicit layer manifest files
[Vulkan Loader] LAYER:             In following locations:
[Vulkan Loader] LAYER:                /home/hans/.config/vulkan/implicit_layer.d
[Vulkan Loader] LAYER:                /home/hans/.config/kdedefaults/vulkan/implicit_layer.d
[Vulkan Loader] LAYER:                /etc/xdg/vulkan/implicit_layer.d
[Vulkan Loader] LAYER:                /etc/vulkan/implicit_layer.d
[Vulkan Loader] LAYER:                /home/hans/.local/share/vulkan/implicit_layer.d
[Vulkan Loader] LAYER:                /home/hans/.local/share/flatpak/exports/share/vulkan/implicit_layer.d
[Vulkan Loader] LAYER:                /var/lib/flatpak/exports/share/vulkan/implicit_layer.d
[Vulkan Loader] LAYER:                /usr/local/share/vulkan/implicit_layer.d
[Vulkan Loader] LAYER:                /usr/share/vulkan/implicit_layer.d
[Vulkan Loader] LAYER:                /etc/eselect/wine/share/vulkan/implicit_layer.d
[Vulkan Loader] LAYER:             Found the following files:
[Vulkan Loader] LAYER:                /etc/vulkan/implicit_layer.d/nvidia_layers.json
[Vulkan Loader] LAYER:                /home/hans/.local/share/vulkan/implicit_layer.d/steamoverlay_i386.json
[Vulkan Loader] LAYER:                /home/hans/.local/share/vulkan/implicit_layer.d/steamoverlay_x86_64.json
[Vulkan Loader] LAYER:                /home/hans/.local/share/vulkan/implicit_layer.d/steamfossilize_i386.json
[Vulkan Loader] LAYER:                /home/hans/.local/share/vulkan/implicit_layer.d/steamfossilize_x86_64.json
[Vulkan Loader] LAYER:                /usr/share/vulkan/implicit_layer.d/VkLayer_MESA_anti_lag.json
[Vulkan Loader] LAYER:                /usr/share/vulkan/implicit_layer.d/MangoHud.x86_64.json
[Vulkan Loader] LAYER:                /usr/share/vulkan/implicit_layer.d/MangoHud.x86.json
[Vulkan Loader] LAYER:                /usr/share/vulkan/implicit_layer.d/VkLayer_MESA_device_select.json
[Vulkan Loader] LAYER:                /usr/share/vulkan/implicit_layer.d/VkLayer_LSFGVK_frame_generation.json
[Vulkan Loader] INFO:           Found manifest file /etc/vulkan/implicit_layer.d/nvidia_layers.json (file version 1.0.1)
[Vulkan Loader] INFO:           Found manifest file /home/hans/.local/share/vulkan/implicit_layer.d/steamoverlay_i386.json (file version 1.0.0)
[Vulkan Loader] INFO:           Found manifest file /home/hans/.local/share/vulkan/implicit_layer.d/steamoverlay_x86_64.json (file version 1.0.0)
[Vulkan Loader] INFO:           Found manifest file /home/hans/.local/share/vulkan/implicit_layer.d/steamfossilize_i386.json (file version 1.0.0)
[Vulkan Loader] INFO:           Found manifest file /home/hans/.local/share/vulkan/implicit_layer.d/steamfossilize_x86_64.json (file version 1.0.0)
[Vulkan Loader] INFO:           Found manifest file /usr/share/vulkan/implicit_layer.d/VkLayer_MESA_anti_lag.json (file version 1.2.1)
[Vulkan Loader] INFO:           Found manifest file /usr/share/vulkan/implicit_layer.d/MangoHud.x86_64.json (file version 1.0.0)
[Vulkan Loader] INFO:           Found manifest file /usr/share/vulkan/implicit_layer.d/MangoHud.x86.json (file version 1.0.0)
[Vulkan Loader] INFO:           Found manifest file /usr/share/vulkan/implicit_layer.d/VkLayer_MESA_device_select.json (file version 1.0.0)
[Vulkan Loader] INFO:           Found manifest file /usr/share/vulkan/implicit_layer.d/VkLayer_LSFGVK_frame_generation.json (file version 1.1.0)
[Vulkan Loader] INFO:           No valid vk_loader_settings.json file found, no loader settings will be active
[Vulkan Loader] LAYER:          Searching for implicit layer manifest files
[Vulkan Loader] LAYER:             In following locations:
[Vulkan Loader] LAYER:                /home/hans/.config/vulkan/implicit_layer.d
[Vulkan Loader] LAYER:                /home/hans/.config/kdedefaults/vulkan/implicit_layer.d
[Vulkan Loader] LAYER:                /etc/xdg/vulkan/implicit_layer.d
[Vulkan Loader] LAYER:                /etc/vulkan/implicit_layer.d
[Vulkan Loader] LAYER:                /home/hans/.local/share/vulkan/implicit_layer.d
[Vulkan Loader] LAYER:                /home/hans/.local/share/flatpak/exports/share/vulkan/implicit_layer.d
[Vulkan Loader] LAYER:                /var/lib/flatpak/exports/share/vulkan/implicit_layer.d
[Vulkan Loader] LAYER:                /usr/local/share/vulkan/implicit_layer.d
[Vulkan Loader] LAYER:                /usr/share/vulkan/implicit_layer.d
[Vulkan Loader] LAYER:                /etc/eselect/wine/share/vulkan/implicit_layer.d
[Vulkan Loader] LAYER:             Found the following files:
[Vulkan Loader] LAYER:                /etc/vulkan/implicit_layer.d/nvidia_layers.json
[Vulkan Loader] LAYER:                /home/hans/.local/share/vulkan/implicit_layer.d/steamoverlay_i386.json
[Vulkan Loader] LAYER:                /home/hans/.local/share/vulkan/implicit_layer.d/steamoverlay_x86_64.json
[Vulkan Loader] LAYER:                /home/hans/.local/share/vulkan/implicit_layer.d/steamfossilize_i386.json
[Vulkan Loader] LAYER:                /home/hans/.local/share/vulkan/implicit_layer.d/steamfossilize_x86_64.json
[Vulkan Loader] LAYER:                /usr/share/vulkan/implicit_layer.d/VkLayer_MESA_anti_lag.json
[Vulkan Loader] LAYER:                /usr/share/vulkan/implicit_layer.d/MangoHud.x86_64.json
[Vulkan Loader] LAYER:                /usr/share/vulkan/implicit_layer.d/MangoHud.x86.json
[Vulkan Loader] LAYER:                /usr/share/vulkan/implicit_layer.d/VkLayer_MESA_device_select.json
[Vulkan Loader] LAYER:                /usr/share/vulkan/implicit_layer.d/VkLayer_LSFGVK_frame_generation.json
[Vulkan Loader] INFO:           Found manifest file /etc/vulkan/implicit_layer.d/nvidia_layers.json (file version 1.0.1)
[Vulkan Loader] INFO:           Found manifest file /home/hans/.local/share/vulkan/implicit_layer.d/steamoverlay_i386.json (file version 1.0.0)
[Vulkan Loader] INFO:           Found manifest file /home/hans/.local/share/vulkan/implicit_layer.d/steamoverlay_x86_64.json (file version 1.0.0)
[Vulkan Loader] INFO:           Found manifest file /home/hans/.local/share/vulkan/implicit_layer.d/steamfossilize_i386.json (file version 1.0.0)
[Vulkan Loader] INFO:           Found manifest file /home/hans/.local/share/vulkan/implicit_layer.d/steamfossilize_x86_64.json (file version 1.0.0)
[Vulkan Loader] INFO:           Found manifest file /usr/share/vulkan/implicit_layer.d/VkLayer_MESA_anti_lag.json (file version 1.2.1)
[Vulkan Loader] INFO:           Found manifest file /usr/share/vulkan/implicit_layer.d/MangoHud.x86_64.json (file version 1.0.0)
[Vulkan Loader] INFO:           Found manifest file /usr/share/vulkan/implicit_layer.d/MangoHud.x86.json (file version 1.0.0)
[Vulkan Loader] INFO:           Found manifest file /usr/share/vulkan/implicit_layer.d/VkLayer_MESA_device_select.json (file version 1.0.0)
[Vulkan Loader] INFO:           Found manifest file /usr/share/vulkan/implicit_layer.d/VkLayer_LSFGVK_frame_generation.json (file version 1.1.0)
[Vulkan Loader] DRIVER:         Searching for driver manifest files
[Vulkan Loader] DRIVER:            In following locations:
[Vulkan Loader] DRIVER:               /home/hans/.config/vulkan/icd.d
[Vulkan Loader] DRIVER:               /home/hans/.config/kdedefaults/vulkan/icd.d
[Vulkan Loader] DRIVER:               /etc/xdg/vulkan/icd.d
[Vulkan Loader] DRIVER:               /etc/vulkan/icd.d
[Vulkan Loader] DRIVER:               /home/hans/.local/share/vulkan/icd.d
[Vulkan Loader] DRIVER:               /home/hans/.local/share/flatpak/exports/share/vulkan/icd.d
[Vulkan Loader] DRIVER:               /var/lib/flatpak/exports/share/vulkan/icd.d
[Vulkan Loader] DRIVER:               /usr/local/share/vulkan/icd.d
[Vulkan Loader] DRIVER:               /usr/share/vulkan/icd.d
[Vulkan Loader] DRIVER:               /etc/eselect/wine/share/vulkan/icd.d
[Vulkan Loader] DRIVER:            Found the following files:
[Vulkan Loader] DRIVER:               /etc/vulkan/icd.d/nvidia_icd.json
[Vulkan Loader] DRIVER:               /usr/share/vulkan/icd.d/intel_icd.i686.json
[Vulkan Loader] DRIVER:               /usr/share/vulkan/icd.d/intel_hasvk_icd.i686.json
[Vulkan Loader] DRIVER:               /usr/share/vulkan/icd.d/radeon_icd.i686.json
[Vulkan Loader] DRIVER:               /usr/share/vulkan/icd.d/intel_icd.x86_64.json
[Vulkan Loader] DRIVER:               /usr/share/vulkan/icd.d/intel_hasvk_icd.x86_64.json
[Vulkan Loader] DRIVER:               /usr/share/vulkan/icd.d/radeon_icd.x86_64.json
[Vulkan Loader] DRIVER:         Found ICD manifest file /etc/vulkan/icd.d/nvidia_icd.json, version 1.0.1
[Vulkan Loader] DEBUG | DRIVER: Searching for ICD drivers named libGLX_nvidia.so.0
[Vulkan Loader] DRIVER:         Found ICD manifest file /usr/share/vulkan/icd.d/intel_icd.i686.json, version 1.0.1
[Vulkan Loader] DEBUG | DRIVER: Searching for ICD drivers named /usr/lib/libvulkan_intel.so
[Vulkan Loader] INFO:           loader_parse_icd_manifest: Driver library architecture doesn't match the current running architecture, skipping this driver
[Vulkan Loader] DRIVER:         Found ICD manifest file /usr/share/vulkan/icd.d/intel_hasvk_icd.i686.json, version 1.0.1
[Vulkan Loader] DEBUG | DRIVER: Searching for ICD drivers named /usr/lib/libvulkan_intel_hasvk.so
[Vulkan Loader] INFO:           loader_parse_icd_manifest: Driver library architecture doesn't match the current running architecture, skipping this driver
[Vulkan Loader] DRIVER:         Found ICD manifest file /usr/share/vulkan/icd.d/radeon_icd.i686.json, version 1.0.1
[Vulkan Loader] DEBUG | DRIVER: Searching for ICD drivers named /usr/lib/libvulkan_radeon.so
[Vulkan Loader] INFO:           loader_parse_icd_manifest: Driver library architecture doesn't match the current running architecture, skipping this driver
[Vulkan Loader] DRIVER:         Found ICD manifest file /usr/share/vulkan/icd.d/intel_icd.x86_64.json, version 1.0.1
[Vulkan Loader] DEBUG | DRIVER: Searching for ICD drivers named /usr/lib64/libvulkan_intel.so
[Vulkan Loader] DRIVER:         Found ICD manifest file /usr/share/vulkan/icd.d/intel_hasvk_icd.x86_64.json, version 1.0.1
[Vulkan Loader] DEBUG | DRIVER: Searching for ICD drivers named /usr/lib64/libvulkan_intel_hasvk.so
[Vulkan Loader] DRIVER:         Found ICD manifest file /usr/share/vulkan/icd.d/radeon_icd.x86_64.json, version 1.0.1
[Vulkan Loader] DEBUG | DRIVER: Searching for ICD drivers named /usr/lib64/libvulkan_radeon.so
[Vulkan Loader] LAYER:          Searching for implicit layer manifest files
[Vulkan Loader] LAYER:             In following locations:
[Vulkan Loader] LAYER:                /home/hans/.config/vulkan/implicit_layer.d
[Vulkan Loader] LAYER:                /home/hans/.config/kdedefaults/vulkan/implicit_layer.d
[Vulkan Loader] LAYER:                /etc/xdg/vulkan/implicit_layer.d
[Vulkan Loader] LAYER:                /etc/vulkan/implicit_layer.d
[Vulkan Loader] LAYER:                /home/hans/.local/share/vulkan/implicit_layer.d
[Vulkan Loader] LAYER:                /home/hans/.local/share/flatpak/exports/share/vulkan/implicit_layer.d
[Vulkan Loader] LAYER:                /var/lib/flatpak/exports/share/vulkan/implicit_layer.d
[Vulkan Loader] LAYER:                /usr/local/share/vulkan/implicit_layer.d
[Vulkan Loader] LAYER:                /usr/share/vulkan/implicit_layer.d
[Vulkan Loader] LAYER:                /etc/eselect/wine/share/vulkan/implicit_layer.d
[Vulkan Loader] LAYER:             Found the following files:
[Vulkan Loader] LAYER:                /etc/vulkan/implicit_layer.d/nvidia_layers.json
[Vulkan Loader] LAYER:                /home/hans/.local/share/vulkan/implicit_layer.d/steamoverlay_i386.json
[Vulkan Loader] LAYER:                /home/hans/.local/share/vulkan/implicit_layer.d/steamoverlay_x86_64.json
[Vulkan Loader] LAYER:                /home/hans/.local/share/vulkan/implicit_layer.d/steamfossilize_i386.json
[Vulkan Loader] LAYER:                /home/hans/.local/share/vulkan/implicit_layer.d/steamfossilize_x86_64.json
[Vulkan Loader] LAYER:                /usr/share/vulkan/implicit_layer.d/VkLayer_MESA_anti_lag.json
[Vulkan Loader] LAYER:                /usr/share/vulkan/implicit_layer.d/MangoHud.x86_64.json
[Vulkan Loader] LAYER:                /usr/share/vulkan/implicit_layer.d/MangoHud.x86.json
[Vulkan Loader] LAYER:                /usr/share/vulkan/implicit_layer.d/VkLayer_MESA_device_select.json
[Vulkan Loader] LAYER:                /usr/share/vulkan/implicit_layer.d/VkLayer_LSFGVK_frame_generation.json
[Vulkan Loader] INFO:           Found manifest file /etc/vulkan/implicit_layer.d/nvidia_layers.json (file version 1.0.1)
[Vulkan Loader] INFO:           Found manifest file /home/hans/.local/share/vulkan/implicit_layer.d/steamoverlay_i386.json (file version 1.0.0)
[Vulkan Loader] INFO:           Found manifest file /home/hans/.local/share/vulkan/implicit_layer.d/steamoverlay_x86_64.json (file version 1.0.0)
[Vulkan Loader] INFO:           Found manifest file /home/hans/.local/share/vulkan/implicit_layer.d/steamfossilize_i386.json (file version 1.0.0)
[Vulkan Loader] INFO:           Found manifest file /home/hans/.local/share/vulkan/implicit_layer.d/steamfossilize_x86_64.json (file version 1.0.0)
[Vulkan Loader] INFO:           Found manifest file /usr/share/vulkan/implicit_layer.d/VkLayer_MESA_anti_lag.json (file version 1.2.1)
[Vulkan Loader] INFO:           Found manifest file /usr/share/vulkan/implicit_layer.d/MangoHud.x86_64.json (file version 1.0.0)
[Vulkan Loader] INFO:           Found manifest file /usr/share/vulkan/implicit_layer.d/MangoHud.x86.json (file version 1.0.0)
[Vulkan Loader] INFO:           Found manifest file /usr/share/vulkan/implicit_layer.d/VkLayer_MESA_device_select.json (file version 1.0.0)
[Vulkan Loader] INFO:           Found manifest file /usr/share/vulkan/implicit_layer.d/VkLayer_LSFGVK_frame_generation.json (file version 1.1.0)
[Vulkan Loader] INFO:           No valid vk_loader_settings.json file found, no loader settings will be active
[Vulkan Loader] LAYER:          Searching for implicit layer manifest files
[Vulkan Loader] LAYER:             In following locations:
[Vulkan Loader] LAYER:                /home/hans/.config/vulkan/implicit_layer.d
[Vulkan Loader] LAYER:                /home/hans/.config/kdedefaults/vulkan/implicit_layer.d
[Vulkan Loader] LAYER:                /etc/xdg/vulkan/implicit_layer.d
[Vulkan Loader] LAYER:                /etc/vulkan/implicit_layer.d
[Vulkan Loader] LAYER:                /home/hans/.local/share/vulkan/implicit_layer.d
[Vulkan Loader] LAYER:                /home/hans/.local/share/flatpak/exports/share/vulkan/implicit_layer.d
[Vulkan Loader] LAYER:                /var/lib/flatpak/exports/share/vulkan/implicit_layer.d
[Vulkan Loader] LAYER:                /usr/local/share/vulkan/implicit_layer.d
[Vulkan Loader] LAYER:                /usr/share/vulkan/implicit_layer.d
[Vulkan Loader] LAYER:                /etc/eselect/wine/share/vulkan/implicit_layer.d
[Vulkan Loader] LAYER:             Found the following files:
[Vulkan Loader] LAYER:                /etc/vulkan/implicit_layer.d/nvidia_layers.json
[Vulkan Loader] LAYER:                /home/hans/.local/share/vulkan/implicit_layer.d/steamoverlay_i386.json
[Vulkan Loader] LAYER:                /home/hans/.local/share/vulkan/implicit_layer.d/steamoverlay_x86_64.json
[Vulkan Loader] LAYER:                /home/hans/.local/share/vulkan/implicit_layer.d/steamfossilize_i386.json
[Vulkan Loader] LAYER:                /home/hans/.local/share/vulkan/implicit_layer.d/steamfossilize_x86_64.json
[Vulkan Loader] LAYER:                /usr/share/vulkan/implicit_layer.d/VkLayer_MESA_anti_lag.json
[Vulkan Loader] LAYER:                /usr/share/vulkan/implicit_layer.d/MangoHud.x86_64.json
[Vulkan Loader] LAYER:                /usr/share/vulkan/implicit_layer.d/MangoHud.x86.json
[Vulkan Loader] LAYER:                /usr/share/vulkan/implicit_layer.d/VkLayer_MESA_device_select.json
[Vulkan Loader] LAYER:                /usr/share/vulkan/implicit_layer.d/VkLayer_LSFGVK_frame_generation.json
[Vulkan Loader] INFO:           Found manifest file /etc/vulkan/implicit_layer.d/nvidia_layers.json (file version 1.0.1)
[Vulkan Loader] INFO:           Found manifest file /home/hans/.local/share/vulkan/implicit_layer.d/steamoverlay_i386.json (file version 1.0.0)
[Vulkan Loader] INFO:           Found manifest file /home/hans/.local/share/vulkan/implicit_layer.d/steamoverlay_x86_64.json (file version 1.0.0)
[Vulkan Loader] INFO:           Found manifest file /home/hans/.local/share/vulkan/implicit_layer.d/steamfossilize_i386.json (file version 1.0.0)
[Vulkan Loader] INFO:           Found manifest file /home/hans/.local/share/vulkan/implicit_layer.d/steamfossilize_x86_64.json (file version 1.0.0)
[Vulkan Loader] INFO:           Found manifest file /usr/share/vulkan/implicit_layer.d/VkLayer_MESA_anti_lag.json (file version 1.2.1)
[Vulkan Loader] INFO:           Found manifest file /usr/share/vulkan/implicit_layer.d/MangoHud.x86_64.json (file version 1.0.0)
[Vulkan Loader] INFO:           Found manifest file /usr/share/vulkan/implicit_layer.d/MangoHud.x86.json (file version 1.0.0)
[Vulkan Loader] INFO:           Found manifest file /usr/share/vulkan/implicit_layer.d/VkLayer_MESA_device_select.json (file version 1.0.0)
[Vulkan Loader] INFO:           Found manifest file /usr/share/vulkan/implicit_layer.d/VkLayer_LSFGVK_frame_generation.json (file version 1.1.0)
[Vulkan Loader] DRIVER:         Searching for driver manifest files
[Vulkan Loader] DRIVER:            In following locations:
[Vulkan Loader] DRIVER:               /home/hans/.config/vulkan/icd.d
[Vulkan Loader] DRIVER:               /home/hans/.config/kdedefaults/vulkan/icd.d
[Vulkan Loader] DRIVER:               /etc/xdg/vulkan/icd.d
[Vulkan Loader] DRIVER:               /etc/vulkan/icd.d
[Vulkan Loader] DRIVER:               /home/hans/.local/share/vulkan/icd.d
[Vulkan Loader] DRIVER:               /home/hans/.local/share/flatpak/exports/share/vulkan/icd.d
[Vulkan Loader] DRIVER:               /var/lib/flatpak/exports/share/vulkan/icd.d
[Vulkan Loader] DRIVER:               /usr/local/share/vulkan/icd.d
[Vulkan Loader] DRIVER:               /usr/share/vulkan/icd.d
[Vulkan Loader] DRIVER:               /etc/eselect/wine/share/vulkan/icd.d
[Vulkan Loader] DRIVER:            Found the following files:
[Vulkan Loader] DRIVER:               /etc/vulkan/icd.d/nvidia_icd.json
[Vulkan Loader] DRIVER:               /usr/share/vulkan/icd.d/intel_icd.i686.json
[Vulkan Loader] DRIVER:               /usr/share/vulkan/icd.d/intel_hasvk_icd.i686.json
[Vulkan Loader] DRIVER:               /usr/share/vulkan/icd.d/radeon_icd.i686.json
[Vulkan Loader] DRIVER:               /usr/share/vulkan/icd.d/intel_icd.x86_64.json
[Vulkan Loader] DRIVER:               /usr/share/vulkan/icd.d/intel_hasvk_icd.x86_64.json
[Vulkan Loader] DRIVER:               /usr/share/vulkan/icd.d/radeon_icd.x86_64.json
[Vulkan Loader] DRIVER:         Found ICD manifest file /etc/vulkan/icd.d/nvidia_icd.json, version 1.0.1
[Vulkan Loader] DEBUG | DRIVER: Searching for ICD drivers named libGLX_nvidia.so.0
[Vulkan Loader] DRIVER:         Found ICD manifest file /usr/share/vulkan/icd.d/intel_icd.i686.json, version 1.0.1
[Vulkan Loader] DEBUG | DRIVER: Searching for ICD drivers named /usr/lib/libvulkan_intel.so
[Vulkan Loader] INFO:           loader_parse_icd_manifest: Driver library architecture doesn't match the current running architecture, skipping this driver
[Vulkan Loader] DRIVER:         Found ICD manifest file /usr/share/vulkan/icd.d/intel_hasvk_icd.i686.json, version 1.0.1
[Vulkan Loader] DEBUG | DRIVER: Searching for ICD drivers named /usr/lib/libvulkan_intel_hasvk.so
[Vulkan Loader] INFO:           loader_parse_icd_manifest: Driver library architecture doesn't match the current running architecture, skipping this driver
[Vulkan Loader] DRIVER:         Found ICD manifest file /usr/share/vulkan/icd.d/radeon_icd.i686.json, version 1.0.1
[Vulkan Loader] DEBUG | DRIVER: Searching for ICD drivers named /usr/lib/libvulkan_radeon.so
[Vulkan Loader] INFO:           loader_parse_icd_manifest: Driver library architecture doesn't match the current running architecture, skipping this driver
[Vulkan Loader] DRIVER:         Found ICD manifest file /usr/share/vulkan/icd.d/intel_icd.x86_64.json, version 1.0.1
[Vulkan Loader] DEBUG | DRIVER: Searching for ICD drivers named /usr/lib64/libvulkan_intel.so
[Vulkan Loader] DRIVER:         Found ICD manifest file /usr/share/vulkan/icd.d/intel_hasvk_icd.x86_64.json, version 1.0.1
[Vulkan Loader] DEBUG | DRIVER: Searching for ICD drivers named /usr/lib64/libvulkan_intel_hasvk.so
[Vulkan Loader] DRIVER:         Found ICD manifest file /usr/share/vulkan/icd.d/radeon_icd.x86_64.json, version 1.0.1
[Vulkan Loader] DEBUG | DRIVER: Searching for ICD drivers named /usr/lib64/libvulkan_radeon.so
[Vulkan Loader] LAYER:          Searching for implicit layer manifest files
[Vulkan Loader] LAYER:             In following locations:
[Vulkan Loader] LAYER:                /home/hans/.config/vulkan/implicit_layer.d
[Vulkan Loader] LAYER:                /home/hans/.config/kdedefaults/vulkan/implicit_layer.d
[Vulkan Loader] LAYER:                /etc/xdg/vulkan/implicit_layer.d
[Vulkan Loader] LAYER:                /etc/vulkan/implicit_layer.d
[Vulkan Loader] LAYER:                /home/hans/.local/share/vulkan/implicit_layer.d
[Vulkan Loader] LAYER:                /home/hans/.local/share/flatpak/exports/share/vulkan/implicit_layer.d
[Vulkan Loader] LAYER:                /var/lib/flatpak/exports/share/vulkan/implicit_layer.d
[Vulkan Loader] LAYER:                /usr/local/share/vulkan/implicit_layer.d
[Vulkan Loader] LAYER:                /usr/share/vulkan/implicit_layer.d
[Vulkan Loader] LAYER:                /etc/eselect/wine/share/vulkan/implicit_layer.d
[Vulkan Loader] LAYER:             Found the following files:
[Vulkan Loader] LAYER:                /etc/vulkan/implicit_layer.d/nvidia_layers.json
[Vulkan Loader] LAYER:                /home/hans/.local/share/vulkan/implicit_layer.d/steamoverlay_i386.json
[Vulkan Loader] LAYER:                /home/hans/.local/share/vulkan/implicit_layer.d/steamoverlay_x86_64.json
[Vulkan Loader] LAYER:                /home/hans/.local/share/vulkan/implicit_layer.d/steamfossilize_i386.json
[Vulkan Loader] LAYER:                /home/hans/.local/share/vulkan/implicit_layer.d/steamfossilize_x86_64.json
[Vulkan Loader] LAYER:                /usr/share/vulkan/implicit_layer.d/VkLayer_MESA_anti_lag.json
[Vulkan Loader] LAYER:                /usr/share/vulkan/implicit_layer.d/MangoHud.x86_64.json
[Vulkan Loader] LAYER:                /usr/share/vulkan/implicit_layer.d/MangoHud.x86.json
[Vulkan Loader] LAYER:                /usr/share/vulkan/implicit_layer.d/VkLayer_MESA_device_select.json
[Vulkan Loader] LAYER:                /usr/share/vulkan/implicit_layer.d/VkLayer_LSFGVK_frame_generation.json
[Vulkan Loader] INFO:           Found manifest file /etc/vulkan/implicit_layer.d/nvidia_layers.json (file version 1.0.1)
[Vulkan Loader] INFO:           Found manifest file /home/hans/.local/share/vulkan/implicit_layer.d/steamoverlay_i386.json (file version 1.0.0)
[Vulkan Loader] INFO:           Found manifest file /home/hans/.local/share/vulkan/implicit_layer.d/steamoverlay_x86_64.json (file version 1.0.0)
[Vulkan Loader] INFO:           Found manifest file /home/hans/.local/share/vulkan/implicit_layer.d/steamfossilize_i386.json (file version 1.0.0)
[Vulkan Loader] INFO:           Found manifest file /home/hans/.local/share/vulkan/implicit_layer.d/steamfossilize_x86_64.json (file version 1.0.0)
[Vulkan Loader] INFO:           Found manifest file /usr/share/vulkan/implicit_layer.d/VkLayer_MESA_anti_lag.json (file version 1.2.1)
[Vulkan Loader] INFO:           Found manifest file /usr/share/vulkan/implicit_layer.d/MangoHud.x86_64.json (file version 1.0.0)
[Vulkan Loader] INFO:           Found manifest file /usr/share/vulkan/implicit_layer.d/MangoHud.x86.json (file version 1.0.0)
[Vulkan Loader] INFO:           Found manifest file /usr/share/vulkan/implicit_layer.d/VkLayer_MESA_device_select.json (file version 1.0.0)
[Vulkan Loader] INFO:           Found manifest file /usr/share/vulkan/implicit_layer.d/VkLayer_LSFGVK_frame_generation.json (file version 1.1.0)
[Vulkan Loader] INFO:           No valid vk_loader_settings.json file found, no loader settings will be active
[Vulkan Loader] LAYER:          Searching for implicit layer manifest files
[Vulkan Loader] LAYER:             In following locations:
[Vulkan Loader] LAYER:                /home/hans/.config/vulkan/implicit_layer.d
[Vulkan Loader] LAYER:                /home/hans/.config/kdedefaults/vulkan/implicit_layer.d
[Vulkan Loader] LAYER:                /etc/xdg/vulkan/implicit_layer.d
[Vulkan Loader] LAYER:                /etc/vulkan/implicit_layer.d
[Vulkan Loader] LAYER:                /home/hans/.local/share/vulkan/implicit_layer.d
[Vulkan Loader] LAYER:                /home/hans/.local/share/flatpak/exports/share/vulkan/implicit_layer.d
[Vulkan Loader] LAYER:                /var/lib/flatpak/exports/share/vulkan/implicit_layer.d
[Vulkan Loader] LAYER:                /usr/local/share/vulkan/implicit_layer.d
[Vulkan Loader] LAYER:                /usr/share/vulkan/implicit_layer.d
[Vulkan Loader] LAYER:                /etc/eselect/wine/share/vulkan/implicit_layer.d
[Vulkan Loader] LAYER:             Found the following files:
[Vulkan Loader] LAYER:                /etc/vulkan/implicit_layer.d/nvidia_layers.json
[Vulkan Loader] LAYER:                /home/hans/.local/share/vulkan/implicit_layer.d/steamoverlay_i386.json
[Vulkan Loader] LAYER:                /home/hans/.local/share/vulkan/implicit_layer.d/steamoverlay_x86_64.json
[Vulkan Loader] LAYER:                /home/hans/.local/share/vulkan/implicit_layer.d/steamfossilize_i386.json
[Vulkan Loader] LAYER:                /home/hans/.local/share/vulkan/implicit_layer.d/steamfossilize_x86_64.json
[Vulkan Loader] LAYER:                /usr/share/vulkan/implicit_layer.d/VkLayer_MESA_anti_lag.json
[Vulkan Loader] LAYER:                /usr/share/vulkan/implicit_layer.d/MangoHud.x86_64.json
[Vulkan Loader] LAYER:                /usr/share/vulkan/implicit_layer.d/MangoHud.x86.json
[Vulkan Loader] LAYER:                /usr/share/vulkan/implicit_layer.d/VkLayer_MESA_device_select.json
[Vulkan Loader] LAYER:                /usr/share/vulkan/implicit_layer.d/VkLayer_LSFGVK_frame_generation.json
[Vulkan Loader] INFO:           Found manifest file /etc/vulkan/implicit_layer.d/nvidia_layers.json (file version 1.0.1)
[Vulkan Loader] INFO:           Found manifest file /home/hans/.local/share/vulkan/implicit_layer.d/steamoverlay_i386.json (file version 1.0.0)
[Vulkan Loader] INFO:           Found manifest file /home/hans/.local/share/vulkan/implicit_layer.d/steamoverlay_x86_64.json (file version 1.0.0)
[Vulkan Loader] INFO:           Found manifest file /home/hans/.local/share/vulkan/implicit_layer.d/steamfossilize_i386.json (file version 1.0.0)
[Vulkan Loader] INFO:           Found manifest file /home/hans/.local/share/vulkan/implicit_layer.d/steamfossilize_x86_64.json (file version 1.0.0)
[Vulkan Loader] INFO:           Found manifest file /usr/share/vulkan/implicit_layer.d/VkLayer_MESA_anti_lag.json (file version 1.2.1)
[Vulkan Loader] INFO:           Found manifest file /usr/share/vulkan/implicit_layer.d/MangoHud.x86_64.json (file version 1.0.0)
[Vulkan Loader] INFO:           Found manifest file /usr/share/vulkan/implicit_layer.d/MangoHud.x86.json (file version 1.0.0)
[Vulkan Loader] INFO:           Found manifest file /usr/share/vulkan/implicit_layer.d/VkLayer_MESA_device_select.json (file version 1.0.0)
[Vulkan Loader] INFO:           Found manifest file /usr/share/vulkan/implicit_layer.d/VkLayer_LSFGVK_frame_generation.json (file version 1.1.0)
[Vulkan Loader] DRIVER:         Searching for driver manifest files
[Vulkan Loader] DRIVER:            In following locations:
[Vulkan Loader] DRIVER:               /home/hans/.config/vulkan/icd.d
[Vulkan Loader] DRIVER:               /home/hans/.config/kdedefaults/vulkan/icd.d
[Vulkan Loader] DRIVER:               /etc/xdg/vulkan/icd.d
[Vulkan Loader] DRIVER:               /etc/vulkan/icd.d
[Vulkan Loader] DRIVER:               /home/hans/.local/share/vulkan/icd.d
[Vulkan Loader] DRIVER:               /home/hans/.local/share/flatpak/exports/share/vulkan/icd.d
[Vulkan Loader] DRIVER:               /var/lib/flatpak/exports/share/vulkan/icd.d
[Vulkan Loader] DRIVER:               /usr/local/share/vulkan/icd.d
[Vulkan Loader] DRIVER:               /usr/share/vulkan/icd.d
[Vulkan Loader] DRIVER:               /etc/eselect/wine/share/vulkan/icd.d
[Vulkan Loader] DRIVER:            Found the following files:
[Vulkan Loader] DRIVER:               /etc/vulkan/icd.d/nvidia_icd.json
[Vulkan Loader] DRIVER:               /usr/share/vulkan/icd.d/intel_icd.i686.json
[Vulkan Loader] DRIVER:               /usr/share/vulkan/icd.d/intel_hasvk_icd.i686.json
[Vulkan Loader] DRIVER:               /usr/share/vulkan/icd.d/radeon_icd.i686.json
[Vulkan Loader] DRIVER:               /usr/share/vulkan/icd.d/intel_icd.x86_64.json
[Vulkan Loader] DRIVER:               /usr/share/vulkan/icd.d/intel_hasvk_icd.x86_64.json
[Vulkan Loader] DRIVER:               /usr/share/vulkan/icd.d/radeon_icd.x86_64.json
[Vulkan Loader] DRIVER:         Found ICD manifest file /etc/vulkan/icd.d/nvidia_icd.json, version 1.0.1
[Vulkan Loader] DEBUG | DRIVER: Searching for ICD drivers named libGLX_nvidia.so.0
[Vulkan Loader] DRIVER:         Found ICD manifest file /usr/share/vulkan/icd.d/intel_icd.i686.json, version 1.0.1
[Vulkan Loader] DEBUG | DRIVER: Searching for ICD drivers named /usr/lib/libvulkan_intel.so
[Vulkan Loader] INFO:           loader_parse_icd_manifest: Driver library architecture doesn't match the current running architecture, skipping this driver
[Vulkan Loader] DRIVER:         Found ICD manifest file /usr/share/vulkan/icd.d/intel_hasvk_icd.i686.json, version 1.0.1
[Vulkan Loader] DEBUG | DRIVER: Searching for ICD drivers named /usr/lib/libvulkan_intel_hasvk.so
[Vulkan Loader] INFO:           loader_parse_icd_manifest: Driver library architecture doesn't match the current running architecture, skipping this driver
[Vulkan Loader] DRIVER:         Found ICD manifest file /usr/share/vulkan/icd.d/radeon_icd.i686.json, version 1.0.1
[Vulkan Loader] DEBUG | DRIVER: Searching for ICD drivers named /usr/lib/libvulkan_radeon.so
[Vulkan Loader] INFO:           loader_parse_icd_manifest: Driver library architecture doesn't match the current running architecture, skipping this driver
[Vulkan Loader] DRIVER:         Found ICD manifest file /usr/share/vulkan/icd.d/intel_icd.x86_64.json, version 1.0.1
[Vulkan Loader] DEBUG | DRIVER: Searching for ICD drivers named /usr/lib64/libvulkan_intel.so
[Vulkan Loader] DRIVER:         Found ICD manifest file /usr/share/vulkan/icd.d/intel_hasvk_icd.x86_64.json, version 1.0.1
[Vulkan Loader] DEBUG | DRIVER: Searching for ICD drivers named /usr/lib64/libvulkan_intel_hasvk.so
[Vulkan Loader] DRIVER:         Found ICD manifest file /usr/share/vulkan/icd.d/radeon_icd.x86_64.json, version 1.0.1
[Vulkan Loader] DEBUG | DRIVER: Searching for ICD drivers named /usr/lib64/libvulkan_radeon.so
[Vulkan Loader] LAYER:          Searching for implicit layer manifest files
[Vulkan Loader] LAYER:             In following locations:
[Vulkan Loader] LAYER:                /home/hans/.config/vulkan/implicit_layer.d
[Vulkan Loader] LAYER:                /home/hans/.config/kdedefaults/vulkan/implicit_layer.d
[Vulkan Loader] LAYER:                /etc/xdg/vulkan/implicit_layer.d
[Vulkan Loader] LAYER:                /etc/vulkan/implicit_layer.d
[Vulkan Loader] LAYER:                /home/hans/.local/share/vulkan/implicit_layer.d
[Vulkan Loader] LAYER:                /home/hans/.local/share/flatpak/exports/share/vulkan/implicit_layer.d
[Vulkan Loader] LAYER:                /var/lib/flatpak/exports/share/vulkan/implicit_layer.d
[Vulkan Loader] LAYER:                /usr/local/share/vulkan/implicit_layer.d
[Vulkan Loader] LAYER:                /usr/share/vulkan/implicit_layer.d
[Vulkan Loader] LAYER:                /etc/eselect/wine/share/vulkan/implicit_layer.d
[Vulkan Loader] LAYER:             Found the following files:
[Vulkan Loader] LAYER:                /etc/vulkan/implicit_layer.d/nvidia_layers.json
[Vulkan Loader] LAYER:                /home/hans/.local/share/vulkan/implicit_layer.d/steamoverlay_i386.json
[Vulkan Loader] LAYER:                /home/hans/.local/share/vulkan/implicit_layer.d/steamoverlay_x86_64.json
[Vulkan Loader] LAYER:                /home/hans/.local/share/vulkan/implicit_layer.d/steamfossilize_i386.json
[Vulkan Loader] LAYER:                /home/hans/.local/share/vulkan/implicit_layer.d/steamfossilize_x86_64.json
[Vulkan Loader] LAYER:                /usr/share/vulkan/implicit_layer.d/VkLayer_MESA_anti_lag.json
[Vulkan Loader] LAYER:                /usr/share/vulkan/implicit_layer.d/MangoHud.x86_64.json
[Vulkan Loader] LAYER:                /usr/share/vulkan/implicit_layer.d/MangoHud.x86.json
[Vulkan Loader] LAYER:                /usr/share/vulkan/implicit_layer.d/VkLayer_MESA_device_select.json
[Vulkan Loader] LAYER:                /usr/share/vulkan/implicit_layer.d/VkLayer_LSFGVK_frame_generation.json
[Vulkan Loader] INFO:           Found manifest file /etc/vulkan/implicit_layer.d/nvidia_layers.json (file version 1.0.1)
[Vulkan Loader] INFO:           Found manifest file /home/hans/.local/share/vulkan/implicit_layer.d/steamoverlay_i386.json (file version 1.0.0)
[Vulkan Loader] INFO:           Found manifest file /home/hans/.local/share/vulkan/implicit_layer.d/steamoverlay_x86_64.json (file version 1.0.0)
[Vulkan Loader] INFO:           Found manifest file /home/hans/.local/share/vulkan/implicit_layer.d/steamfossilize_i386.json (file version 1.0.0)
[Vulkan Loader] INFO:           Found manifest file /home/hans/.local/share/vulkan/implicit_layer.d/steamfossilize_x86_64.json (file version 1.0.0)
[Vulkan Loader] INFO:           Found manifest file /usr/share/vulkan/implicit_layer.d/VkLayer_MESA_anti_lag.json (file version 1.2.1)
[Vulkan Loader] INFO:           Found manifest file /usr/share/vulkan/implicit_layer.d/MangoHud.x86_64.json (file version 1.0.0)
[Vulkan Loader] INFO:           Found manifest file /usr/share/vulkan/implicit_layer.d/MangoHud.x86.json (file version 1.0.0)
[Vulkan Loader] INFO:           Found manifest file /usr/share/vulkan/implicit_layer.d/VkLayer_MESA_device_select.json (file version 1.0.0)
[Vulkan Loader] INFO:           Found manifest file /usr/share/vulkan/implicit_layer.d/VkLayer_LSFGVK_frame_generation.json (file version 1.1.0)
[Vulkan Loader] INFO:           No valid vk_loader_settings.json file found, no loader settings will be active
[Vulkan Loader] LAYER:          Searching for implicit layer manifest files
[Vulkan Loader] LAYER:             In following locations:
[Vulkan Loader] LAYER:                /home/hans/.config/vulkan/implicit_layer.d
[Vulkan Loader] LAYER:                /home/hans/.config/kdedefaults/vulkan/implicit_layer.d
[Vulkan Loader] LAYER:                /etc/xdg/vulkan/implicit_layer.d
[Vulkan Loader] LAYER:                /etc/vulkan/implicit_layer.d
[Vulkan Loader] LAYER:                /home/hans/.local/share/vulkan/implicit_layer.d
[Vulkan Loader] LAYER:                /home/hans/.local/share/flatpak/exports/share/vulkan/implicit_layer.d
[Vulkan Loader] LAYER:                /var/lib/flatpak/exports/share/vulkan/implicit_layer.d
[Vulkan Loader] LAYER:                /usr/local/share/vulkan/implicit_layer.d
[Vulkan Loader] LAYER:                /usr/share/vulkan/implicit_layer.d
[Vulkan Loader] LAYER:                /etc/eselect/wine/share/vulkan/implicit_layer.d
[Vulkan Loader] LAYER:             Found the following files:
[Vulkan Loader] LAYER:                /etc/vulkan/implicit_layer.d/nvidia_layers.json
[Vulkan Loader] LAYER:                /home/hans/.local/share/vulkan/implicit_layer.d/steamoverlay_i386.json
[Vulkan Loader] LAYER:                /home/hans/.local/share/vulkan/implicit_layer.d/steamoverlay_x86_64.json
[Vulkan Loader] LAYER:                /home/hans/.local/share/vulkan/implicit_layer.d/steamfossilize_i386.json
[Vulkan Loader] LAYER:                /home/hans/.local/share/vulkan/implicit_layer.d/steamfossilize_x86_64.json
[Vulkan Loader] LAYER:                /usr/share/vulkan/implicit_layer.d/VkLayer_MESA_anti_lag.json
[Vulkan Loader] LAYER:                /usr/share/vulkan/implicit_layer.d/MangoHud.x86_64.json
[Vulkan Loader] LAYER:                /usr/share/vulkan/implicit_layer.d/MangoHud.x86.json
[Vulkan Loader] LAYER:                /usr/share/vulkan/implicit_layer.d/VkLayer_MESA_device_select.json
[Vulkan Loader] LAYER:                /usr/share/vulkan/implicit_layer.d/VkLayer_LSFGVK_frame_generation.json
[Vulkan Loader] INFO:           Found manifest file /etc/vulkan/implicit_layer.d/nvidia_layers.json (file version 1.0.1)
[Vulkan Loader] INFO:           Found manifest file /home/hans/.local/share/vulkan/implicit_layer.d/steamoverlay_i386.json (file version 1.0.0)
[Vulkan Loader] INFO:           Found manifest file /home/hans/.local/share/vulkan/implicit_layer.d/steamoverlay_x86_64.json (file version 1.0.0)
[Vulkan Loader] INFO:           Found manifest file /home/hans/.local/share/vulkan/implicit_layer.d/steamfossilize_i386.json (file version 1.0.0)
[Vulkan Loader] INFO:           Found manifest file /home/hans/.local/share/vulkan/implicit_layer.d/steamfossilize_x86_64.json (file version 1.0.0)
[Vulkan Loader] INFO:           Found manifest file /usr/share/vulkan/implicit_layer.d/VkLayer_MESA_anti_lag.json (file version 1.2.1)
[Vulkan Loader] INFO:           Found manifest file /usr/share/vulkan/implicit_layer.d/MangoHud.x86_64.json (file version 1.0.0)
[Vulkan Loader] INFO:           Found manifest file /usr/share/vulkan/implicit_layer.d/MangoHud.x86.json (file version 1.0.0)
[Vulkan Loader] INFO:           Found manifest file /usr/share/vulkan/implicit_layer.d/VkLayer_MESA_device_select.json (file version 1.0.0)
[Vulkan Loader] INFO:           Found manifest file /usr/share/vulkan/implicit_layer.d/VkLayer_LSFGVK_frame_generation.json (file version 1.1.0)
[Vulkan Loader] LAYER:          Searching for explicit layer manifest files
[Vulkan Loader] LAYER:             In following locations:
[Vulkan Loader] LAYER:                /home/hans/.config/vulkan/explicit_layer.d
[Vulkan Loader] LAYER:                /home/hans/.config/kdedefaults/vulkan/explicit_layer.d
[Vulkan Loader] LAYER:                /etc/xdg/vulkan/explicit_layer.d
[Vulkan Loader] LAYER:                /etc/vulkan/explicit_layer.d
[Vulkan Loader] LAYER:                /home/hans/.local/share/vulkan/explicit_layer.d
[Vulkan Loader] LAYER:                /home/hans/.local/share/flatpak/exports/share/vulkan/explicit_layer.d
[Vulkan Loader] LAYER:                /var/lib/flatpak/exports/share/vulkan/explicit_layer.d
[Vulkan Loader] LAYER:                /usr/local/share/vulkan/explicit_layer.d
[Vulkan Loader] LAYER:                /usr/share/vulkan/explicit_layer.d
[Vulkan Loader] LAYER:                /etc/eselect/wine/share/vulkan/explicit_layer.d
[Vulkan Loader] LAYER:             Found the following files:
[Vulkan Loader] LAYER:                /usr/share/vulkan/explicit_layer.d/VkLayer_MESA_overlay.json
[Vulkan Loader] LAYER:                /usr/share/vulkan/explicit_layer.d/VkLayer_khronos_validation.json
[Vulkan Loader] INFO:           Found manifest file /usr/share/vulkan/explicit_layer.d/VkLayer_MESA_overlay.json (file version 1.0.0)
[Vulkan Loader] INFO:           Found manifest file /usr/share/vulkan/explicit_layer.d/VkLayer_khronos_validation.json (file version 1.2.0)
[Vulkan Loader] DRIVER:         Searching for driver manifest files
[Vulkan Loader] DRIVER:            In following locations:
[Vulkan Loader] DRIVER:               /home/hans/.config/vulkan/icd.d
[Vulkan Loader] DRIVER:               /home/hans/.config/kdedefaults/vulkan/icd.d
[Vulkan Loader] DRIVER:               /etc/xdg/vulkan/icd.d
[Vulkan Loader] DRIVER:               /etc/vulkan/icd.d
[Vulkan Loader] DRIVER:               /home/hans/.local/share/vulkan/icd.d
[Vulkan Loader] DRIVER:               /home/hans/.local/share/flatpak/exports/share/vulkan/icd.d
[Vulkan Loader] DRIVER:               /var/lib/flatpak/exports/share/vulkan/icd.d
[Vulkan Loader] DRIVER:               /usr/local/share/vulkan/icd.d
[Vulkan Loader] DRIVER:               /usr/share/vulkan/icd.d
[Vulkan Loader] DRIVER:               /etc/eselect/wine/share/vulkan/icd.d
[Vulkan Loader] DRIVER:            Found the following files:
[Vulkan Loader] DRIVER:               /etc/vulkan/icd.d/nvidia_icd.json
[Vulkan Loader] DRIVER:               /usr/share/vulkan/icd.d/intel_icd.i686.json
[Vulkan Loader] DRIVER:               /usr/share/vulkan/icd.d/intel_hasvk_icd.i686.json
[Vulkan Loader] DRIVER:               /usr/share/vulkan/icd.d/radeon_icd.i686.json
[Vulkan Loader] DRIVER:               /usr/share/vulkan/icd.d/intel_icd.x86_64.json
[Vulkan Loader] DRIVER:               /usr/share/vulkan/icd.d/intel_hasvk_icd.x86_64.json
[Vulkan Loader] DRIVER:               /usr/share/vulkan/icd.d/radeon_icd.x86_64.json
[Vulkan Loader] DRIVER:         Found ICD manifest file /etc/vulkan/icd.d/nvidia_icd.json, version 1.0.1
[Vulkan Loader] DEBUG | DRIVER: Searching for ICD drivers named libGLX_nvidia.so.0
[Vulkan Loader] DRIVER:         Found ICD manifest file /usr/share/vulkan/icd.d/intel_icd.i686.json, version 1.0.1
[Vulkan Loader] DEBUG | DRIVER: Searching for ICD drivers named /usr/lib/libvulkan_intel.so
[Vulkan Loader] INFO:           loader_parse_icd_manifest: Driver library architecture doesn't match the current running architecture, skipping this driver
[Vulkan Loader] DRIVER:         Found ICD manifest file /usr/share/vulkan/icd.d/intel_hasvk_icd.i686.json, version 1.0.1
[Vulkan Loader] DEBUG | DRIVER: Searching for ICD drivers named /usr/lib/libvulkan_intel_hasvk.so
[Vulkan Loader] INFO:           loader_parse_icd_manifest: Driver library architecture doesn't match the current running architecture, skipping this driver
[Vulkan Loader] DRIVER:         Found ICD manifest file /usr/share/vulkan/icd.d/radeon_icd.i686.json, version 1.0.1
[Vulkan Loader] DEBUG | DRIVER: Searching for ICD drivers named /usr/lib/libvulkan_radeon.so
[Vulkan Loader] INFO:           loader_parse_icd_manifest: Driver library architecture doesn't match the current running architecture, skipping this driver
[Vulkan Loader] DRIVER:         Found ICD manifest file /usr/share/vulkan/icd.d/intel_icd.x86_64.json, version 1.0.1
[Vulkan Loader] DEBUG | DRIVER: Searching for ICD drivers named /usr/lib64/libvulkan_intel.so
[Vulkan Loader] DRIVER:         Found ICD manifest file /usr/share/vulkan/icd.d/intel_hasvk_icd.x86_64.json, version 1.0.1
[Vulkan Loader] DEBUG | DRIVER: Searching for ICD drivers named /usr/lib64/libvulkan_intel_hasvk.so
[Vulkan Loader] DRIVER:         Found ICD manifest file /usr/share/vulkan/icd.d/radeon_icd.x86_64.json, version 1.0.1
[Vulkan Loader] DEBUG | DRIVER: Searching for ICD drivers named /usr/lib64/libvulkan_radeon.so
[Vulkan Loader] DEBUG | LAYER:  Loading layer library /usr/share/vulkan/implicit_layer.d/../../../lib/liblsfg-vk-layer.so
[Vulkan Loader] ERROR | LAYER:  loader_create_instance_chain: Failed to find 'vkGetInstanceProcAddr' in layer "/usr/share/vulkan/implicit_layer.d/../../../lib/liblsfg-vk-layer.so"
[Vulkan Loader] DEBUG | LAYER:  Loading layer library libVkLayer_MESA_device_select.so
[Vulkan Loader] INFO | LAYER:   Insert instance layer "VK_LAYER_MESA_device_select" (/usr/lib64/libVkLayer_MESA_device_select.so)
[Vulkan Loader] INFO:           /usr/lib/mangohud/lib32/libMangoHud.so: wrong ELF class: ELFCLASS32
[Vulkan Loader] DEBUG | LAYER:  Loading layer library /usr/lib/mangohud/lib64/libMangoHud.so
[Vulkan Loader] INFO | LAYER:   Insert instance layer "VK_LAYER_MANGOHUD_overlay_x86_64" (/usr/lib/mangohud/lib64/libMangoHud.so)
[Vulkan Loader] INFO | LAYER:   Requested layer "VK_LAYER_MANGOHUD_overlay_x86" was wrong bit-type.
[Vulkan Loader] INFO | LAYER:   Shouldn't reach this. A valid version of requested layer VK_LAYER_LSFGVK_frame_generation was loaded but was not found in the list of activated layers.
[Vulkan Loader] LAYER:          vkCreateInstance layer callstack setup to:
[Vulkan Loader] LAYER:             <Application>
[Vulkan Loader] LAYER:               ||
[Vulkan Loader] LAYER:             <Loader>
[Vulkan Loader] LAYER:               ||
[Vulkan Loader] LAYER:             VK_LAYER_MANGOHUD_overlay_x86_64
[Vulkan Loader] LAYER:                     Type: Implicit
[Vulkan Loader] LAYER:                     Enabled By: Implicit Layer
[Vulkan Loader] LAYER:                         Disable Env Var:  DISABLE_MANGOHUD
[Vulkan Loader] LAYER:                         This layer was enabled because Env Var MANGOHUD was set to Value 1
[Vulkan Loader] LAYER:                     Manifest: /usr/share/vulkan/implicit_layer.d/MangoHud.x86_64.json
[Vulkan Loader] LAYER:                     Library:  /usr/lib/mangohud/lib64/libMangoHud.so
[Vulkan Loader] LAYER:               ||
[Vulkan Loader] LAYER:             VK_LAYER_MESA_device_select
[Vulkan Loader] LAYER:                     Type: Implicit
[Vulkan Loader] LAYER:                     Enabled By: Implicit Layer
[Vulkan Loader] LAYER:                         Disable Env Var:  NODEVICE_SELECT
[Vulkan Loader] LAYER:                     Manifest: /usr/share/vulkan/implicit_layer.d/VkLayer_MESA_device_select.json
[Vulkan Loader] LAYER:                     Library:  /usr/lib64/libVkLayer_MESA_device_select.so
[Vulkan Loader] LAYER:               ||
[Vulkan Loader] LAYER:             <Drivers>
[Vulkan Loader] INFO | DRIVER:  linux_read_sorted_physical_devices:
[Vulkan Loader] INFO | DRIVER:       Original order:
[Vulkan Loader] INFO | DRIVER:             [0] NVIDIA GeForce RTX 4080
[Vulkan Loader] INFO | DRIVER:       Sorted order:
[Vulkan Loader] INFO | DRIVER:             [0] NVIDIA GeForce RTX 4080  
[Vulkan Loader] INFO | DRIVER:  linux_read_sorted_physical_devices:
[Vulkan Loader] INFO | DRIVER:       Original order:
[Vulkan Loader] INFO | DRIVER:             [0] NVIDIA GeForce RTX 4080
[Vulkan Loader] INFO | DRIVER:       Sorted order:
[Vulkan Loader] INFO | DRIVER:             [0] NVIDIA GeForce RTX 4080  
[Vulkan Loader] DEBUG | DRIVER: Copying old device 0 into new device 0
[Vulkan Loader] INFO | DRIVER:  linux_read_sorted_physical_devices:
[Vulkan Loader] INFO | DRIVER:       Original order:
[Vulkan Loader] INFO | DRIVER:             [0] NVIDIA GeForce RTX 4080
[Vulkan Loader] INFO | DRIVER:       Sorted order:
[Vulkan Loader] INFO | DRIVER:             [0] NVIDIA GeForce RTX 4080  
[Vulkan Loader] DEBUG | DRIVER: Copying old device 0 into new device 0
[Vulkan Loader] INFO | DRIVER:  linux_read_sorted_physical_devices:
[Vulkan Loader] INFO | DRIVER:       Original order:
[Vulkan Loader] INFO | DRIVER:             [0] NVIDIA GeForce RTX 4080
[Vulkan Loader] INFO | DRIVER:       Sorted order:
[Vulkan Loader] INFO | DRIVER:             [0] NVIDIA GeForce RTX 4080  
[Vulkan Loader] DEBUG | DRIVER: Copying old device 0 into new device 0
[Vulkan Loader] INFO | DRIVER:  linux_read_sorted_physical_devices:
[Vulkan Loader] INFO | DRIVER:       Original order:
[Vulkan Loader] INFO | DRIVER:             [0] NVIDIA GeForce RTX 4080
[Vulkan Loader] INFO | DRIVER:       Sorted order:
[Vulkan Loader] INFO | DRIVER:             [0] NVIDIA GeForce RTX 4080  
[Vulkan Loader] DEBUG | DRIVER: Copying old device 0 into new device 0
[Vulkan Loader] INFO | DRIVER:  linux_read_sorted_physical_devices:
[Vulkan Loader] INFO | DRIVER:       Original order:
[Vulkan Loader] INFO | DRIVER:             [0] NVIDIA GeForce RTX 4080
[Vulkan Loader] INFO | DRIVER:       Sorted order:
[Vulkan Loader] INFO | DRIVER:             [0] NVIDIA GeForce RTX 4080  
[Vulkan Loader] DEBUG | DRIVER: Copying old device 0 into new device 0
[Vulkan Loader] INFO | DRIVER:  linux_read_sorted_physical_devices:
[Vulkan Loader] INFO | DRIVER:       Original order:
[Vulkan Loader] INFO | DRIVER:             [0] NVIDIA GeForce RTX 4080
[Vulkan Loader] INFO | DRIVER:       Sorted order:
[Vulkan Loader] INFO | DRIVER:             [0] NVIDIA GeForce RTX 4080  
[Vulkan Loader] DEBUG | DRIVER: Copying old device 0 into new device 0
[Vulkan Loader] INFO | DRIVER:  linux_read_sorted_physical_devices:
[Vulkan Loader] INFO | DRIVER:       Original order:
[Vulkan Loader] INFO | DRIVER:             [0] NVIDIA GeForce RTX 4080
[Vulkan Loader] INFO | DRIVER:       Sorted order:
[Vulkan Loader] INFO | DRIVER:             [0] NVIDIA GeForce RTX 4080  
[Vulkan Loader] DEBUG | DRIVER: Copying old device 0 into new device 0
[Vulkan Loader] INFO | DRIVER:  Removing driver /usr/lib64/libvulkan_radeon.so due to not having any physical devices
[Vulkan Loader] INFO | DRIVER:  Removing driver /usr/lib64/libvulkan_intel_hasvk.so due to not having any physical devices
[Vulkan Loader] INFO | DRIVER:  Removing driver /usr/lib64/libvulkan_intel.so due to not having any physical devices
[Vulkan Loader] INFO | DRIVER:  linux_read_sorted_physical_devices:
[Vulkan Loader] INFO | DRIVER:       Original order:
[Vulkan Loader] INFO | DRIVER:             [0] NVIDIA GeForce RTX 4080
[Vulkan Loader] INFO | DRIVER:       Sorted order:
[Vulkan Loader] INFO | DRIVER:             [0] NVIDIA GeForce RTX 4080  
[Vulkan Loader] DEBUG | DRIVER: Copying old device 0 into new device 0
[Vulkan Loader] INFO | DRIVER:  linux_read_sorted_physical_devices:
[Vulkan Loader] INFO | DRIVER:       Original order:
[Vulkan Loader] INFO | DRIVER:             [0] NVIDIA GeForce RTX 4080
[Vulkan Loader] INFO | DRIVER:       Sorted order:
[Vulkan Loader] INFO | DRIVER:             [0] NVIDIA GeForce RTX 4080  
[Vulkan Loader] DEBUG | DRIVER: Copying old device 0 into new device 0
[Vulkan Loader] INFO | DRIVER:  linux_read_sorted_physical_devices:
[Vulkan Loader] INFO | DRIVER:       Original order:
[Vulkan Loader] INFO | DRIVER:             [0] NVIDIA GeForce RTX 4080
[Vulkan Loader] INFO | DRIVER:       Sorted order:
[Vulkan Loader] INFO | DRIVER:             [0] NVIDIA GeForce RTX 4080  
[Vulkan Loader] DEBUG | DRIVER: Copying old device 0 into new device 0
[Vulkan Loader] INFO | DRIVER:  linux_read_sorted_physical_devices:
[Vulkan Loader] INFO | DRIVER:       Original order:
[Vulkan Loader] INFO | DRIVER:             [0] NVIDIA GeForce RTX 4080
[Vulkan Loader] INFO | DRIVER:       Sorted order:
[Vulkan Loader] INFO | DRIVER:             [0] NVIDIA GeForce RTX 4080  
[Vulkan Loader] DEBUG | DRIVER: Copying old device 0 into new device 0
[Vulkan Loader] DEBUG | LAYER:  Unloading layer library /usr/lib/mangohud/lib64/libMangoHud.so
[Vulkan Loader] DEBUG | LAYER:  Unloading layer library /usr/lib64/libVkLayer_MESA_device_select.so
[Vulkan Loader] DEBUG | LAYER:  Unloading layer library /usr/share/vulkan/implicit_layer.d/../../../lib/liblsfg-vk-layer.so
[Vulkan Loader] INFO:           No valid vk_loader_settings.json file found, no loader settings will be active
[Vulkan Loader] LAYER:          Searching for implicit layer manifest files
[Vulkan Loader] LAYER:             In following locations:
[Vulkan Loader] LAYER:                /home/hans/.config/vulkan/implicit_layer.d
[Vulkan Loader] LAYER:                /home/hans/.config/kdedefaults/vulkan/implicit_layer.d
[Vulkan Loader] LAYER:                /etc/xdg/vulkan/implicit_layer.d
[Vulkan Loader] LAYER:                /etc/vulkan/implicit_layer.d
[Vulkan Loader] LAYER:                /home/hans/.local/share/vulkan/implicit_layer.d
[Vulkan Loader] LAYER:                /home/hans/.local/share/flatpak/exports/share/vulkan/implicit_layer.d
[Vulkan Loader] LAYER:                /var/lib/flatpak/exports/share/vulkan/implicit_layer.d
[Vulkan Loader] LAYER:                /usr/local/share/vulkan/implicit_layer.d
[Vulkan Loader] LAYER:                /usr/share/vulkan/implicit_layer.d
[Vulkan Loader] LAYER:                /etc/eselect/wine/share/vulkan/implicit_layer.d
[Vulkan Loader] LAYER:             Found the following files:
[Vulkan Loader] LAYER:                /etc/vulkan/implicit_layer.d/nvidia_layers.json
[Vulkan Loader] LAYER:                /home/hans/.local/share/vulkan/implicit_layer.d/steamoverlay_i386.json
[Vulkan Loader] LAYER:                /home/hans/.local/share/vulkan/implicit_layer.d/steamoverlay_x86_64.json
[Vulkan Loader] LAYER:                /home/hans/.local/share/vulkan/implicit_layer.d/steamfossilize_i386.json
[Vulkan Loader] LAYER:                /home/hans/.local/share/vulkan/implicit_layer.d/steamfossilize_x86_64.json
[Vulkan Loader] LAYER:                /usr/share/vulkan/implicit_layer.d/VkLayer_MESA_anti_lag.json
[Vulkan Loader] LAYER:                /usr/share/vulkan/implicit_layer.d/MangoHud.x86_64.json
[Vulkan Loader] LAYER:                /usr/share/vulkan/implicit_layer.d/MangoHud.x86.json
[Vulkan Loader] LAYER:                /usr/share/vulkan/implicit_layer.d/VkLayer_MESA_device_select.json
[Vulkan Loader] LAYER:                /usr/share/vulkan/implicit_layer.d/VkLayer_LSFGVK_frame_generation.json
[Vulkan Loader] INFO:           Found manifest file /etc/vulkan/implicit_layer.d/nvidia_layers.json (file version 1.0.1)
[Vulkan Loader] INFO:           Found manifest file /home/hans/.local/share/vulkan/implicit_layer.d/steamoverlay_i386.json (file version 1.0.0)
[Vulkan Loader] INFO:           Found manifest file /home/hans/.local/share/vulkan/implicit_layer.d/steamoverlay_x86_64.json (file version 1.0.0)
[Vulkan Loader] INFO:           Found manifest file /home/hans/.local/share/vulkan/implicit_layer.d/steamfossilize_i386.json (file version 1.0.0)
[Vulkan Loader] INFO:           Found manifest file /home/hans/.local/share/vulkan/implicit_layer.d/steamfossilize_x86_64.json (file version 1.0.0)
[Vulkan Loader] INFO:           Found manifest file /usr/share/vulkan/implicit_layer.d/VkLayer_MESA_anti_lag.json (file version 1.2.1)
[Vulkan Loader] INFO:           Found manifest file /usr/share/vulkan/implicit_layer.d/MangoHud.x86_64.json (file version 1.0.0)
[Vulkan Loader] INFO:           Found manifest file /usr/share/vulkan/implicit_layer.d/MangoHud.x86.json (file version 1.0.0)
[Vulkan Loader] INFO:           Found manifest file /usr/share/vulkan/implicit_layer.d/VkLayer_MESA_device_select.json (file version 1.0.0)
[Vulkan Loader] INFO:           Found manifest file /usr/share/vulkan/implicit_layer.d/VkLayer_LSFGVK_frame_generation.json (file version 1.1.0)
[Vulkan Loader] DRIVER:         Searching for driver manifest files
[Vulkan Loader] DRIVER:            In following locations:
[Vulkan Loader] DRIVER:               /home/hans/.config/vulkan/icd.d
[Vulkan Loader] DRIVER:               /home/hans/.config/kdedefaults/vulkan/icd.d
[Vulkan Loader] DRIVER:               /etc/xdg/vulkan/icd.d
[Vulkan Loader] DRIVER:               /etc/vulkan/icd.d
[Vulkan Loader] DRIVER:               /home/hans/.local/share/vulkan/icd.d
[Vulkan Loader] DRIVER:               /home/hans/.local/share/flatpak/exports/share/vulkan/icd.d
[Vulkan Loader] DRIVER:               /var/lib/flatpak/exports/share/vulkan/icd.d
[Vulkan Loader] DRIVER:               /usr/local/share/vulkan/icd.d
[Vulkan Loader] DRIVER:               /usr/share/vulkan/icd.d
[Vulkan Loader] DRIVER:               /etc/eselect/wine/share/vulkan/icd.d
[Vulkan Loader] DRIVER:            Found the following files:
[Vulkan Loader] DRIVER:               /etc/vulkan/icd.d/nvidia_icd.json
[Vulkan Loader] DRIVER:               /usr/share/vulkan/icd.d/intel_icd.i686.json
[Vulkan Loader] DRIVER:               /usr/share/vulkan/icd.d/intel_hasvk_icd.i686.json
[Vulkan Loader] DRIVER:               /usr/share/vulkan/icd.d/radeon_icd.i686.json
[Vulkan Loader] DRIVER:               /usr/share/vulkan/icd.d/intel_icd.x86_64.json
[Vulkan Loader] DRIVER:               /usr/share/vulkan/icd.d/intel_hasvk_icd.x86_64.json
[Vulkan Loader] DRIVER:               /usr/share/vulkan/icd.d/radeon_icd.x86_64.json
[Vulkan Loader] DRIVER:         Found ICD manifest file /etc/vulkan/icd.d/nvidia_icd.json, version 1.0.1
[Vulkan Loader] DEBUG | DRIVER: Searching for ICD drivers named libGLX_nvidia.so.0
[Vulkan Loader] DRIVER:         Found ICD manifest file /usr/share/vulkan/icd.d/intel_icd.i686.json, version 1.0.1
[Vulkan Loader] DEBUG | DRIVER: Searching for ICD drivers named /usr/lib/libvulkan_intel.so
[Vulkan Loader] INFO:           loader_parse_icd_manifest: Driver library architecture doesn't match the current running architecture, skipping this driver
[Vulkan Loader] DRIVER:         Found ICD manifest file /usr/share/vulkan/icd.d/intel_hasvk_icd.i686.json, version 1.0.1
[Vulkan Loader] DEBUG | DRIVER: Searching for ICD drivers named /usr/lib/libvulkan_intel_hasvk.so
[Vulkan Loader] INFO:           loader_parse_icd_manifest: Driver library architecture doesn't match the current running architecture, skipping this driver
[Vulkan Loader] DRIVER:         Found ICD manifest file /usr/share/vulkan/icd.d/radeon_icd.i686.json, version 1.0.1
[Vulkan Loader] DEBUG | DRIVER: Searching for ICD drivers named /usr/lib/libvulkan_radeon.so
[Vulkan Loader] INFO:           loader_parse_icd_manifest: Driver library architecture doesn't match the current running architecture, skipping this driver
[Vulkan Loader] DRIVER:         Found ICD manifest file /usr/share/vulkan/icd.d/intel_icd.x86_64.json, version 1.0.1
[Vulkan Loader] DEBUG | DRIVER: Searching for ICD drivers named /usr/lib64/libvulkan_intel.so
[Vulkan Loader] DRIVER:         Found ICD manifest file /usr/share/vulkan/icd.d/intel_hasvk_icd.x86_64.json, version 1.0.1
[Vulkan Loader] DEBUG | DRIVER: Searching for ICD drivers named /usr/lib64/libvulkan_intel_hasvk.so
[Vulkan Loader] DRIVER:         Found ICD manifest file /usr/share/vulkan/icd.d/radeon_icd.x86_64.json, version 1.0.1
[Vulkan Loader] DEBUG | DRIVER: Searching for ICD drivers named /usr/lib64/libvulkan_radeon.so
[Vulkan Loader] DRIVER:         Searching for driver manifest files
[Vulkan Loader] DRIVER:            In following locations:
[Vulkan Loader] DRIVER:               /home/hans/.config/vulkan/icd.d
[Vulkan Loader] DRIVER:               /home/hans/.config/kdedefaults/vulkan/icd.d
[Vulkan Loader] DRIVER:               /etc/xdg/vulkan/icd.d
[Vulkan Loader] DRIVER:               /etc/vulkan/icd.d
[Vulkan Loader] DRIVER:               /home/hans/.local/share/vulkan/icd.d
[Vulkan Loader] DRIVER:               /home/hans/.local/share/flatpak/exports/share/vulkan/icd.d
[Vulkan Loader] DRIVER:               /var/lib/flatpak/exports/share/vulkan/icd.d
[Vulkan Loader] DRIVER:               /usr/local/share/vulkan/icd.d
[Vulkan Loader] DRIVER:               /usr/share/vulkan/icd.d
[Vulkan Loader] DRIVER:               /etc/eselect/wine/share/vulkan/icd.d
[Vulkan Loader] DRIVER:            Found the following files:
[Vulkan Loader] DRIVER:               /etc/vulkan/icd.d/nvidia_icd.json
[Vulkan Loader] DRIVER:               /usr/share/vulkan/icd.d/intel_icd.i686.json
[Vulkan Loader] DRIVER:               /usr/share/vulkan/icd.d/intel_hasvk_icd.i686.json
[Vulkan Loader] DRIVER:               /usr/share/vulkan/icd.d/radeon_icd.i686.json
[Vulkan Loader] DRIVER:               /usr/share/vulkan/icd.d/intel_icd.x86_64.json
[Vulkan Loader] DRIVER:               /usr/share/vulkan/icd.d/intel_hasvk_icd.x86_64.json
[Vulkan Loader] DRIVER:               /usr/share/vulkan/icd.d/radeon_icd.x86_64.json
[Vulkan Loader] DRIVER:         Found ICD manifest file /etc/vulkan/icd.d/nvidia_icd.json, version 1.0.1
[Vulkan Loader] DEBUG | DRIVER: Searching for ICD drivers named libGLX_nvidia.so.0
[Vulkan Loader] DRIVER:         Found ICD manifest file /usr/share/vulkan/icd.d/intel_icd.i686.json, version 1.0.1
[Vulkan Loader] DEBUG | DRIVER: Searching for ICD drivers named /usr/lib/libvulkan_intel.so
[Vulkan Loader] INFO:           loader_parse_icd_manifest: Driver library architecture doesn't match the current running architecture, skipping this driver
[Vulkan Loader] DRIVER:         Found ICD manifest file /usr/share/vulkan/icd.d/intel_hasvk_icd.i686.json, version 1.0.1
[Vulkan Loader] DEBUG | DRIVER: Searching for ICD drivers named /usr/lib/libvulkan_intel_hasvk.so
[Vulkan Loader] INFO:           loader_parse_icd_manifest: Driver library architecture doesn't match the current running architecture, skipping this driver
[Vulkan Loader] DRIVER:         Found ICD manifest file /usr/share/vulkan/icd.d/radeon_icd.i686.json, version 1.0.1
[Vulkan Loader] DEBUG | DRIVER: Searching for ICD drivers named /usr/lib/libvulkan_radeon.so
[Vulkan Loader] INFO:           loader_parse_icd_manifest: Driver library architecture doesn't match the current running architecture, skipping this driver
[Vulkan Loader] DRIVER:         Found ICD manifest file /usr/share/vulkan/icd.d/intel_icd.x86_64.json, version 1.0.1
[Vulkan Loader] DEBUG | DRIVER: Searching for ICD drivers named /usr/lib64/libvulkan_intel.so
[Vulkan Loader] DRIVER:         Found ICD manifest file /usr/share/vulkan/icd.d/intel_hasvk_icd.x86_64.json, version 1.0.1
[Vulkan Loader] DEBUG | DRIVER: Searching for ICD drivers named /usr/lib64/libvulkan_intel_hasvk.so
[Vulkan Loader] DRIVER:         Found ICD manifest file /usr/share/vulkan/icd.d/radeon_icd.x86_64.json, version 1.0.1
[Vulkan Loader] DEBUG | DRIVER: Searching for ICD drivers named /usr/lib64/libvulkan_radeon.so
[Vulkan Loader] LAYER:          Searching for implicit layer manifest files
[Vulkan Loader] LAYER:             In following locations:
[Vulkan Loader] LAYER:                /home/hans/.config/vulkan/implicit_layer.d
[Vulkan Loader] LAYER:                /home/hans/.config/kdedefaults/vulkan/implicit_layer.d
[Vulkan Loader] LAYER:                /etc/xdg/vulkan/implicit_layer.d
[Vulkan Loader] LAYER:                /etc/vulkan/implicit_layer.d
[Vulkan Loader] LAYER:                /home/hans/.local/share/vulkan/implicit_layer.d
[Vulkan Loader] LAYER:                /home/hans/.local/share/flatpak/exports/share/vulkan/implicit_layer.d
[Vulkan Loader] LAYER:                /var/lib/flatpak/exports/share/vulkan/implicit_layer.d
[Vulkan Loader] LAYER:                /usr/local/share/vulkan/implicit_layer.d
[Vulkan Loader] LAYER:                /usr/share/vulkan/implicit_layer.d
[Vulkan Loader] LAYER:                /etc/eselect/wine/share/vulkan/implicit_layer.d
[Vulkan Loader] LAYER:             Found the following files:
[Vulkan Loader] LAYER:                /etc/vulkan/implicit_layer.d/nvidia_layers.json
[Vulkan Loader] LAYER:                /home/hans/.local/share/vulkan/implicit_layer.d/steamoverlay_i386.json
[Vulkan Loader] LAYER:                /home/hans/.local/share/vulkan/implicit_layer.d/steamoverlay_x86_64.json
[Vulkan Loader] LAYER:                /home/hans/.local/share/vulkan/implicit_layer.d/steamfossilize_i386.json
[Vulkan Loader] LAYER:                /home/hans/.local/share/vulkan/implicit_layer.d/steamfossilize_x86_64.json
[Vulkan Loader] LAYER:                /usr/share/vulkan/implicit_layer.d/VkLayer_MESA_anti_lag.json
[Vulkan Loader] LAYER:                /usr/share/vulkan/implicit_layer.d/MangoHud.x86_64.json
[Vulkan Loader] LAYER:                /usr/share/vulkan/implicit_layer.d/MangoHud.x86.json
[Vulkan Loader] LAYER:                /usr/share/vulkan/implicit_layer.d/VkLayer_MESA_device_select.json
[Vulkan Loader] LAYER:                /usr/share/vulkan/implicit_layer.d/VkLayer_LSFGVK_frame_generation.json
[Vulkan Loader] INFO:           Found manifest file /etc/vulkan/implicit_layer.d/nvidia_layers.json (file version 1.0.1)
[Vulkan Loader] INFO:           Found manifest file /home/hans/.local/share/vulkan/implicit_layer.d/steamoverlay_i386.json (file version 1.0.0)
[Vulkan Loader] INFO:           Found manifest file /home/hans/.local/share/vulkan/implicit_layer.d/steamoverlay_x86_64.json (file version 1.0.0)
[Vulkan Loader] INFO:           Found manifest file /home/hans/.local/share/vulkan/implicit_layer.d/steamfossilize_i386.json (file version 1.0.0)
[Vulkan Loader] INFO:           Found manifest file /home/hans/.local/share/vulkan/implicit_layer.d/steamfossilize_x86_64.json (file version 1.0.0)
[Vulkan Loader] INFO:           Found manifest file /usr/share/vulkan/implicit_layer.d/VkLayer_MESA_anti_lag.json (file version 1.2.1)
[Vulkan Loader] INFO:           Found manifest file /usr/share/vulkan/implicit_layer.d/MangoHud.x86_64.json (file version 1.0.0)
[Vulkan Loader] INFO:           Found manifest file /usr/share/vulkan/implicit_layer.d/MangoHud.x86.json (file version 1.0.0)
[Vulkan Loader] INFO:           Found manifest file /usr/share/vulkan/implicit_layer.d/VkLayer_MESA_device_select.json (file version 1.0.0)
[Vulkan Loader] INFO:           Found manifest file /usr/share/vulkan/implicit_layer.d/VkLayer_LSFGVK_frame_generation.json (file version 1.1.0)
[Vulkan Loader] INFO:           No valid vk_loader_settings.json file found, no loader settings will be active
[Vulkan Loader] LAYER:          Searching for implicit layer manifest files
[Vulkan Loader] LAYER:             In following locations:
[Vulkan Loader] LAYER:                /home/hans/.config/vulkan/implicit_layer.d
[Vulkan Loader] LAYER:                /home/hans/.config/kdedefaults/vulkan/implicit_layer.d
[Vulkan Loader] LAYER:                /etc/xdg/vulkan/implicit_layer.d
[Vulkan Loader] LAYER:                /etc/vulkan/implicit_layer.d
[Vulkan Loader] LAYER:                /home/hans/.local/share/vulkan/implicit_layer.d
[Vulkan Loader] LAYER:                /home/hans/.local/share/flatpak/exports/share/vulkan/implicit_layer.d
[Vulkan Loader] LAYER:                /var/lib/flatpak/exports/share/vulkan/implicit_layer.d
[Vulkan Loader] LAYER:                /usr/local/share/vulkan/implicit_layer.d
[Vulkan Loader] LAYER:                /usr/share/vulkan/implicit_layer.d
[Vulkan Loader] LAYER:                /etc/eselect/wine/share/vulkan/implicit_layer.d
[Vulkan Loader] LAYER:             Found the following files:
[Vulkan Loader] LAYER:                /etc/vulkan/implicit_layer.d/nvidia_layers.json
[Vulkan Loader] LAYER:                /home/hans/.local/share/vulkan/implicit_layer.d/steamoverlay_i386.json
[Vulkan Loader] LAYER:                /home/hans/.local/share/vulkan/implicit_layer.d/steamoverlay_x86_64.json
[Vulkan Loader] LAYER:                /home/hans/.local/share/vulkan/implicit_layer.d/steamfossilize_i386.json
[Vulkan Loader] LAYER:                /home/hans/.local/share/vulkan/implicit_layer.d/steamfossilize_x86_64.json
[Vulkan Loader] LAYER:                /usr/share/vulkan/implicit_layer.d/VkLayer_MESA_anti_lag.json
[Vulkan Loader] LAYER:                /usr/share/vulkan/implicit_layer.d/MangoHud.x86_64.json
[Vulkan Loader] LAYER:                /usr/share/vulkan/implicit_layer.d/MangoHud.x86.json
[Vulkan Loader] LAYER:                /usr/share/vulkan/implicit_layer.d/VkLayer_MESA_device_select.json
[Vulkan Loader] LAYER:                /usr/share/vulkan/implicit_layer.d/VkLayer_LSFGVK_frame_generation.json
[Vulkan Loader] INFO:           Found manifest file /etc/vulkan/implicit_layer.d/nvidia_layers.json (file version 1.0.1)
[Vulkan Loader] INFO:           Found manifest file /home/hans/.local/share/vulkan/implicit_layer.d/steamoverlay_i386.json (file version 1.0.0)
[Vulkan Loader] INFO:           Found manifest file /home/hans/.local/share/vulkan/implicit_layer.d/steamoverlay_x86_64.json (file version 1.0.0)
[Vulkan Loader] INFO:           Found manifest file /home/hans/.local/share/vulkan/implicit_layer.d/steamfossilize_i386.json (file version 1.0.0)
[Vulkan Loader] INFO:           Found manifest file /home/hans/.local/share/vulkan/implicit_layer.d/steamfossilize_x86_64.json (file version 1.0.0)
[Vulkan Loader] INFO:           Found manifest file /usr/share/vulkan/implicit_layer.d/VkLayer_MESA_anti_lag.json (file version 1.2.1)
[Vulkan Loader] INFO:           Found manifest file /usr/share/vulkan/implicit_layer.d/MangoHud.x86_64.json (file version 1.0.0)
[Vulkan Loader] INFO:           Found manifest file /usr/share/vulkan/implicit_layer.d/MangoHud.x86.json (file version 1.0.0)
[Vulkan Loader] INFO:           Found manifest file /usr/share/vulkan/implicit_layer.d/VkLayer_MESA_device_select.json (file version 1.0.0)
[Vulkan Loader] INFO:           Found manifest file /usr/share/vulkan/implicit_layer.d/VkLayer_LSFGVK_frame_generation.json (file version 1.1.0)
[Vulkan Loader] DRIVER:         Searching for driver manifest files
[Vulkan Loader] DRIVER:            In following locations:
[Vulkan Loader] DRIVER:               /home/hans/.config/vulkan/icd.d
[Vulkan Loader] DRIVER:               /home/hans/.config/kdedefaults/vulkan/icd.d
[Vulkan Loader] DRIVER:               /etc/xdg/vulkan/icd.d
[Vulkan Loader] DRIVER:               /etc/vulkan/icd.d
[Vulkan Loader] DRIVER:               /home/hans/.local/share/vulkan/icd.d
[Vulkan Loader] DRIVER:               /home/hans/.local/share/flatpak/exports/share/vulkan/icd.d
[Vulkan Loader] DRIVER:               /var/lib/flatpak/exports/share/vulkan/icd.d
[Vulkan Loader] DRIVER:               /usr/local/share/vulkan/icd.d
[Vulkan Loader] DRIVER:               /usr/share/vulkan/icd.d
[Vulkan Loader] DRIVER:               /etc/eselect/wine/share/vulkan/icd.d
[Vulkan Loader] DRIVER:            Found the following files:
[Vulkan Loader] DRIVER:               /etc/vulkan/icd.d/nvidia_icd.json
[Vulkan Loader] DRIVER:               /usr/share/vulkan/icd.d/intel_icd.i686.json
[Vulkan Loader] DRIVER:               /usr/share/vulkan/icd.d/intel_hasvk_icd.i686.json
[Vulkan Loader] DRIVER:               /usr/share/vulkan/icd.d/radeon_icd.i686.json
[Vulkan Loader] DRIVER:               /usr/share/vulkan/icd.d/intel_icd.x86_64.json
[Vulkan Loader] DRIVER:               /usr/share/vulkan/icd.d/intel_hasvk_icd.x86_64.json
[Vulkan Loader] DRIVER:               /usr/share/vulkan/icd.d/radeon_icd.x86_64.json
[Vulkan Loader] DRIVER:         Found ICD manifest file /etc/vulkan/icd.d/nvidia_icd.json, version 1.0.1
[Vulkan Loader] DEBUG | DRIVER: Searching for ICD drivers named libGLX_nvidia.so.0
[Vulkan Loader] DRIVER:         Found ICD manifest file /usr/share/vulkan/icd.d/intel_icd.i686.json, version 1.0.1
[Vulkan Loader] DEBUG | DRIVER: Searching for ICD drivers named /usr/lib/libvulkan_intel.so
[Vulkan Loader] INFO:           loader_parse_icd_manifest: Driver library architecture doesn't match the current running architecture, skipping this driver
[Vulkan Loader] DRIVER:         Found ICD manifest file /usr/share/vulkan/icd.d/intel_hasvk_icd.i686.json, version 1.0.1
[Vulkan Loader] DEBUG | DRIVER: Searching for ICD drivers named /usr/lib/libvulkan_intel_hasvk.so
[Vulkan Loader] INFO:           loader_parse_icd_manifest: Driver library architecture doesn't match the current running architecture, skipping this driver
[Vulkan Loader] DRIVER:         Found ICD manifest file /usr/share/vulkan/icd.d/radeon_icd.i686.json, version 1.0.1
[Vulkan Loader] DEBUG | DRIVER: Searching for ICD drivers named /usr/lib/libvulkan_radeon.so
[Vulkan Loader] INFO:           loader_parse_icd_manifest: Driver library architecture doesn't match the current running architecture, skipping this driver
[Vulkan Loader] DRIVER:         Found ICD manifest file /usr/share/vulkan/icd.d/intel_icd.x86_64.json, version 1.0.1
[Vulkan Loader] DEBUG | DRIVER: Searching for ICD drivers named /usr/lib64/libvulkan_intel.so
[Vulkan Loader] DRIVER:         Found ICD manifest file /usr/share/vulkan/icd.d/intel_hasvk_icd.x86_64.json, version 1.0.1
[Vulkan Loader] DEBUG | DRIVER: Searching for ICD drivers named /usr/lib64/libvulkan_intel_hasvk.so
[Vulkan Loader] DRIVER:         Found ICD manifest file /usr/share/vulkan/icd.d/radeon_icd.x86_64.json, version 1.0.1
[Vulkan Loader] DEBUG | DRIVER: Searching for ICD drivers named /usr/lib64/libvulkan_radeon.so
[Vulkan Loader] LAYER:          Searching for implicit layer manifest files
[Vulkan Loader] LAYER:             In following locations:
[Vulkan Loader] LAYER:                /home/hans/.config/vulkan/implicit_layer.d
[Vulkan Loader] LAYER:                /home/hans/.config/kdedefaults/vulkan/implicit_layer.d
[Vulkan Loader] LAYER:                /etc/xdg/vulkan/implicit_layer.d
[Vulkan Loader] LAYER:                /etc/vulkan/implicit_layer.d
[Vulkan Loader] LAYER:                /home/hans/.local/share/vulkan/implicit_layer.d
[Vulkan Loader] LAYER:                /home/hans/.local/share/flatpak/exports/share/vulkan/implicit_layer.d
[Vulkan Loader] LAYER:                /var/lib/flatpak/exports/share/vulkan/implicit_layer.d
[Vulkan Loader] LAYER:                /usr/local/share/vulkan/implicit_layer.d
[Vulkan Loader] LAYER:                /usr/share/vulkan/implicit_layer.d
[Vulkan Loader] LAYER:                /etc/eselect/wine/share/vulkan/implicit_layer.d
[Vulkan Loader] LAYER:             Found the following files:
[Vulkan Loader] LAYER:                /etc/vulkan/implicit_layer.d/nvidia_layers.json
[Vulkan Loader] LAYER:                /home/hans/.local/share/vulkan/implicit_layer.d/steamoverlay_i386.json
[Vulkan Loader] LAYER:                /home/hans/.local/share/vulkan/implicit_layer.d/steamoverlay_x86_64.json
[Vulkan Loader] LAYER:                /home/hans/.local/share/vulkan/implicit_layer.d/steamfossilize_i386.json
[Vulkan Loader] LAYER:                /home/hans/.local/share/vulkan/implicit_layer.d/steamfossilize_x86_64.json
[Vulkan Loader] LAYER:                /usr/share/vulkan/implicit_layer.d/VkLayer_MESA_anti_lag.json
[Vulkan Loader] LAYER:                /usr/share/vulkan/implicit_layer.d/MangoHud.x86_64.json
[Vulkan Loader] LAYER:                /usr/share/vulkan/implicit_layer.d/MangoHud.x86.json
[Vulkan Loader] LAYER:                /usr/share/vulkan/implicit_layer.d/VkLayer_MESA_device_select.json
[Vulkan Loader] LAYER:                /usr/share/vulkan/implicit_layer.d/VkLayer_LSFGVK_frame_generation.json
[Vulkan Loader] INFO:           Found manifest file /etc/vulkan/implicit_layer.d/nvidia_layers.json (file version 1.0.1)
[Vulkan Loader] INFO:           Found manifest file /home/hans/.local/share/vulkan/implicit_layer.d/steamoverlay_i386.json (file version 1.0.0)
[Vulkan Loader] INFO:           Found manifest file /home/hans/.local/share/vulkan/implicit_layer.d/steamoverlay_x86_64.json (file version 1.0.0)
[Vulkan Loader] INFO:           Found manifest file /home/hans/.local/share/vulkan/implicit_layer.d/steamfossilize_i386.json (file version 1.0.0)
[Vulkan Loader] INFO:           Found manifest file /home/hans/.local/share/vulkan/implicit_layer.d/steamfossilize_x86_64.json (file version 1.0.0)
[Vulkan Loader] INFO:           Found manifest file /usr/share/vulkan/implicit_layer.d/VkLayer_MESA_anti_lag.json (file version 1.2.1)
[Vulkan Loader] INFO:           Found manifest file /usr/share/vulkan/implicit_layer.d/MangoHud.x86_64.json (file version 1.0.0)
[Vulkan Loader] INFO:           Found manifest file /usr/share/vulkan/implicit_layer.d/MangoHud.x86.json (file version 1.0.0)
[Vulkan Loader] INFO:           Found manifest file /usr/share/vulkan/implicit_layer.d/VkLayer_MESA_device_select.json (file version 1.0.0)
[Vulkan Loader] INFO:           Found manifest file /usr/share/vulkan/implicit_layer.d/VkLayer_LSFGVK_frame_generation.json (file version 1.1.0)
[Vulkan Loader] INFO:           No valid vk_loader_settings.json file found, no loader settings will be active
[Vulkan Loader] LAYER:          Searching for implicit layer manifest files
[Vulkan Loader] LAYER:             In following locations:
[Vulkan Loader] LAYER:                /home/hans/.config/vulkan/implicit_layer.d
[Vulkan Loader] LAYER:                /home/hans/.config/kdedefaults/vulkan/implicit_layer.d
[Vulkan Loader] LAYER:                /etc/xdg/vulkan/implicit_layer.d
[Vulkan Loader] LAYER:                /etc/vulkan/implicit_layer.d
[Vulkan Loader] LAYER:                /home/hans/.local/share/vulkan/implicit_layer.d
[Vulkan Loader] LAYER:                /home/hans/.local/share/flatpak/exports/share/vulkan/implicit_layer.d
[Vulkan Loader] LAYER:                /var/lib/flatpak/exports/share/vulkan/implicit_layer.d
[Vulkan Loader] LAYER:                /usr/local/share/vulkan/implicit_layer.d
[Vulkan Loader] LAYER:                /usr/share/vulkan/implicit_layer.d
[Vulkan Loader] LAYER:                /etc/eselect/wine/share/vulkan/implicit_layer.d
[Vulkan Loader] LAYER:             Found the following files:
[Vulkan Loader] LAYER:                /etc/vulkan/implicit_layer.d/nvidia_layers.json
[Vulkan Loader] LAYER:                /home/hans/.local/share/vulkan/implicit_layer.d/steamoverlay_i386.json
[Vulkan Loader] LAYER:                /home/hans/.local/share/vulkan/implicit_layer.d/steamoverlay_x86_64.json
[Vulkan Loader] LAYER:                /home/hans/.local/share/vulkan/implicit_layer.d/steamfossilize_i386.json
[Vulkan Loader] LAYER:                /home/hans/.local/share/vulkan/implicit_layer.d/steamfossilize_x86_64.json
[Vulkan Loader] LAYER:                /usr/share/vulkan/implicit_layer.d/VkLayer_MESA_anti_lag.json
[Vulkan Loader] LAYER:                /usr/share/vulkan/implicit_layer.d/MangoHud.x86_64.json
[Vulkan Loader] LAYER:                /usr/share/vulkan/implicit_layer.d/MangoHud.x86.json
[Vulkan Loader] LAYER:                /usr/share/vulkan/implicit_layer.d/VkLayer_MESA_device_select.json
[Vulkan Loader] LAYER:                /usr/share/vulkan/implicit_layer.d/VkLayer_LSFGVK_frame_generation.json
[Vulkan Loader] INFO:           Found manifest file /etc/vulkan/implicit_layer.d/nvidia_layers.json (file version 1.0.1)
[Vulkan Loader] INFO:           Found manifest file /home/hans/.local/share/vulkan/implicit_layer.d/steamoverlay_i386.json (file version 1.0.0)
[Vulkan Loader] INFO:           Found manifest file /home/hans/.local/share/vulkan/implicit_layer.d/steamoverlay_x86_64.json (file version 1.0.0)
[Vulkan Loader] INFO:           Found manifest file /home/hans/.local/share/vulkan/implicit_layer.d/steamfossilize_i386.json (file version 1.0.0)
[Vulkan Loader] INFO:           Found manifest file /home/hans/.local/share/vulkan/implicit_layer.d/steamfossilize_x86_64.json (file version 1.0.0)
[Vulkan Loader] INFO:           Found manifest file /usr/share/vulkan/implicit_layer.d/VkLayer_MESA_anti_lag.json (file version 1.2.1)
[Vulkan Loader] INFO:           Found manifest file /usr/share/vulkan/implicit_layer.d/MangoHud.x86_64.json (file version 1.0.0)
[Vulkan Loader] INFO:           Found manifest file /usr/share/vulkan/implicit_layer.d/MangoHud.x86.json (file version 1.0.0)
[Vulkan Loader] INFO:           Found manifest file /usr/share/vulkan/implicit_layer.d/VkLayer_MESA_device_select.json (file version 1.0.0)
[Vulkan Loader] INFO:           Found manifest file /usr/share/vulkan/implicit_layer.d/VkLayer_LSFGVK_frame_generation.json (file version 1.1.0)
[Vulkan Loader] DRIVER:         Searching for driver manifest files
[Vulkan Loader] DRIVER:            In following locations:
[Vulkan Loader] DRIVER:               /home/hans/.config/vulkan/icd.d
[Vulkan Loader] DRIVER:               /home/hans/.config/kdedefaults/vulkan/icd.d
[Vulkan Loader] DRIVER:               /etc/xdg/vulkan/icd.d
[Vulkan Loader] DRIVER:               /etc/vulkan/icd.d
[Vulkan Loader] DRIVER:               /home/hans/.local/share/vulkan/icd.d
[Vulkan Loader] DRIVER:               /home/hans/.local/share/flatpak/exports/share/vulkan/icd.d
[Vulkan Loader] DRIVER:               /var/lib/flatpak/exports/share/vulkan/icd.d
[Vulkan Loader] DRIVER:               /usr/local/share/vulkan/icd.d
[Vulkan Loader] DRIVER:               /usr/share/vulkan/icd.d
[Vulkan Loader] DRIVER:               /etc/eselect/wine/share/vulkan/icd.d
[Vulkan Loader] DRIVER:            Found the following files:
[Vulkan Loader] DRIVER:               /etc/vulkan/icd.d/nvidia_icd.json
[Vulkan Loader] DRIVER:               /usr/share/vulkan/icd.d/intel_icd.i686.json
[Vulkan Loader] DRIVER:               /usr/share/vulkan/icd.d/intel_hasvk_icd.i686.json
[Vulkan Loader] DRIVER:               /usr/share/vulkan/icd.d/radeon_icd.i686.json
[Vulkan Loader] DRIVER:               /usr/share/vulkan/icd.d/intel_icd.x86_64.json
[Vulkan Loader] DRIVER:               /usr/share/vulkan/icd.d/intel_hasvk_icd.x86_64.json
[Vulkan Loader] DRIVER:               /usr/share/vulkan/icd.d/radeon_icd.x86_64.json
[Vulkan Loader] DRIVER:         Found ICD manifest file /etc/vulkan/icd.d/nvidia_icd.json, version 1.0.1
[Vulkan Loader] DEBUG | DRIVER: Searching for ICD drivers named libGLX_nvidia.so.0
[Vulkan Loader] DRIVER:         Found ICD manifest file /usr/share/vulkan/icd.d/intel_icd.i686.json, version 1.0.1
[Vulkan Loader] DEBUG | DRIVER: Searching for ICD drivers named /usr/lib/libvulkan_intel.so
[Vulkan Loader] INFO:           loader_parse_icd_manifest: Driver library architecture doesn't match the current running architecture, skipping this driver
[Vulkan Loader] DRIVER:         Found ICD manifest file /usr/share/vulkan/icd.d/intel_hasvk_icd.i686.json, version 1.0.1
[Vulkan Loader] DEBUG | DRIVER: Searching for ICD drivers named /usr/lib/libvulkan_intel_hasvk.so
[Vulkan Loader] INFO:           loader_parse_icd_manifest: Driver library architecture doesn't match the current running architecture, skipping this driver
[Vulkan Loader] DRIVER:         Found ICD manifest file /usr/share/vulkan/icd.d/radeon_icd.i686.json, version 1.0.1
[Vulkan Loader] DEBUG | DRIVER: Searching for ICD drivers named /usr/lib/libvulkan_radeon.so
[Vulkan Loader] INFO:           loader_parse_icd_manifest: Driver library architecture doesn't match the current running architecture, skipping this driver
[Vulkan Loader] DRIVER:         Found ICD manifest file /usr/share/vulkan/icd.d/intel_icd.x86_64.json, version 1.0.1
[Vulkan Loader] DEBUG | DRIVER: Searching for ICD drivers named /usr/lib64/libvulkan_intel.so
[Vulkan Loader] DRIVER:         Found ICD manifest file /usr/share/vulkan/icd.d/intel_hasvk_icd.x86_64.json, version 1.0.1
[Vulkan Loader] DEBUG | DRIVER: Searching for ICD drivers named /usr/lib64/libvulkan_intel_hasvk.so
[Vulkan Loader] DRIVER:         Found ICD manifest file /usr/share/vulkan/icd.d/radeon_icd.x86_64.json, version 1.0.1
[Vulkan Loader] DEBUG | DRIVER: Searching for ICD drivers named /usr/lib64/libvulkan_radeon.so
[Vulkan Loader] LAYER:          Searching for implicit layer manifest files
[Vulkan Loader] LAYER:             In following locations:
[Vulkan Loader] LAYER:                /home/hans/.config/vulkan/implicit_layer.d
[Vulkan Loader] LAYER:                /home/hans/.config/kdedefaults/vulkan/implicit_layer.d
[Vulkan Loader] LAYER:                /etc/xdg/vulkan/implicit_layer.d
[Vulkan Loader] LAYER:                /etc/vulkan/implicit_layer.d
[Vulkan Loader] LAYER:                /home/hans/.local/share/vulkan/implicit_layer.d
[Vulkan Loader] LAYER:                /home/hans/.local/share/flatpak/exports/share/vulkan/implicit_layer.d
[Vulkan Loader] LAYER:                /var/lib/flatpak/exports/share/vulkan/implicit_layer.d
[Vulkan Loader] LAYER:                /usr/local/share/vulkan/implicit_layer.d
[Vulkan Loader] LAYER:                /usr/share/vulkan/implicit_layer.d
[Vulkan Loader] LAYER:                /etc/eselect/wine/share/vulkan/implicit_layer.d
[Vulkan Loader] LAYER:             Found the following files:
[Vulkan Loader] LAYER:                /etc/vulkan/implicit_layer.d/nvidia_layers.json
[Vulkan Loader] LAYER:                /home/hans/.local/share/vulkan/implicit_layer.d/steamoverlay_i386.json
[Vulkan Loader] LAYER:                /home/hans/.local/share/vulkan/implicit_layer.d/steamoverlay_x86_64.json
[Vulkan Loader] LAYER:                /home/hans/.local/share/vulkan/implicit_layer.d/steamfossilize_i386.json
[Vulkan Loader] LAYER:                /home/hans/.local/share/vulkan/implicit_layer.d/steamfossilize_x86_64.json
[Vulkan Loader] LAYER:                /usr/share/vulkan/implicit_layer.d/VkLayer_MESA_anti_lag.json
[Vulkan Loader] LAYER:                /usr/share/vulkan/implicit_layer.d/MangoHud.x86_64.json
[Vulkan Loader] LAYER:                /usr/share/vulkan/implicit_layer.d/MangoHud.x86.json
[Vulkan Loader] LAYER:                /usr/share/vulkan/implicit_layer.d/VkLayer_MESA_device_select.json
[Vulkan Loader] LAYER:                /usr/share/vulkan/implicit_layer.d/VkLayer_LSFGVK_frame_generation.json
[Vulkan Loader] INFO:           Found manifest file /etc/vulkan/implicit_layer.d/nvidia_layers.json (file version 1.0.1)
[Vulkan Loader] INFO:           Found manifest file /home/hans/.local/share/vulkan/implicit_layer.d/steamoverlay_i386.json (file version 1.0.0)
[Vulkan Loader] INFO:           Found manifest file /home/hans/.local/share/vulkan/implicit_layer.d/steamoverlay_x86_64.json (file version 1.0.0)
[Vulkan Loader] INFO:           Found manifest file /home/hans/.local/share/vulkan/implicit_layer.d/steamfossilize_i386.json (file version 1.0.0)
[Vulkan Loader] INFO:           Found manifest file /home/hans/.local/share/vulkan/implicit_layer.d/steamfossilize_x86_64.json (file version 1.0.0)
[Vulkan Loader] INFO:           Found manifest file /usr/share/vulkan/implicit_layer.d/VkLayer_MESA_anti_lag.json (file version 1.2.1)
[Vulkan Loader] INFO:           Found manifest file /usr/share/vulkan/implicit_layer.d/MangoHud.x86_64.json (file version 1.0.0)
[Vulkan Loader] INFO:           Found manifest file /usr/share/vulkan/implicit_layer.d/MangoHud.x86.json (file version 1.0.0)
[Vulkan Loader] INFO:           Found manifest file /usr/share/vulkan/implicit_layer.d/VkLayer_MESA_device_select.json (file version 1.0.0)
[Vulkan Loader] INFO:           Found manifest file /usr/share/vulkan/implicit_layer.d/VkLayer_LSFGVK_frame_generation.json (file version 1.1.0)
[Vulkan Loader] INFO:           No valid vk_loader_settings.json file found, no loader settings will be active
[Vulkan Loader] LAYER:          Searching for implicit layer manifest files
[Vulkan Loader] LAYER:             In following locations:
[Vulkan Loader] LAYER:                /home/hans/.config/vulkan/implicit_layer.d
[Vulkan Loader] LAYER:                /home/hans/.config/kdedefaults/vulkan/implicit_layer.d
[Vulkan Loader] LAYER:                /etc/xdg/vulkan/implicit_layer.d
[Vulkan Loader] LAYER:                /etc/vulkan/implicit_layer.d
[Vulkan Loader] LAYER:                /home/hans/.local/share/vulkan/implicit_layer.d
[Vulkan Loader] LAYER:                /home/hans/.local/share/flatpak/exports/share/vulkan/implicit_layer.d
[Vulkan Loader] LAYER:                /var/lib/flatpak/exports/share/vulkan/implicit_layer.d
[Vulkan Loader] LAYER:                /usr/local/share/vulkan/implicit_layer.d
[Vulkan Loader] LAYER:                /usr/share/vulkan/implicit_layer.d
[Vulkan Loader] LAYER:                /etc/eselect/wine/share/vulkan/implicit_layer.d
[Vulkan Loader] LAYER:             Found the following files:
[Vulkan Loader] LAYER:                /etc/vulkan/implicit_layer.d/nvidia_layers.json
[Vulkan Loader] LAYER:                /home/hans/.local/share/vulkan/implicit_layer.d/steamoverlay_i386.json
[Vulkan Loader] LAYER:                /home/hans/.local/share/vulkan/implicit_layer.d/steamoverlay_x86_64.json
[Vulkan Loader] LAYER:                /home/hans/.local/share/vulkan/implicit_layer.d/steamfossilize_i386.json
[Vulkan Loader] LAYER:                /home/hans/.local/share/vulkan/implicit_layer.d/steamfossilize_x86_64.json
[Vulkan Loader] LAYER:                /usr/share/vulkan/implicit_layer.d/VkLayer_MESA_anti_lag.json
[Vulkan Loader] LAYER:                /usr/share/vulkan/implicit_layer.d/MangoHud.x86_64.json
[Vulkan Loader] LAYER:                /usr/share/vulkan/implicit_layer.d/MangoHud.x86.json
[Vulkan Loader] LAYER:                /usr/share/vulkan/implicit_layer.d/VkLayer_MESA_device_select.json
[Vulkan Loader] LAYER:                /usr/share/vulkan/implicit_layer.d/VkLayer_LSFGVK_frame_generation.json
[Vulkan Loader] INFO:           Found manifest file /etc/vulkan/implicit_layer.d/nvidia_layers.json (file version 1.0.1)
[Vulkan Loader] INFO:           Found manifest file /home/hans/.local/share/vulkan/implicit_layer.d/steamoverlay_i386.json (file version 1.0.0)
[Vulkan Loader] INFO:           Found manifest file /home/hans/.local/share/vulkan/implicit_layer.d/steamoverlay_x86_64.json (file version 1.0.0)
[Vulkan Loader] INFO:           Found manifest file /home/hans/.local/share/vulkan/implicit_layer.d/steamfossilize_i386.json (file version 1.0.0)
[Vulkan Loader] INFO:           Found manifest file /home/hans/.local/share/vulkan/implicit_layer.d/steamfossilize_x86_64.json (file version 1.0.0)
[Vulkan Loader] INFO:           Found manifest file /usr/share/vulkan/implicit_layer.d/VkLayer_MESA_anti_lag.json (file version 1.2.1)
[Vulkan Loader] INFO:           Found manifest file /usr/share/vulkan/implicit_layer.d/MangoHud.x86_64.json (file version 1.0.0)
[Vulkan Loader] INFO:           Found manifest file /usr/share/vulkan/implicit_layer.d/MangoHud.x86.json (file version 1.0.0)
[Vulkan Loader] INFO:           Found manifest file /usr/share/vulkan/implicit_layer.d/VkLayer_MESA_device_select.json (file version 1.0.0)
[Vulkan Loader] INFO:           Found manifest file /usr/share/vulkan/implicit_layer.d/VkLayer_LSFGVK_frame_generation.json (file version 1.1.0)
[Vulkan Loader] DRIVER:         Searching for driver manifest files
[Vulkan Loader] DRIVER:            In following locations:
[Vulkan Loader] DRIVER:               /home/hans/.config/vulkan/icd.d
[Vulkan Loader] DRIVER:               /home/hans/.config/kdedefaults/vulkan/icd.d
[Vulkan Loader] DRIVER:               /etc/xdg/vulkan/icd.d
[Vulkan Loader] DRIVER:               /etc/vulkan/icd.d
[Vulkan Loader] DRIVER:               /home/hans/.local/share/vulkan/icd.d
[Vulkan Loader] DRIVER:               /home/hans/.local/share/flatpak/exports/share/vulkan/icd.d
[Vulkan Loader] DRIVER:               /var/lib/flatpak/exports/share/vulkan/icd.d
[Vulkan Loader] DRIVER:               /usr/local/share/vulkan/icd.d
[Vulkan Loader] DRIVER:               /usr/share/vulkan/icd.d
[Vulkan Loader] DRIVER:               /etc/eselect/wine/share/vulkan/icd.d
[Vulkan Loader] DRIVER:            Found the following files:
[Vulkan Loader] DRIVER:               /etc/vulkan/icd.d/nvidia_icd.json
[Vulkan Loader] DRIVER:               /usr/share/vulkan/icd.d/intel_icd.i686.json
[Vulkan Loader] DRIVER:               /usr/share/vulkan/icd.d/intel_hasvk_icd.i686.json
[Vulkan Loader] DRIVER:               /usr/share/vulkan/icd.d/radeon_icd.i686.json
[Vulkan Loader] DRIVER:               /usr/share/vulkan/icd.d/intel_icd.x86_64.json
[Vulkan Loader] DRIVER:               /usr/share/vulkan/icd.d/intel_hasvk_icd.x86_64.json
[Vulkan Loader] DRIVER:               /usr/share/vulkan/icd.d/radeon_icd.x86_64.json
[Vulkan Loader] DRIVER:         Found ICD manifest file /etc/vulkan/icd.d/nvidia_icd.json, version 1.0.1
[Vulkan Loader] DEBUG | DRIVER: Searching for ICD drivers named libGLX_nvidia.so.0
[Vulkan Loader] DRIVER:         Found ICD manifest file /usr/share/vulkan/icd.d/intel_icd.i686.json, version 1.0.1
[Vulkan Loader] DEBUG | DRIVER: Searching for ICD drivers named /usr/lib/libvulkan_intel.so
[Vulkan Loader] INFO:           loader_parse_icd_manifest: Driver library architecture doesn't match the current running architecture, skipping this driver
[Vulkan Loader] DRIVER:         Found ICD manifest file /usr/share/vulkan/icd.d/intel_hasvk_icd.i686.json, version 1.0.1
[Vulkan Loader] DEBUG | DRIVER: Searching for ICD drivers named /usr/lib/libvulkan_intel_hasvk.so
[Vulkan Loader] INFO:           loader_parse_icd_manifest: Driver library architecture doesn't match the current running architecture, skipping this driver
[Vulkan Loader] DRIVER:         Found ICD manifest file /usr/share/vulkan/icd.d/radeon_icd.i686.json, version 1.0.1
[Vulkan Loader] DEBUG | DRIVER: Searching for ICD drivers named /usr/lib/libvulkan_radeon.so
[Vulkan Loader] INFO:           loader_parse_icd_manifest: Driver library architecture doesn't match the current running architecture, skipping this driver
[Vulkan Loader] DRIVER:         Found ICD manifest file /usr/share/vulkan/icd.d/intel_icd.x86_64.json, version 1.0.1
[Vulkan Loader] DEBUG | DRIVER: Searching for ICD drivers named /usr/lib64/libvulkan_intel.so
[Vulkan Loader] DRIVER:         Found ICD manifest file /usr/share/vulkan/icd.d/intel_hasvk_icd.x86_64.json, version 1.0.1
[Vulkan Loader] DEBUG | DRIVER: Searching for ICD drivers named /usr/lib64/libvulkan_intel_hasvk.so
[Vulkan Loader] DRIVER:         Found ICD manifest file /usr/share/vulkan/icd.d/radeon_icd.x86_64.json, version 1.0.1
[Vulkan Loader] DEBUG | DRIVER: Searching for ICD drivers named /usr/lib64/libvulkan_radeon.so
[Vulkan Loader] LAYER:          Searching for implicit layer manifest files
[Vulkan Loader] LAYER:             In following locations:
[Vulkan Loader] LAYER:                /home/hans/.config/vulkan/implicit_layer.d
[Vulkan Loader] LAYER:                /home/hans/.config/kdedefaults/vulkan/implicit_layer.d
[Vulkan Loader] LAYER:                /etc/xdg/vulkan/implicit_layer.d
[Vulkan Loader] LAYER:                /etc/vulkan/implicit_layer.d
[Vulkan Loader] LAYER:                /home/hans/.local/share/vulkan/implicit_layer.d
[Vulkan Loader] LAYER:                /home/hans/.local/share/flatpak/exports/share/vulkan/implicit_layer.d
[Vulkan Loader] LAYER:                /var/lib/flatpak/exports/share/vulkan/implicit_layer.d
[Vulkan Loader] LAYER:                /usr/local/share/vulkan/implicit_layer.d
[Vulkan Loader] LAYER:                /usr/share/vulkan/implicit_layer.d
[Vulkan Loader] LAYER:                /etc/eselect/wine/share/vulkan/implicit_layer.d
[Vulkan Loader] LAYER:             Found the following files:
[Vulkan Loader] LAYER:                /etc/vulkan/implicit_layer.d/nvidia_layers.json
[Vulkan Loader] LAYER:                /home/hans/.local/share/vulkan/implicit_layer.d/steamoverlay_i386.json
[Vulkan Loader] LAYER:                /home/hans/.local/share/vulkan/implicit_layer.d/steamoverlay_x86_64.json
[Vulkan Loader] LAYER:                /home/hans/.local/share/vulkan/implicit_layer.d/steamfossilize_i386.json
[Vulkan Loader] LAYER:                /home/hans/.local/share/vulkan/implicit_layer.d/steamfossilize_x86_64.json
[Vulkan Loader] LAYER:                /usr/share/vulkan/implicit_layer.d/VkLayer_MESA_anti_lag.json
[Vulkan Loader] LAYER:                /usr/share/vulkan/implicit_layer.d/MangoHud.x86_64.json
[Vulkan Loader] LAYER:                /usr/share/vulkan/implicit_layer.d/MangoHud.x86.json
[Vulkan Loader] LAYER:                /usr/share/vulkan/implicit_layer.d/VkLayer_MESA_device_select.json
[Vulkan Loader] LAYER:                /usr/share/vulkan/implicit_layer.d/VkLayer_LSFGVK_frame_generation.json
[Vulkan Loader] INFO:           Found manifest file /etc/vulkan/implicit_layer.d/nvidia_layers.json (file version 1.0.1)
[Vulkan Loader] INFO:           Found manifest file /home/hans/.local/share/vulkan/implicit_layer.d/steamoverlay_i386.json (file version 1.0.0)
[Vulkan Loader] INFO:           Found manifest file /home/hans/.local/share/vulkan/implicit_layer.d/steamoverlay_x86_64.json (file version 1.0.0)
[Vulkan Loader] INFO:           Found manifest file /home/hans/.local/share/vulkan/implicit_layer.d/steamfossilize_i386.json (file version 1.0.0)
[Vulkan Loader] INFO:           Found manifest file /home/hans/.local/share/vulkan/implicit_layer.d/steamfossilize_x86_64.json (file version 1.0.0)
[Vulkan Loader] INFO:           Found manifest file /usr/share/vulkan/implicit_layer.d/VkLayer_MESA_anti_lag.json (file version 1.2.1)
[Vulkan Loader] INFO:           Found manifest file /usr/share/vulkan/implicit_layer.d/MangoHud.x86_64.json (file version 1.0.0)
[Vulkan Loader] INFO:           Found manifest file /usr/share/vulkan/implicit_layer.d/MangoHud.x86.json (file version 1.0.0)
[Vulkan Loader] INFO:           Found manifest file /usr/share/vulkan/implicit_layer.d/VkLayer_MESA_device_select.json (file version 1.0.0)
[Vulkan Loader] INFO:           Found manifest file /usr/share/vulkan/implicit_layer.d/VkLayer_LSFGVK_frame_generation.json (file version 1.1.0)
[Vulkan Loader] INFO:           No valid vk_loader_settings.json file found, no loader settings will be active
[Vulkan Loader] LAYER:          Searching for implicit layer manifest files
[Vulkan Loader] LAYER:             In following locations:
[Vulkan Loader] LAYER:                /home/hans/.config/vulkan/implicit_layer.d
[Vulkan Loader] LAYER:                /home/hans/.config/kdedefaults/vulkan/implicit_layer.d
[Vulkan Loader] LAYER:                /etc/xdg/vulkan/implicit_layer.d
[Vulkan Loader] LAYER:                /etc/vulkan/implicit_layer.d
[Vulkan Loader] LAYER:                /home/hans/.local/share/vulkan/implicit_layer.d
[Vulkan Loader] LAYER:                /home/hans/.local/share/flatpak/exports/share/vulkan/implicit_layer.d
[Vulkan Loader] LAYER:                /var/lib/flatpak/exports/share/vulkan/implicit_layer.d
[Vulkan Loader] LAYER:                /usr/local/share/vulkan/implicit_layer.d
[Vulkan Loader] LAYER:                /usr/share/vulkan/implicit_layer.d
[Vulkan Loader] LAYER:                /etc/eselect/wine/share/vulkan/implicit_layer.d
[Vulkan Loader] LAYER:             Found the following files:
[Vulkan Loader] LAYER:                /etc/vulkan/implicit_layer.d/nvidia_layers.json
[Vulkan Loader] LAYER:                /home/hans/.local/share/vulkan/implicit_layer.d/steamoverlay_i386.json
[Vulkan Loader] LAYER:                /home/hans/.local/share/vulkan/implicit_layer.d/steamoverlay_x86_64.json
[Vulkan Loader] LAYER:                /home/hans/.local/share/vulkan/implicit_layer.d/steamfossilize_i386.json
[Vulkan Loader] LAYER:                /home/hans/.local/share/vulkan/implicit_layer.d/steamfossilize_x86_64.json
[Vulkan Loader] LAYER:                /usr/share/vulkan/implicit_layer.d/VkLayer_MESA_anti_lag.json
[Vulkan Loader] LAYER:                /usr/share/vulkan/implicit_layer.d/MangoHud.x86_64.json
[Vulkan Loader] LAYER:                /usr/share/vulkan/implicit_layer.d/MangoHud.x86.json
[Vulkan Loader] LAYER:                /usr/share/vulkan/implicit_layer.d/VkLayer_MESA_device_select.json
[Vulkan Loader] LAYER:                /usr/share/vulkan/implicit_layer.d/VkLayer_LSFGVK_frame_generation.json
[Vulkan Loader] INFO:           Found manifest file /etc/vulkan/implicit_layer.d/nvidia_layers.json (file version 1.0.1)
[Vulkan Loader] INFO:           Found manifest file /home/hans/.local/share/vulkan/implicit_layer.d/steamoverlay_i386.json (file version 1.0.0)
[Vulkan Loader] INFO:           Found manifest file /home/hans/.local/share/vulkan/implicit_layer.d/steamoverlay_x86_64.json (file version 1.0.0)
[Vulkan Loader] INFO:           Found manifest file /home/hans/.local/share/vulkan/implicit_layer.d/steamfossilize_i386.json (file version 1.0.0)
[Vulkan Loader] INFO:           Found manifest file /home/hans/.local/share/vulkan/implicit_layer.d/steamfossilize_x86_64.json (file version 1.0.0)
[Vulkan Loader] INFO:           Found manifest file /usr/share/vulkan/implicit_layer.d/VkLayer_MESA_anti_lag.json (file version 1.2.1)
[Vulkan Loader] INFO:           Found manifest file /usr/share/vulkan/implicit_layer.d/MangoHud.x86_64.json (file version 1.0.0)
[Vulkan Loader] INFO:           Found manifest file /usr/share/vulkan/implicit_layer.d/MangoHud.x86.json (file version 1.0.0)
[Vulkan Loader] INFO:           Found manifest file /usr/share/vulkan/implicit_layer.d/VkLayer_MESA_device_select.json (file version 1.0.0)
[Vulkan Loader] INFO:           Found manifest file /usr/share/vulkan/implicit_layer.d/VkLayer_LSFGVK_frame_generation.json (file version 1.1.0)
[Vulkan Loader] LAYER:          Searching for explicit layer manifest files
[Vulkan Loader] LAYER:             In following locations:
[Vulkan Loader] LAYER:                /home/hans/.config/vulkan/explicit_layer.d
[Vulkan Loader] LAYER:                /home/hans/.config/kdedefaults/vulkan/explicit_layer.d
[Vulkan Loader] LAYER:                /etc/xdg/vulkan/explicit_layer.d
[Vulkan Loader] LAYER:                /etc/vulkan/explicit_layer.d
[Vulkan Loader] LAYER:                /home/hans/.local/share/vulkan/explicit_layer.d
[Vulkan Loader] LAYER:                /home/hans/.local/share/flatpak/exports/share/vulkan/explicit_layer.d
[Vulkan Loader] LAYER:                /var/lib/flatpak/exports/share/vulkan/explicit_layer.d
[Vulkan Loader] LAYER:                /usr/local/share/vulkan/explicit_layer.d
[Vulkan Loader] LAYER:                /usr/share/vulkan/explicit_layer.d
[Vulkan Loader] LAYER:                /etc/eselect/wine/share/vulkan/explicit_layer.d
[Vulkan Loader] LAYER:             Found the following files:
[Vulkan Loader] LAYER:                /usr/share/vulkan/explicit_layer.d/VkLayer_MESA_overlay.json
[Vulkan Loader] LAYER:                /usr/share/vulkan/explicit_layer.d/VkLayer_khronos_validation.json
[Vulkan Loader] INFO:           Found manifest file /usr/share/vulkan/explicit_layer.d/VkLayer_MESA_overlay.json (file version 1.0.0)
[Vulkan Loader] INFO:           Found manifest file /usr/share/vulkan/explicit_layer.d/VkLayer_khronos_validation.json (file version 1.2.0)
[Vulkan Loader] DRIVER:         Searching for driver manifest files
[Vulkan Loader] DRIVER:            In following locations:
[Vulkan Loader] DRIVER:               /home/hans/.config/vulkan/icd.d
[Vulkan Loader] DRIVER:               /home/hans/.config/kdedefaults/vulkan/icd.d
[Vulkan Loader] DRIVER:               /etc/xdg/vulkan/icd.d
[Vulkan Loader] DRIVER:               /etc/vulkan/icd.d
[Vulkan Loader] DRIVER:               /home/hans/.local/share/vulkan/icd.d
[Vulkan Loader] DRIVER:               /home/hans/.local/share/flatpak/exports/share/vulkan/icd.d
[Vulkan Loader] DRIVER:               /var/lib/flatpak/exports/share/vulkan/icd.d
[Vulkan Loader] DRIVER:               /usr/local/share/vulkan/icd.d
[Vulkan Loader] DRIVER:               /usr/share/vulkan/icd.d
[Vulkan Loader] DRIVER:               /etc/eselect/wine/share/vulkan/icd.d
[Vulkan Loader] DRIVER:            Found the following files:
[Vulkan Loader] DRIVER:               /etc/vulkan/icd.d/nvidia_icd.json
[Vulkan Loader] DRIVER:               /usr/share/vulkan/icd.d/intel_icd.i686.json
[Vulkan Loader] DRIVER:               /usr/share/vulkan/icd.d/intel_hasvk_icd.i686.json
[Vulkan Loader] DRIVER:               /usr/share/vulkan/icd.d/radeon_icd.i686.json
[Vulkan Loader] DRIVER:               /usr/share/vulkan/icd.d/intel_icd.x86_64.json
[Vulkan Loader] DRIVER:               /usr/share/vulkan/icd.d/intel_hasvk_icd.x86_64.json
[Vulkan Loader] DRIVER:               /usr/share/vulkan/icd.d/radeon_icd.x86_64.json
[Vulkan Loader] DRIVER:         Found ICD manifest file /etc/vulkan/icd.d/nvidia_icd.json, version 1.0.1
[Vulkan Loader] DEBUG | DRIVER: Searching for ICD drivers named libGLX_nvidia.so.0
[Vulkan Loader] DRIVER:         Found ICD manifest file /usr/share/vulkan/icd.d/intel_icd.i686.json, version 1.0.1
[Vulkan Loader] DEBUG | DRIVER: Searching for ICD drivers named /usr/lib/libvulkan_intel.so
[Vulkan Loader] INFO:           loader_parse_icd_manifest: Driver library architecture doesn't match the current running architecture, skipping this driver
[Vulkan Loader] DRIVER:         Found ICD manifest file /usr/share/vulkan/icd.d/intel_hasvk_icd.i686.json, version 1.0.1
[Vulkan Loader] DEBUG | DRIVER: Searching for ICD drivers named /usr/lib/libvulkan_intel_hasvk.so
[Vulkan Loader] INFO:           loader_parse_icd_manifest: Driver library architecture doesn't match the current running architecture, skipping this driver
[Vulkan Loader] DRIVER:         Found ICD manifest file /usr/share/vulkan/icd.d/radeon_icd.i686.json, version 1.0.1
[Vulkan Loader] DEBUG | DRIVER: Searching for ICD drivers named /usr/lib/libvulkan_radeon.so
[Vulkan Loader] INFO:           loader_parse_icd_manifest: Driver library architecture doesn't match the current running architecture, skipping this driver
[Vulkan Loader] DRIVER:         Found ICD manifest file /usr/share/vulkan/icd.d/intel_icd.x86_64.json, version 1.0.1
[Vulkan Loader] DEBUG | DRIVER: Searching for ICD drivers named /usr/lib64/libvulkan_intel.so
[Vulkan Loader] DRIVER:         Found ICD manifest file /usr/share/vulkan/icd.d/intel_hasvk_icd.x86_64.json, version 1.0.1
[Vulkan Loader] DEBUG | DRIVER: Searching for ICD drivers named /usr/lib64/libvulkan_intel_hasvk.so
[Vulkan Loader] DRIVER:         Found ICD manifest file /usr/share/vulkan/icd.d/radeon_icd.x86_64.json, version 1.0.1
[Vulkan Loader] DEBUG | DRIVER: Searching for ICD drivers named /usr/lib64/libvulkan_radeon.so
[Vulkan Loader] DEBUG | LAYER:  Loading layer library /usr/share/vulkan/implicit_layer.d/../../../lib/liblsfg-vk-layer.so
[Vulkan Loader] ERROR | LAYER:  loader_create_instance_chain: Failed to find 'vkGetInstanceProcAddr' in layer "/usr/share/vulkan/implicit_layer.d/../../../lib/liblsfg-vk-layer.so"
[Vulkan Loader] DEBUG | LAYER:  Loading layer library libVkLayer_MESA_device_select.so
[Vulkan Loader] INFO | LAYER:   Insert instance layer "VK_LAYER_MESA_device_select" (/usr/lib64/libVkLayer_MESA_device_select.so)
[Vulkan Loader] INFO:           /usr/lib/mangohud/lib32/libMangoHud.so: wrong ELF class: ELFCLASS32
[Vulkan Loader] DEBUG | LAYER:  Loading layer library /usr/lib/mangohud/lib64/libMangoHud.so
[Vulkan Loader] INFO | LAYER:   Insert instance layer "VK_LAYER_MANGOHUD_overlay_x86_64" (/usr/lib/mangohud/lib64/libMangoHud.so)
[Vulkan Loader] INFO | LAYER:   Requested layer "VK_LAYER_MANGOHUD_overlay_x86" was wrong bit-type.
[Vulkan Loader] INFO | LAYER:   Shouldn't reach this. A valid version of requested layer VK_LAYER_LSFGVK_frame_generation was loaded but was not found in the list of activated layers.
[Vulkan Loader] LAYER:          vkCreateInstance layer callstack setup to:
[Vulkan Loader] LAYER:             <Application>
[Vulkan Loader] LAYER:               ||
[Vulkan Loader] LAYER:             <Loader>
[Vulkan Loader] LAYER:               ||
[Vulkan Loader] LAYER:             VK_LAYER_MANGOHUD_overlay_x86_64
[Vulkan Loader] LAYER:                     Type: Implicit
[Vulkan Loader] LAYER:                     Enabled By: Implicit Layer
[Vulkan Loader] LAYER:                         Disable Env Var:  DISABLE_MANGOHUD
[Vulkan Loader] LAYER:                         This layer was enabled because Env Var MANGOHUD was set to Value 1
[Vulkan Loader] LAYER:                     Manifest: /usr/share/vulkan/implicit_layer.d/MangoHud.x86_64.json
[Vulkan Loader] LAYER:                     Library:  /usr/lib/mangohud/lib64/libMangoHud.so
[Vulkan Loader] LAYER:               ||
[Vulkan Loader] LAYER:             VK_LAYER_MESA_device_select
[Vulkan Loader] LAYER:                     Type: Implicit
[Vulkan Loader] LAYER:                     Enabled By: Implicit Layer
[Vulkan Loader] LAYER:                         Disable Env Var:  NODEVICE_SELECT
[Vulkan Loader] LAYER:                     Manifest: /usr/share/vulkan/implicit_layer.d/VkLayer_MESA_device_select.json
[Vulkan Loader] LAYER:                     Library:  /usr/lib64/libVkLayer_MESA_device_select.so
[Vulkan Loader] LAYER:               ||
[Vulkan Loader] LAYER:             <Drivers>
[Vulkan Loader] INFO | DRIVER:  linux_read_sorted_physical_devices:
[Vulkan Loader] INFO | DRIVER:       Original order:
[Vulkan Loader] INFO | DRIVER:             [0] NVIDIA GeForce RTX 4080
[Vulkan Loader] INFO | DRIVER:       Sorted order:
[Vulkan Loader] INFO | DRIVER:             [0] NVIDIA GeForce RTX 4080  
[Vulkan Loader] INFO | DRIVER:  linux_read_sorted_physical_devices:
[Vulkan Loader] INFO | DRIVER:       Original order:
[Vulkan Loader] INFO | DRIVER:             [0] NVIDIA GeForce RTX 4080
[Vulkan Loader] INFO | DRIVER:       Sorted order:
[Vulkan Loader] INFO | DRIVER:             [0] NVIDIA GeForce RTX 4080  
[Vulkan Loader] DEBUG | DRIVER: Copying old device 0 into new device 0
[Vulkan Loader] INFO | DRIVER:  linux_read_sorted_physical_devices:
[Vulkan Loader] INFO | DRIVER:       Original order:
[Vulkan Loader] INFO | DRIVER:             [0] NVIDIA GeForce RTX 4080
[Vulkan Loader] INFO | DRIVER:       Sorted order:
[Vulkan Loader] INFO | DRIVER:             [0] NVIDIA GeForce RTX 4080  
[Vulkan Loader] DEBUG | DRIVER: Copying old device 0 into new device 0
[Vulkan Loader] INFO | DRIVER:  linux_read_sorted_physical_devices:
[Vulkan Loader] INFO | DRIVER:       Original order:
[Vulkan Loader] INFO | DRIVER:             [0] NVIDIA GeForce RTX 4080
[Vulkan Loader] INFO | DRIVER:       Sorted order:
[Vulkan Loader] INFO | DRIVER:             [0] NVIDIA GeForce RTX 4080  
[Vulkan Loader] DEBUG | DRIVER: Copying old device 0 into new device 0
[Vulkan Loader] INFO | DRIVER:  linux_read_sorted_physical_devices:
[Vulkan Loader] INFO | DRIVER:       Original order:
[Vulkan Loader] INFO | DRIVER:             [0] NVIDIA GeForce RTX 4080
[Vulkan Loader] INFO | DRIVER:       Sorted order:
[Vulkan Loader] INFO | DRIVER:             [0] NVIDIA GeForce RTX 4080  
[Vulkan Loader] DEBUG | DRIVER: Copying old device 0 into new device 0
[Vulkan Loader] INFO | DRIVER:  linux_read_sorted_physical_devices:
[Vulkan Loader] INFO | DRIVER:       Original order:
[Vulkan Loader] INFO | DRIVER:             [0] NVIDIA GeForce RTX 4080
[Vulkan Loader] INFO | DRIVER:       Sorted order:
[Vulkan Loader] INFO | DRIVER:             [0] NVIDIA GeForce RTX 4080  
[Vulkan Loader] DEBUG | DRIVER: Copying old device 0 into new device 0
[Vulkan Loader] INFO | DRIVER:  linux_read_sorted_physical_devices:
[Vulkan Loader] INFO | DRIVER:       Original order:
[Vulkan Loader] INFO | DRIVER:             [0] NVIDIA GeForce RTX 4080
[Vulkan Loader] INFO | DRIVER:       Sorted order:
[Vulkan Loader] INFO | DRIVER:             [0] NVIDIA GeForce RTX 4080  
[Vulkan Loader] DEBUG | DRIVER: Copying old device 0 into new device 0
[Vulkan Loader] INFO | DRIVER:  linux_read_sorted_physical_devices:
[Vulkan Loader] INFO | DRIVER:       Original order:
[Vulkan Loader] INFO | DRIVER:             [0] NVIDIA GeForce RTX 4080
[Vulkan Loader] INFO | DRIVER:       Sorted order:
[Vulkan Loader] INFO | DRIVER:             [0] NVIDIA GeForce RTX 4080  
[Vulkan Loader] DEBUG | DRIVER: Copying old device 0 into new device 0
[Vulkan Loader] INFO | DRIVER:  Removing driver /usr/lib64/libvulkan_radeon.so due to not having any physical devices
[Vulkan Loader] INFO | DRIVER:  Removing driver /usr/lib64/libvulkan_intel_hasvk.so due to not having any physical devices
[Vulkan Loader] INFO | DRIVER:  Removing driver /usr/lib64/libvulkan_intel.so due to not having any physical devices
01dc:fixme:powrprof:PowerRegisterSuspendResumeNotification (0x00000002,00007FFFFE8FFD70,00007FFFFE8FFD68) stub!
[Vulkan Loader] INFO | DRIVER:  linux_read_sorted_physical_devices:
[Vulkan Loader] INFO | DRIVER:       Original order:
[Vulkan Loader] INFO | DRIVER:             [0] NVIDIA GeForce RTX 4080
[Vulkan Loader] INFO | DRIVER:       Sorted order:
[Vulkan Loader] INFO | DRIVER:             [0] NVIDIA GeForce RTX 4080  
[Vulkan Loader] DEBUG | DRIVER: Copying old device 0 into new device 0
[Vulkan Loader] INFO | DRIVER:  linux_read_sorted_physical_devices:
[Vulkan Loader] INFO | DRIVER:       Original order:
[Vulkan Loader] INFO | DRIVER:             [0] NVIDIA GeForce RTX 4080
[Vulkan Loader] INFO | DRIVER:       Sorted order:
[Vulkan Loader] INFO | DRIVER:             [0] NVIDIA GeForce RTX 4080  
[Vulkan Loader] DEBUG | DRIVER: Copying old device 0 into new device 0
[Vulkan Loader] INFO | DRIVER:  linux_read_sorted_physical_devices:
[Vulkan Loader] INFO | DRIVER:       Original order:
[Vulkan Loader] INFO | DRIVER:             [0] NVIDIA GeForce RTX 4080
[Vulkan Loader] INFO | DRIVER:       Sorted order:
[Vulkan Loader] INFO | DRIVER:             [0] NVIDIA GeForce RTX 4080  
[Vulkan Loader] DEBUG | DRIVER: Copying old device 0 into new device 0
[Vulkan Loader] INFO | DRIVER:  linux_read_sorted_physical_devices:
[Vulkan Loader] INFO | DRIVER:       Original order:
[Vulkan Loader] INFO | DRIVER:             [0] NVIDIA GeForce RTX 4080
[Vulkan Loader] INFO | DRIVER:       Sorted order:
[Vulkan Loader] INFO | DRIVER:             [0] NVIDIA GeForce RTX 4080  
[Vulkan Loader] DEBUG | DRIVER: Copying old device 0 into new device 0
[Vulkan Loader] DEBUG | LAYER:  Unloading layer library /usr/lib/mangohud/lib64/libMangoHud.so
[Vulkan Loader] DEBUG | LAYER:  Unloading layer library /usr/lib64/libVkLayer_MESA_device_select.so
[Vulkan Loader] DEBUG | LAYER:  Unloading layer library /usr/share/vulkan/implicit_layer.d/../../../lib/liblsfg-vk-layer.so
[Vulkan Loader] INFO:           No valid vk_loader_settings.json file found, no loader settings will be active
[Vulkan Loader] LAYER:          Searching for implicit layer manifest files
[Vulkan Loader] LAYER:             In following locations:
[Vulkan Loader] LAYER:                /home/hans/.config/vulkan/implicit_layer.d
[Vulkan Loader] LAYER:                /home/hans/.config/kdedefaults/vulkan/implicit_layer.d
[Vulkan Loader] LAYER:                /etc/xdg/vulkan/implicit_layer.d
[Vulkan Loader] LAYER:                /etc/vulkan/implicit_layer.d
[Vulkan Loader] LAYER:                /home/hans/.local/share/vulkan/implicit_layer.d
[Vulkan Loader] LAYER:                /home/hans/.local/share/flatpak/exports/share/vulkan/implicit_layer.d
[Vulkan Loader] LAYER:                /var/lib/flatpak/exports/share/vulkan/implicit_layer.d
[Vulkan Loader] LAYER:                /usr/local/share/vulkan/implicit_layer.d
[Vulkan Loader] LAYER:                /usr/share/vulkan/implicit_layer.d
[Vulkan Loader] LAYER:                /etc/eselect/wine/share/vulkan/implicit_layer.d
[Vulkan Loader] LAYER:             Found the following files:
[Vulkan Loader] LAYER:                /etc/vulkan/implicit_layer.d/nvidia_layers.json
[Vulkan Loader] LAYER:                /home/hans/.local/share/vulkan/implicit_layer.d/steamoverlay_i386.json
[Vulkan Loader] LAYER:                /home/hans/.local/share/vulkan/implicit_layer.d/steamoverlay_x86_64.json
[Vulkan Loader] LAYER:                /home/hans/.local/share/vulkan/implicit_layer.d/steamfossilize_i386.json
[Vulkan Loader] LAYER:                /home/hans/.local/share/vulkan/implicit_layer.d/steamfossilize_x86_64.json
[Vulkan Loader] LAYER:                /usr/share/vulkan/implicit_layer.d/VkLayer_MESA_anti_lag.json
[Vulkan Loader] LAYER:                /usr/share/vulkan/implicit_layer.d/MangoHud.x86_64.json
[Vulkan Loader] LAYER:                /usr/share/vulkan/implicit_layer.d/MangoHud.x86.json
[Vulkan Loader] LAYER:                /usr/share/vulkan/implicit_layer.d/VkLayer_MESA_device_select.json
[Vulkan Loader] LAYER:                /usr/share/vulkan/implicit_layer.d/VkLayer_LSFGVK_frame_generation.json
[Vulkan Loader] INFO:           Found manifest file /etc/vulkan/implicit_layer.d/nvidia_layers.json (file version 1.0.1)
[Vulkan Loader] INFO:           Found manifest file /home/hans/.local/share/vulkan/implicit_layer.d/steamoverlay_i386.json (file version 1.0.0)
[Vulkan Loader] INFO:           Found manifest file /home/hans/.local/share/vulkan/implicit_layer.d/steamoverlay_x86_64.json (file version 1.0.0)
[Vulkan Loader] INFO:           Found manifest file /home/hans/.local/share/vulkan/implicit_layer.d/steamfossilize_i386.json (file version 1.0.0)
[Vulkan Loader] INFO:           Found manifest file /home/hans/.local/share/vulkan/implicit_layer.d/steamfossilize_x86_64.json (file version 1.0.0)
[Vulkan Loader] INFO:           Found manifest file /usr/share/vulkan/implicit_layer.d/VkLayer_MESA_anti_lag.json (file version 1.2.1)
[Vulkan Loader] INFO:           Found manifest file /usr/share/vulkan/implicit_layer.d/MangoHud.x86_64.json (file version 1.0.0)
[Vulkan Loader] INFO:           Found manifest file /usr/share/vulkan/implicit_layer.d/MangoHud.x86.json (file version 1.0.0)
[Vulkan Loader] INFO:           Found manifest file /usr/share/vulkan/implicit_layer.d/VkLayer_MESA_device_select.json (file version 1.0.0)
[Vulkan Loader] INFO:           Found manifest file /usr/share/vulkan/implicit_layer.d/VkLayer_LSFGVK_frame_generation.json (file version 1.1.0)
[Vulkan Loader] DRIVER:         Searching for driver manifest files
[Vulkan Loader] DRIVER:            In following locations:
[Vulkan Loader] DRIVER:               /home/hans/.config/vulkan/icd.d
[Vulkan Loader] DRIVER:               /home/hans/.config/kdedefaults/vulkan/icd.d
[Vulkan Loader] DRIVER:               /etc/xdg/vulkan/icd.d
[Vulkan Loader] DRIVER:               /etc/vulkan/icd.d
[Vulkan Loader] DRIVER:               /home/hans/.local/share/vulkan/icd.d
[Vulkan Loader] DRIVER:               /home/hans/.local/share/flatpak/exports/share/vulkan/icd.d
[Vulkan Loader] DRIVER:               /var/lib/flatpak/exports/share/vulkan/icd.d
[Vulkan Loader] DRIVER:               /usr/local/share/vulkan/icd.d
[Vulkan Loader] DRIVER:               /usr/share/vulkan/icd.d
[Vulkan Loader] DRIVER:               /etc/eselect/wine/share/vulkan/icd.d
[Vulkan Loader] DRIVER:            Found the following files:
[Vulkan Loader] DRIVER:               /etc/vulkan/icd.d/nvidia_icd.json
[Vulkan Loader] DRIVER:               /usr/share/vulkan/icd.d/intel_icd.i686.json
[Vulkan Loader] DRIVER:               /usr/share/vulkan/icd.d/intel_hasvk_icd.i686.json
[Vulkan Loader] DRIVER:               /usr/share/vulkan/icd.d/radeon_icd.i686.json
[Vulkan Loader] DRIVER:               /usr/share/vulkan/icd.d/intel_icd.x86_64.json
[Vulkan Loader] DRIVER:               /usr/share/vulkan/icd.d/intel_hasvk_icd.x86_64.json
[Vulkan Loader] DRIVER:               /usr/share/vulkan/icd.d/radeon_icd.x86_64.json
[Vulkan Loader] DRIVER:         Found ICD manifest file /etc/vulkan/icd.d/nvidia_icd.json, version 1.0.1
[Vulkan Loader] DEBUG | DRIVER: Searching for ICD drivers named libGLX_nvidia.so.0
[Vulkan Loader] DRIVER:         Found ICD manifest file /usr/share/vulkan/icd.d/intel_icd.i686.json, version 1.0.1
[Vulkan Loader] DEBUG | DRIVER: Searching for ICD drivers named /usr/lib/libvulkan_intel.so
[Vulkan Loader] INFO:           loader_parse_icd_manifest: Driver library architecture doesn't match the current running architecture, skipping this driver
[Vulkan Loader] DRIVER:         Found ICD manifest file /usr/share/vulkan/icd.d/intel_hasvk_icd.i686.json, version 1.0.1
[Vulkan Loader] DEBUG | DRIVER: Searching for ICD drivers named /usr/lib/libvulkan_intel_hasvk.so
[Vulkan Loader] INFO:           loader_parse_icd_manifest: Driver library architecture doesn't match the current running architecture, skipping this driver
[Vulkan Loader] DRIVER:         Found ICD manifest file /usr/share/vulkan/icd.d/radeon_icd.i686.json, version 1.0.1
[Vulkan Loader] DEBUG | DRIVER: Searching for ICD drivers named /usr/lib/libvulkan_radeon.so
[Vulkan Loader] INFO:           loader_parse_icd_manifest: Driver library architecture doesn't match the current running architecture, skipping this driver
[Vulkan Loader] DRIVER:         Found ICD manifest file /usr/share/vulkan/icd.d/intel_icd.x86_64.json, version 1.0.1
[Vulkan Loader] DEBUG | DRIVER: Searching for ICD drivers named /usr/lib64/libvulkan_intel.so
[Vulkan Loader] DRIVER:         Found ICD manifest file /usr/share/vulkan/icd.d/intel_hasvk_icd.x86_64.json, version 1.0.1
[Vulkan Loader] DEBUG | DRIVER: Searching for ICD drivers named /usr/lib64/libvulkan_intel_hasvk.so
[Vulkan Loader] DRIVER:         Found ICD manifest file /usr/share/vulkan/icd.d/radeon_icd.x86_64.json, version 1.0.1
[Vulkan Loader] DEBUG | DRIVER: Searching for ICD drivers named /usr/lib64/libvulkan_radeon.so
[Vulkan Loader] DRIVER:         Searching for driver manifest files
[Vulkan Loader] DRIVER:            In following locations:
[Vulkan Loader] DRIVER:               /home/hans/.config/vulkan/icd.d
[Vulkan Loader] DRIVER:               /home/hans/.config/kdedefaults/vulkan/icd.d
[Vulkan Loader] DRIVER:               /etc/xdg/vulkan/icd.d
[Vulkan Loader] DRIVER:               /etc/vulkan/icd.d
[Vulkan Loader] DRIVER:               /home/hans/.local/share/vulkan/icd.d
[Vulkan Loader] DRIVER:               /home/hans/.local/share/flatpak/exports/share/vulkan/icd.d
[Vulkan Loader] DRIVER:               /var/lib/flatpak/exports/share/vulkan/icd.d
[Vulkan Loader] DRIVER:               /usr/local/share/vulkan/icd.d
[Vulkan Loader] DRIVER:               /usr/share/vulkan/icd.d
[Vulkan Loader] DRIVER:               /etc/eselect/wine/share/vulkan/icd.d
[Vulkan Loader] DRIVER:            Found the following files:
[Vulkan Loader] DRIVER:               /etc/vulkan/icd.d/nvidia_icd.json
[Vulkan Loader] DRIVER:               /usr/share/vulkan/icd.d/intel_icd.i686.json
[Vulkan Loader] DRIVER:               /usr/share/vulkan/icd.d/intel_hasvk_icd.i686.json
[Vulkan Loader] DRIVER:               /usr/share/vulkan/icd.d/radeon_icd.i686.json
[Vulkan Loader] DRIVER:               /usr/share/vulkan/icd.d/intel_icd.x86_64.json
[Vulkan Loader] DRIVER:               /usr/share/vulkan/icd.d/intel_hasvk_icd.x86_64.json
[Vulkan Loader] DRIVER:               /usr/share/vulkan/icd.d/radeon_icd.x86_64.json
[Vulkan Loader] DRIVER:         Found ICD manifest file /etc/vulkan/icd.d/nvidia_icd.json, version 1.0.1
[Vulkan Loader] DEBUG | DRIVER: Searching for ICD drivers named libGLX_nvidia.so.0
[Vulkan Loader] DRIVER:         Found ICD manifest file /usr/share/vulkan/icd.d/intel_icd.i686.json, version 1.0.1
[Vulkan Loader] DEBUG | DRIVER: Searching for ICD drivers named /usr/lib/libvulkan_intel.so
[Vulkan Loader] INFO:           loader_parse_icd_manifest: Driver library architecture doesn't match the current running architecture, skipping this driver
[Vulkan Loader] DRIVER:         Found ICD manifest file /usr/share/vulkan/icd.d/intel_hasvk_icd.i686.json, version 1.0.1
[Vulkan Loader] DEBUG | DRIVER: Searching for ICD drivers named /usr/lib/libvulkan_intel_hasvk.so
[Vulkan Loader] INFO:           loader_parse_icd_manifest: Driver library architecture doesn't match the current running architecture, skipping this driver
[Vulkan Loader] DRIVER:         Found ICD manifest file /usr/share/vulkan/icd.d/radeon_icd.i686.json, version 1.0.1
[Vulkan Loader] DEBUG | DRIVER: Searching for ICD drivers named /usr/lib/libvulkan_radeon.so
[Vulkan Loader] INFO:           loader_parse_icd_manifest: Driver library architecture doesn't match the current running architecture, skipping this driver
[Vulkan Loader] DRIVER:         Found ICD manifest file /usr/share/vulkan/icd.d/intel_icd.x86_64.json, version 1.0.1
[Vulkan Loader] DEBUG | DRIVER: Searching for ICD drivers named /usr/lib64/libvulkan_intel.so
[Vulkan Loader] DRIVER:         Found ICD manifest file /usr/share/vulkan/icd.d/intel_hasvk_icd.x86_64.json, version 1.0.1
[Vulkan Loader] DEBUG | DRIVER: Searching for ICD drivers named /usr/lib64/libvulkan_intel_hasvk.so
[Vulkan Loader] DRIVER:         Found ICD manifest file /usr/share/vulkan/icd.d/radeon_icd.x86_64.json, version 1.0.1
[Vulkan Loader] DEBUG | DRIVER: Searching for ICD drivers named /usr/lib64/libvulkan_radeon.so
[Vulkan Loader] LAYER:          Searching for implicit layer manifest files
[Vulkan Loader] LAYER:             In following locations:
[Vulkan Loader] LAYER:                /home/hans/.config/vulkan/implicit_layer.d
[Vulkan Loader] LAYER:                /home/hans/.config/kdedefaults/vulkan/implicit_layer.d
[Vulkan Loader] LAYER:                /etc/xdg/vulkan/implicit_layer.d
[Vulkan Loader] LAYER:                /etc/vulkan/implicit_layer.d
[Vulkan Loader] LAYER:                /home/hans/.local/share/vulkan/implicit_layer.d
[Vulkan Loader] LAYER:                /home/hans/.local/share/flatpak/exports/share/vulkan/implicit_layer.d
[Vulkan Loader] LAYER:                /var/lib/flatpak/exports/share/vulkan/implicit_layer.d
[Vulkan Loader] LAYER:                /usr/local/share/vulkan/implicit_layer.d
[Vulkan Loader] LAYER:                /usr/share/vulkan/implicit_layer.d
[Vulkan Loader] LAYER:                /etc/eselect/wine/share/vulkan/implicit_layer.d
[Vulkan Loader] LAYER:             Found the following files:
[Vulkan Loader] LAYER:                /etc/vulkan/implicit_layer.d/nvidia_layers.json
[Vulkan Loader] LAYER:                /home/hans/.local/share/vulkan/implicit_layer.d/steamoverlay_i386.json
[Vulkan Loader] LAYER:                /home/hans/.local/share/vulkan/implicit_layer.d/steamoverlay_x86_64.json
[Vulkan Loader] LAYER:                /home/hans/.local/share/vulkan/implicit_layer.d/steamfossilize_i386.json
[Vulkan Loader] LAYER:                /home/hans/.local/share/vulkan/implicit_layer.d/steamfossilize_x86_64.json
[Vulkan Loader] LAYER:                /usr/share/vulkan/implicit_layer.d/VkLayer_MESA_anti_lag.json
[Vulkan Loader] LAYER:                /usr/share/vulkan/implicit_layer.d/MangoHud.x86_64.json
[Vulkan Loader] LAYER:                /usr/share/vulkan/implicit_layer.d/MangoHud.x86.json
[Vulkan Loader] LAYER:                /usr/share/vulkan/implicit_layer.d/VkLayer_MESA_device_select.json
[Vulkan Loader] LAYER:                /usr/share/vulkan/implicit_layer.d/VkLayer_LSFGVK_frame_generation.json
[Vulkan Loader] INFO:           Found manifest file /etc/vulkan/implicit_layer.d/nvidia_layers.json (file version 1.0.1)
[Vulkan Loader] INFO:           Found manifest file /home/hans/.local/share/vulkan/implicit_layer.d/steamoverlay_i386.json (file version 1.0.0)
[Vulkan Loader] INFO:           Found manifest file /home/hans/.local/share/vulkan/implicit_layer.d/steamoverlay_x86_64.json (file version 1.0.0)
[Vulkan Loader] INFO:           Found manifest file /home/hans/.local/share/vulkan/implicit_layer.d/steamfossilize_i386.json (file version 1.0.0)
[Vulkan Loader] INFO:           Found manifest file /home/hans/.local/share/vulkan/implicit_layer.d/steamfossilize_x86_64.json (file version 1.0.0)
[Vulkan Loader] INFO:           Found manifest file /usr/share/vulkan/implicit_layer.d/VkLayer_MESA_anti_lag.json (file version 1.2.1)
[Vulkan Loader] INFO:           Found manifest file /usr/share/vulkan/implicit_layer.d/MangoHud.x86_64.json (file version 1.0.0)
[Vulkan Loader] INFO:           Found manifest file /usr/share/vulkan/implicit_layer.d/MangoHud.x86.json (file version 1.0.0)
[Vulkan Loader] INFO:           Found manifest file /usr/share/vulkan/implicit_layer.d/VkLayer_MESA_device_select.json (file version 1.0.0)
[Vulkan Loader] INFO:           Found manifest file /usr/share/vulkan/implicit_layer.d/VkLayer_LSFGVK_frame_generation.json (file version 1.1.0)
[Vulkan Loader] INFO:           No valid vk_loader_settings.json file found, no loader settings will be active
[Vulkan Loader] LAYER:          Searching for implicit layer manifest files
[Vulkan Loader] LAYER:             In following locations:
[Vulkan Loader] LAYER:                /home/hans/.config/vulkan/implicit_layer.d
[Vulkan Loader] LAYER:                /home/hans/.config/kdedefaults/vulkan/implicit_layer.d
[Vulkan Loader] LAYER:                /etc/xdg/vulkan/implicit_layer.d
[Vulkan Loader] LAYER:                /etc/vulkan/implicit_layer.d
[Vulkan Loader] LAYER:                /home/hans/.local/share/vulkan/implicit_layer.d
[Vulkan Loader] LAYER:                /home/hans/.local/share/flatpak/exports/share/vulkan/implicit_layer.d
[Vulkan Loader] LAYER:                /var/lib/flatpak/exports/share/vulkan/implicit_layer.d
[Vulkan Loader] LAYER:                /usr/local/share/vulkan/implicit_layer.d
[Vulkan Loader] LAYER:                /usr/share/vulkan/implicit_layer.d
[Vulkan Loader] LAYER:                /etc/eselect/wine/share/vulkan/implicit_layer.d
[Vulkan Loader] LAYER:             Found the following files:
[Vulkan Loader] LAYER:                /etc/vulkan/implicit_layer.d/nvidia_layers.json
[Vulkan Loader] LAYER:                /home/hans/.local/share/vulkan/implicit_layer.d/steamoverlay_i386.json
[Vulkan Loader] LAYER:                /home/hans/.local/share/vulkan/implicit_layer.d/steamoverlay_x86_64.json
[Vulkan Loader] LAYER:                /home/hans/.local/share/vulkan/implicit_layer.d/steamfossilize_i386.json
[Vulkan Loader] LAYER:                /home/hans/.local/share/vulkan/implicit_layer.d/steamfossilize_x86_64.json
[Vulkan Loader] LAYER:                /usr/share/vulkan/implicit_layer.d/VkLayer_MESA_anti_lag.json
[Vulkan Loader] LAYER:                /usr/share/vulkan/implicit_layer.d/MangoHud.x86_64.json
[Vulkan Loader] LAYER:                /usr/share/vulkan/implicit_layer.d/MangoHud.x86.json
[Vulkan Loader] LAYER:                /usr/share/vulkan/implicit_layer.d/VkLayer_MESA_device_select.json
[Vulkan Loader] LAYER:                /usr/share/vulkan/implicit_layer.d/VkLayer_LSFGVK_frame_generation.json
[Vulkan Loader] INFO:           Found manifest file /etc/vulkan/implicit_layer.d/nvidia_layers.json (file version 1.0.1)
[Vulkan Loader] INFO:           Found manifest file /home/hans/.local/share/vulkan/implicit_layer.d/steamoverlay_i386.json (file version 1.0.0)
[Vulkan Loader] INFO:           Found manifest file /home/hans/.local/share/vulkan/implicit_layer.d/steamoverlay_x86_64.json (file version 1.0.0)
[Vulkan Loader] INFO:           Found manifest file /home/hans/.local/share/vulkan/implicit_layer.d/steamfossilize_i386.json (file version 1.0.0)
[Vulkan Loader] INFO:           Found manifest file /home/hans/.local/share/vulkan/implicit_layer.d/steamfossilize_x86_64.json (file version 1.0.0)
[Vulkan Loader] INFO:           Found manifest file /usr/share/vulkan/implicit_layer.d/VkLayer_MESA_anti_lag.json (file version 1.2.1)
[Vulkan Loader] INFO:           Found manifest file /usr/share/vulkan/implicit_layer.d/MangoHud.x86_64.json (file version 1.0.0)
01dc:fixme:process:GetProcessMitigationPolicy (FFFFFFFFFFFFFFFF, 4, 00007FFFFE8FFCE4, 4): stub
[Vulkan Loader] INFO:           Found manifest file /usr/share/vulkan/implicit_layer.d/MangoHud.x86.json (file version 1.0.0)
[Vulkan Loader] INFO:           Found manifest file /usr/share/vulkan/implicit_layer.d/VkLayer_MESA_device_select.json (file version 1.0.0)
[Vulkan Loader] INFO:           Found manifest file /usr/share/vulkan/implicit_layer.d/VkLayer_LSFGVK_frame_generation.json (file version 1.1.0)
[Vulkan Loader] DRIVER:         Searching for driver manifest files
[Vulkan Loader] DRIVER:            In following locations:
[Vulkan Loader] DRIVER:               /home/hans/.config/vulkan/icd.d
[Vulkan Loader] DRIVER:               /home/hans/.config/kdedefaults/vulkan/icd.d
[Vulkan Loader] DRIVER:               /etc/xdg/vulkan/icd.d
[Vulkan Loader] DRIVER:               /etc/vulkan/icd.d
[Vulkan Loader] DRIVER:               /home/hans/.local/share/vulkan/icd.d
[Vulkan Loader] DRIVER:               /home/hans/.local/share/flatpak/exports/share/vulkan/icd.d
[Vulkan Loader] DRIVER:               /var/lib/flatpak/exports/share/vulkan/icd.d
[Vulkan Loader] DRIVER:               /usr/local/share/vulkan/icd.d
[Vulkan Loader] DRIVER:               /usr/share/vulkan/icd.d
[Vulkan Loader] DRIVER:               /etc/eselect/wine/share/vulkan/icd.d
[Vulkan Loader] DRIVER:            Found the following files:
[Vulkan Loader] DRIVER:               /etc/vulkan/icd.d/nvidia_icd.json
[Vulkan Loader] DRIVER:               /usr/share/vulkan/icd.d/intel_icd.i686.json
[Vulkan Loader] DRIVER:               /usr/share/vulkan/icd.d/intel_hasvk_icd.i686.json
[Vulkan Loader] DRIVER:               /usr/share/vulkan/icd.d/radeon_icd.i686.json
[Vulkan Loader] DRIVER:               /usr/share/vulkan/icd.d/intel_icd.x86_64.json
[Vulkan Loader] DRIVER:               /usr/share/vulkan/icd.d/intel_hasvk_icd.x86_64.json
[Vulkan Loader] DRIVER:               /usr/share/vulkan/icd.d/radeon_icd.x86_64.json
[Vulkan Loader] DRIVER:         Found ICD manifest file /etc/vulkan/icd.d/nvidia_icd.json, version 1.0.1
[Vulkan Loader] DEBUG | DRIVER: Searching for ICD drivers named libGLX_nvidia.so.0
[Vulkan Loader] DRIVER:         Found ICD manifest file /usr/share/vulkan/icd.d/intel_icd.i686.json, version 1.0.1
[Vulkan Loader] DEBUG | DRIVER: Searching for ICD drivers named /usr/lib/libvulkan_intel.so
[Vulkan Loader] INFO:           loader_parse_icd_manifest: Driver library architecture doesn't match the current running architecture, skipping this driver
[Vulkan Loader] DRIVER:         Found ICD manifest file /usr/share/vulkan/icd.d/intel_hasvk_icd.i686.json, version 1.0.1
[Vulkan Loader] DEBUG | DRIVER: Searching for ICD drivers named /usr/lib/libvulkan_intel_hasvk.so
[Vulkan Loader] INFO:           loader_parse_icd_manifest: Driver library architecture doesn't match the current running architecture, skipping this driver
[Vulkan Loader] DRIVER:         Found ICD manifest file /usr/share/vulkan/icd.d/radeon_icd.i686.json, version 1.0.1
[Vulkan Loader] DEBUG | DRIVER: Searching for ICD drivers named /usr/lib/libvulkan_radeon.so
[Vulkan Loader] INFO:           loader_parse_icd_manifest: Driver library architecture doesn't match the current running architecture, skipping this driver
[Vulkan Loader] DRIVER:         Found ICD manifest file /usr/share/vulkan/icd.d/intel_icd.x86_64.json, version 1.0.1
[Vulkan Loader] DEBUG | DRIVER: Searching for ICD drivers named /usr/lib64/libvulkan_intel.so
[Vulkan Loader] DRIVER:         Found ICD manifest file /usr/share/vulkan/icd.d/intel_hasvk_icd.x86_64.json, version 1.0.1
[Vulkan Loader] DEBUG | DRIVER: Searching for ICD drivers named /usr/lib64/libvulkan_intel_hasvk.so
[Vulkan Loader] DRIVER:         Found ICD manifest file /usr/share/vulkan/icd.d/radeon_icd.x86_64.json, version 1.0.1
[Vulkan Loader] DEBUG | DRIVER: Searching for ICD drivers named /usr/lib64/libvulkan_radeon.so
[Vulkan Loader] LAYER:          Searching for implicit layer manifest files
[Vulkan Loader] LAYER:             In following locations:
[Vulkan Loader] LAYER:                /home/hans/.config/vulkan/implicit_layer.d
[Vulkan Loader] LAYER:                /home/hans/.config/kdedefaults/vulkan/implicit_layer.d
[Vulkan Loader] LAYER:                /etc/xdg/vulkan/implicit_layer.d
[Vulkan Loader] LAYER:                /etc/vulkan/implicit_layer.d
[Vulkan Loader] LAYER:                /home/hans/.local/share/vulkan/implicit_layer.d
[Vulkan Loader] LAYER:                /home/hans/.local/share/flatpak/exports/share/vulkan/implicit_layer.d
[Vulkan Loader] LAYER:                /var/lib/flatpak/exports/share/vulkan/implicit_layer.d
[Vulkan Loader] LAYER:                /usr/local/share/vulkan/implicit_layer.d
[Vulkan Loader] LAYER:                /usr/share/vulkan/implicit_layer.d
[Vulkan Loader] LAYER:                /etc/eselect/wine/share/vulkan/implicit_layer.d
[Vulkan Loader] LAYER:             Found the following files:
[Vulkan Loader] LAYER:                /etc/vulkan/implicit_layer.d/nvidia_layers.json
[Vulkan Loader] LAYER:                /home/hans/.local/share/vulkan/implicit_layer.d/steamoverlay_i386.json
[Vulkan Loader] LAYER:                /home/hans/.local/share/vulkan/implicit_layer.d/steamoverlay_x86_64.json
[Vulkan Loader] LAYER:                /home/hans/.local/share/vulkan/implicit_layer.d/steamfossilize_i386.json
[Vulkan Loader] LAYER:                /home/hans/.local/share/vulkan/implicit_layer.d/steamfossilize_x86_64.json
[Vulkan Loader] LAYER:                /usr/share/vulkan/implicit_layer.d/VkLayer_MESA_anti_lag.json
[Vulkan Loader] LAYER:                /usr/share/vulkan/implicit_layer.d/MangoHud.x86_64.json
[Vulkan Loader] LAYER:                /usr/share/vulkan/implicit_layer.d/MangoHud.x86.json
[Vulkan Loader] LAYER:                /usr/share/vulkan/implicit_layer.d/VkLayer_MESA_device_select.json
[Vulkan Loader] LAYER:                /usr/share/vulkan/implicit_layer.d/VkLayer_LSFGVK_frame_generation.json
[Vulkan Loader] INFO:           Found manifest file /etc/vulkan/implicit_layer.d/nvidia_layers.json (file version 1.0.1)
[Vulkan Loader] INFO:           Found manifest file /home/hans/.local/share/vulkan/implicit_layer.d/steamoverlay_i386.json (file version 1.0.0)
[Vulkan Loader] INFO:           Found manifest file /home/hans/.local/share/vulkan/implicit_layer.d/steamoverlay_x86_64.json (file version 1.0.0)
[Vulkan Loader] INFO:           Found manifest file /home/hans/.local/share/vulkan/implicit_layer.d/steamfossilize_i386.json (file version 1.0.0)
[Vulkan Loader] INFO:           Found manifest file /home/hans/.local/share/vulkan/implicit_layer.d/steamfossilize_x86_64.json (file version 1.0.0)
[Vulkan Loader] INFO:           Found manifest file /usr/share/vulkan/implicit_layer.d/VkLayer_MESA_anti_lag.json (file version 1.2.1)
[Vulkan Loader] INFO:           Found manifest file /usr/share/vulkan/implicit_layer.d/MangoHud.x86_64.json (file version 1.0.0)
[Vulkan Loader] INFO:           Found manifest file /usr/share/vulkan/implicit_layer.d/MangoHud.x86.json (file version 1.0.0)
[Vulkan Loader] INFO:           Found manifest file /usr/share/vulkan/implicit_layer.d/VkLayer_MESA_device_select.json (file version 1.0.0)
[Vulkan Loader] INFO:           Found manifest file /usr/share/vulkan/implicit_layer.d/VkLayer_LSFGVK_frame_generation.json (file version 1.1.0)
[Vulkan Loader] INFO:           No valid vk_loader_settings.json file found, no loader settings will be active
[Vulkan Loader] LAYER:          Searching for implicit layer manifest files
[Vulkan Loader] LAYER:             In following locations:
[Vulkan Loader] LAYER:                /home/hans/.config/vulkan/implicit_layer.d
[Vulkan Loader] LAYER:                /home/hans/.config/kdedefaults/vulkan/implicit_layer.d
[Vulkan Loader] LAYER:                /etc/xdg/vulkan/implicit_layer.d
[Vulkan Loader] LAYER:                /etc/vulkan/implicit_layer.d
[Vulkan Loader] LAYER:                /home/hans/.local/share/vulkan/implicit_layer.d
[Vulkan Loader] LAYER:                /home/hans/.local/share/flatpak/exports/share/vulkan/implicit_layer.d
[Vulkan Loader] LAYER:                /var/lib/flatpak/exports/share/vulkan/implicit_layer.d
[Vulkan Loader] LAYER:                /usr/local/share/vulkan/implicit_layer.d
[Vulkan Loader] LAYER:                /usr/share/vulkan/implicit_layer.d
[Vulkan Loader] LAYER:                /etc/eselect/wine/share/vulkan/implicit_layer.d
[Vulkan Loader] LAYER:             Found the following files:
[Vulkan Loader] LAYER:                /etc/vulkan/implicit_layer.d/nvidia_layers.json
[Vulkan Loader] LAYER:                /home/hans/.local/share/vulkan/implicit_layer.d/steamoverlay_i386.json
[Vulkan Loader] LAYER:                /home/hans/.local/share/vulkan/implicit_layer.d/steamoverlay_x86_64.json
[Vulkan Loader] LAYER:                /home/hans/.local/share/vulkan/implicit_layer.d/steamfossilize_i386.json
[Vulkan Loader] LAYER:                /home/hans/.local/share/vulkan/implicit_layer.d/steamfossilize_x86_64.json
[Vulkan Loader] LAYER:                /usr/share/vulkan/implicit_layer.d/VkLayer_MESA_anti_lag.json
[Vulkan Loader] LAYER:                /usr/share/vulkan/implicit_layer.d/MangoHud.x86_64.json
[Vulkan Loader] LAYER:                /usr/share/vulkan/implicit_layer.d/MangoHud.x86.json
[Vulkan Loader] LAYER:                /usr/share/vulkan/implicit_layer.d/VkLayer_MESA_device_select.json
[Vulkan Loader] LAYER:                /usr/share/vulkan/implicit_layer.d/VkLayer_LSFGVK_frame_generation.json
[Vulkan Loader] INFO:           Found manifest file /etc/vulkan/implicit_layer.d/nvidia_layers.json (file version 1.0.1)
[Vulkan Loader] INFO:           Found manifest file /home/hans/.local/share/vulkan/implicit_layer.d/steamoverlay_i386.json (file version 1.0.0)
[Vulkan Loader] INFO:           Found manifest file /home/hans/.local/share/vulkan/implicit_layer.d/steamoverlay_x86_64.json (file version 1.0.0)
[Vulkan Loader] INFO:           Found manifest file /home/hans/.local/share/vulkan/implicit_layer.d/steamfossilize_i386.json (file version 1.0.0)
[Vulkan Loader] INFO:           Found manifest file /home/hans/.local/share/vulkan/implicit_layer.d/steamfossilize_x86_64.json (file version 1.0.0)
[Vulkan Loader] INFO:           Found manifest file /usr/share/vulkan/implicit_layer.d/VkLayer_MESA_anti_lag.json (file version 1.2.1)
[Vulkan Loader] INFO:           Found manifest file /usr/share/vulkan/implicit_layer.d/MangoHud.x86_64.json (file version 1.0.0)
[Vulkan Loader] INFO:           Found manifest file /usr/share/vulkan/implicit_layer.d/MangoHud.x86.json (file version 1.0.0)
[Vulkan Loader] INFO:           Found manifest file /usr/share/vulkan/implicit_layer.d/VkLayer_MESA_device_select.json (file version 1.0.0)
[Vulkan Loader] INFO:           Found manifest file /usr/share/vulkan/implicit_layer.d/VkLayer_LSFGVK_frame_generation.json (file version 1.1.0)
[Vulkan Loader] DRIVER:         Searching for driver manifest files
[Vulkan Loader] DRIVER:            In following locations:
[Vulkan Loader] DRIVER:               /home/hans/.config/vulkan/icd.d
[Vulkan Loader] DRIVER:               /home/hans/.config/kdedefaults/vulkan/icd.d
[Vulkan Loader] DRIVER:               /etc/xdg/vulkan/icd.d
[Vulkan Loader] DRIVER:               /etc/vulkan/icd.d
[Vulkan Loader] DRIVER:               /home/hans/.local/share/vulkan/icd.d
[Vulkan Loader] DRIVER:               /home/hans/.local/share/flatpak/exports/share/vulkan/icd.d
[Vulkan Loader] DRIVER:               /var/lib/flatpak/exports/share/vulkan/icd.d
[Vulkan Loader] DRIVER:               /usr/local/share/vulkan/icd.d
[Vulkan Loader] DRIVER:               /usr/share/vulkan/icd.d
[Vulkan Loader] DRIVER:               /etc/eselect/wine/share/vulkan/icd.d
[Vulkan Loader] DRIVER:            Found the following files:
[Vulkan Loader] DRIVER:               /etc/vulkan/icd.d/nvidia_icd.json
[Vulkan Loader] DRIVER:               /usr/share/vulkan/icd.d/intel_icd.i686.json
[Vulkan Loader] DRIVER:               /usr/share/vulkan/icd.d/intel_hasvk_icd.i686.json
[Vulkan Loader] DRIVER:               /usr/share/vulkan/icd.d/radeon_icd.i686.json
[Vulkan Loader] DRIVER:               /usr/share/vulkan/icd.d/intel_icd.x86_64.json
[Vulkan Loader] DRIVER:               /usr/share/vulkan/icd.d/intel_hasvk_icd.x86_64.json
[Vulkan Loader] DRIVER:               /usr/share/vulkan/icd.d/radeon_icd.x86_64.json
[Vulkan Loader] DRIVER:         Found ICD manifest file /etc/vulkan/icd.d/nvidia_icd.json, version 1.0.1
[Vulkan Loader] DEBUG | DRIVER: Searching for ICD drivers named libGLX_nvidia.so.0
[Vulkan Loader] DRIVER:         Found ICD manifest file /usr/share/vulkan/icd.d/intel_icd.i686.json, version 1.0.1
[Vulkan Loader] DEBUG | DRIVER: Searching for ICD drivers named /usr/lib/libvulkan_intel.so
[Vulkan Loader] INFO:           loader_parse_icd_manifest: Driver library architecture doesn't match the current running architecture, skipping this driver
[Vulkan Loader] DRIVER:         Found ICD manifest file /usr/share/vulkan/icd.d/intel_hasvk_icd.i686.json, version 1.0.1
[Vulkan Loader] DEBUG | DRIVER: Searching for ICD drivers named /usr/lib/libvulkan_intel_hasvk.so
[Vulkan Loader] INFO:           loader_parse_icd_manifest: Driver library architecture doesn't match the current running architecture, skipping this driver
[Vulkan Loader] DRIVER:         Found ICD manifest file /usr/share/vulkan/icd.d/radeon_icd.i686.json, version 1.0.1
[Vulkan Loader] DEBUG | DRIVER: Searching for ICD drivers named /usr/lib/libvulkan_radeon.so
[Vulkan Loader] INFO:           loader_parse_icd_manifest: Driver library architecture doesn't match the current running architecture, skipping this driver
[Vulkan Loader] DRIVER:         Found ICD manifest file /usr/share/vulkan/icd.d/intel_icd.x86_64.json, version 1.0.1
[Vulkan Loader] DEBUG | DRIVER: Searching for ICD drivers named /usr/lib64/libvulkan_intel.so
[Vulkan Loader] DRIVER:         Found ICD manifest file /usr/share/vulkan/icd.d/intel_hasvk_icd.x86_64.json, version 1.0.1
[Vulkan Loader] DEBUG | DRIVER: Searching for ICD drivers named /usr/lib64/libvulkan_intel_hasvk.so
[Vulkan Loader] DRIVER:         Found ICD manifest file /usr/share/vulkan/icd.d/radeon_icd.x86_64.json, version 1.0.1
[Vulkan Loader] DEBUG | DRIVER: Searching for ICD drivers named /usr/lib64/libvulkan_radeon.so
[Vulkan Loader] LAYER:          Searching for implicit layer manifest files
[Vulkan Loader] LAYER:             In following locations:
[Vulkan Loader] LAYER:                /home/hans/.config/vulkan/implicit_layer.d
[Vulkan Loader] LAYER:                /home/hans/.config/kdedefaults/vulkan/implicit_layer.d
[Vulkan Loader] LAYER:                /etc/xdg/vulkan/implicit_layer.d
[Vulkan Loader] LAYER:                /etc/vulkan/implicit_layer.d
[Vulkan Loader] LAYER:                /home/hans/.local/share/vulkan/implicit_layer.d
[Vulkan Loader] LAYER:                /home/hans/.local/share/flatpak/exports/share/vulkan/implicit_layer.d
[Vulkan Loader] LAYER:                /var/lib/flatpak/exports/share/vulkan/implicit_layer.d
[Vulkan Loader] LAYER:                /usr/local/share/vulkan/implicit_layer.d
[Vulkan Loader] LAYER:                /usr/share/vulkan/implicit_layer.d
[Vulkan Loader] LAYER:                /etc/eselect/wine/share/vulkan/implicit_layer.d
[Vulkan Loader] LAYER:             Found the following files:
[Vulkan Loader] LAYER:                /etc/vulkan/implicit_layer.d/nvidia_layers.json
[Vulkan Loader] LAYER:                /home/hans/.local/share/vulkan/implicit_layer.d/steamoverlay_i386.json
[Vulkan Loader] LAYER:                /home/hans/.local/share/vulkan/implicit_layer.d/steamoverlay_x86_64.json
[Vulkan Loader] LAYER:                /home/hans/.local/share/vulkan/implicit_layer.d/steamfossilize_i386.json
[Vulkan Loader] LAYER:                /home/hans/.local/share/vulkan/implicit_layer.d/steamfossilize_x86_64.json
[Vulkan Loader] LAYER:                /usr/share/vulkan/implicit_layer.d/VkLayer_MESA_anti_lag.json
[Vulkan Loader] LAYER:                /usr/share/vulkan/implicit_layer.d/MangoHud.x86_64.json
[Vulkan Loader] LAYER:                /usr/share/vulkan/implicit_layer.d/MangoHud.x86.json
[Vulkan Loader] LAYER:                /usr/share/vulkan/implicit_layer.d/VkLayer_MESA_device_select.json
[Vulkan Loader] LAYER:                /usr/share/vulkan/implicit_layer.d/VkLayer_LSFGVK_frame_generation.json
[Vulkan Loader] INFO:           Found manifest file /etc/vulkan/implicit_layer.d/nvidia_layers.json (file version 1.0.1)
[Vulkan Loader] INFO:           Found manifest file /home/hans/.local/share/vulkan/implicit_layer.d/steamoverlay_i386.json (file version 1.0.0)
[Vulkan Loader] INFO:           Found manifest file /home/hans/.local/share/vulkan/implicit_layer.d/steamoverlay_x86_64.json (file version 1.0.0)
[Vulkan Loader] INFO:           Found manifest file /home/hans/.local/share/vulkan/implicit_layer.d/steamfossilize_i386.json (file version 1.0.0)
[Vulkan Loader] INFO:           Found manifest file /home/hans/.local/share/vulkan/implicit_layer.d/steamfossilize_x86_64.json (file version 1.0.0)
[Vulkan Loader] INFO:           Found manifest file /usr/share/vulkan/implicit_layer.d/VkLayer_MESA_anti_lag.json (file version 1.2.1)
[Vulkan Loader] INFO:           Found manifest file /usr/share/vulkan/implicit_layer.d/MangoHud.x86_64.json (file version 1.0.0)
[Vulkan Loader] INFO:           Found manifest file /usr/share/vulkan/implicit_layer.d/MangoHud.x86.json (file version 1.0.0)
[Vulkan Loader] INFO:           Found manifest file /usr/share/vulkan/implicit_layer.d/VkLayer_MESA_device_select.json (file version 1.0.0)
[Vulkan Loader] INFO:           Found manifest file /usr/share/vulkan/implicit_layer.d/VkLayer_LSFGVK_frame_generation.json (file version 1.1.0)
[Vulkan Loader] INFO:           No valid vk_loader_settings.json file found, no loader settings will be active
[Vulkan Loader] LAYER:          Searching for implicit layer manifest files
[Vulkan Loader] LAYER:             In following locations:
[Vulkan Loader] LAYER:                /home/hans/.config/vulkan/implicit_layer.d
[Vulkan Loader] LAYER:                /home/hans/.config/kdedefaults/vulkan/implicit_layer.d
[Vulkan Loader] LAYER:                /etc/xdg/vulkan/implicit_layer.d
[Vulkan Loader] LAYER:                /etc/vulkan/implicit_layer.d
[Vulkan Loader] LAYER:                /home/hans/.local/share/vulkan/implicit_layer.d
[Vulkan Loader] LAYER:                /home/hans/.local/share/flatpak/exports/share/vulkan/implicit_layer.d
[Vulkan Loader] LAYER:                /var/lib/flatpak/exports/share/vulkan/implicit_layer.d
[Vulkan Loader] LAYER:                /usr/local/share/vulkan/implicit_layer.d
[Vulkan Loader] LAYER:                /usr/share/vulkan/implicit_layer.d
[Vulkan Loader] LAYER:                /etc/eselect/wine/share/vulkan/implicit_layer.d
[Vulkan Loader] LAYER:             Found the following files:
[Vulkan Loader] LAYER:                /etc/vulkan/implicit_layer.d/nvidia_layers.json
[Vulkan Loader] LAYER:                /home/hans/.local/share/vulkan/implicit_layer.d/steamoverlay_i386.json
[Vulkan Loader] LAYER:                /home/hans/.local/share/vulkan/implicit_layer.d/steamoverlay_x86_64.json
[Vulkan Loader] LAYER:                /home/hans/.local/share/vulkan/implicit_layer.d/steamfossilize_i386.json
[Vulkan Loader] LAYER:                /home/hans/.local/share/vulkan/implicit_layer.d/steamfossilize_x86_64.json
[Vulkan Loader] LAYER:                /usr/share/vulkan/implicit_layer.d/VkLayer_MESA_anti_lag.json
[Vulkan Loader] LAYER:                /usr/share/vulkan/implicit_layer.d/MangoHud.x86_64.json
[Vulkan Loader] LAYER:                /usr/share/vulkan/implicit_layer.d/MangoHud.x86.json
[Vulkan Loader] LAYER:                /usr/share/vulkan/implicit_layer.d/VkLayer_MESA_device_select.json
[Vulkan Loader] LAYER:                /usr/share/vulkan/implicit_layer.d/VkLayer_LSFGVK_frame_generation.json
[Vulkan Loader] INFO:           Found manifest file /etc/vulkan/implicit_layer.d/nvidia_layers.json (file version 1.0.1)
[Vulkan Loader] INFO:           Found manifest file /home/hans/.local/share/vulkan/implicit_layer.d/steamoverlay_i386.json (file version 1.0.0)
[Vulkan Loader] INFO:           Found manifest file /home/hans/.local/share/vulkan/implicit_layer.d/steamoverlay_x86_64.json (file version 1.0.0)
[Vulkan Loader] INFO:           Found manifest file /home/hans/.local/share/vulkan/implicit_layer.d/steamfossilize_i386.json (file version 1.0.0)
[Vulkan Loader] INFO:           Found manifest file /home/hans/.local/share/vulkan/implicit_layer.d/steamfossilize_x86_64.json (file version 1.0.0)
[Vulkan Loader] INFO:           Found manifest file /usr/share/vulkan/implicit_layer.d/VkLayer_MESA_anti_lag.json (file version 1.2.1)
[Vulkan Loader] INFO:           Found manifest file /usr/share/vulkan/implicit_layer.d/MangoHud.x86_64.json (file version 1.0.0)
[Vulkan Loader] INFO:           Found manifest file /usr/share/vulkan/implicit_layer.d/MangoHud.x86.json (file version 1.0.0)
[Vulkan Loader] INFO:           Found manifest file /usr/share/vulkan/implicit_layer.d/VkLayer_MESA_device_select.json (file version 1.0.0)
[Vulkan Loader] INFO:           Found manifest file /usr/share/vulkan/implicit_layer.d/VkLayer_LSFGVK_frame_generation.json (file version 1.1.0)
[Vulkan Loader] DRIVER:         Searching for driver manifest files
[Vulkan Loader] DRIVER:            In following locations:
[Vulkan Loader] DRIVER:               /home/hans/.config/vulkan/icd.d
[Vulkan Loader] DRIVER:               /home/hans/.config/kdedefaults/vulkan/icd.d
[Vulkan Loader] DRIVER:               /etc/xdg/vulkan/icd.d
[Vulkan Loader] DRIVER:               /etc/vulkan/icd.d
[Vulkan Loader] DRIVER:               /home/hans/.local/share/vulkan/icd.d
[Vulkan Loader] DRIVER:               /home/hans/.local/share/flatpak/exports/share/vulkan/icd.d
[Vulkan Loader] DRIVER:               /var/lib/flatpak/exports/share/vulkan/icd.d
[Vulkan Loader] DRIVER:               /usr/local/share/vulkan/icd.d
[Vulkan Loader] DRIVER:               /usr/share/vulkan/icd.d
[Vulkan Loader] DRIVER:               /etc/eselect/wine/share/vulkan/icd.d
[Vulkan Loader] DRIVER:            Found the following files:
[Vulkan Loader] DRIVER:               /etc/vulkan/icd.d/nvidia_icd.json
[Vulkan Loader] DRIVER:               /usr/share/vulkan/icd.d/intel_icd.i686.json
[Vulkan Loader] DRIVER:               /usr/share/vulkan/icd.d/intel_hasvk_icd.i686.json
[Vulkan Loader] DRIVER:               /usr/share/vulkan/icd.d/radeon_icd.i686.json
[Vulkan Loader] DRIVER:               /usr/share/vulkan/icd.d/intel_icd.x86_64.json
[Vulkan Loader] DRIVER:               /usr/share/vulkan/icd.d/intel_hasvk_icd.x86_64.json
[Vulkan Loader] DRIVER:               /usr/share/vulkan/icd.d/radeon_icd.x86_64.json
[Vulkan Loader] DRIVER:         Found ICD manifest file /etc/vulkan/icd.d/nvidia_icd.json, version 1.0.1
[Vulkan Loader] DEBUG | DRIVER: Searching for ICD drivers named libGLX_nvidia.so.0
[Vulkan Loader] DRIVER:         Found ICD manifest file /usr/share/vulkan/icd.d/intel_icd.i686.json, version 1.0.1
[Vulkan Loader] DEBUG | DRIVER: Searching for ICD drivers named /usr/lib/libvulkan_intel.so
[Vulkan Loader] INFO:           loader_parse_icd_manifest: Driver library architecture doesn't match the current running architecture, skipping this driver
[Vulkan Loader] DRIVER:         Found ICD manifest file /usr/share/vulkan/icd.d/intel_hasvk_icd.i686.json, version 1.0.1
[Vulkan Loader] DEBUG | DRIVER: Searching for ICD drivers named /usr/lib/libvulkan_intel_hasvk.so
[Vulkan Loader] INFO:           loader_parse_icd_manifest: Driver library architecture doesn't match the current running architecture, skipping this driver
[Vulkan Loader] DRIVER:         Found ICD manifest file /usr/share/vulkan/icd.d/radeon_icd.i686.json, version 1.0.1
[Vulkan Loader] DEBUG | DRIVER: Searching for ICD drivers named /usr/lib/libvulkan_radeon.so
[Vulkan Loader] INFO:           loader_parse_icd_manifest: Driver library architecture doesn't match the current running architecture, skipping this driver
[Vulkan Loader] DRIVER:         Found ICD manifest file /usr/share/vulkan/icd.d/intel_icd.x86_64.json, version 1.0.1
[Vulkan Loader] DEBUG | DRIVER: Searching for ICD drivers named /usr/lib64/libvulkan_intel.so
[Vulkan Loader] DRIVER:         Found ICD manifest file /usr/share/vulkan/icd.d/intel_hasvk_icd.x86_64.json, version 1.0.1
[Vulkan Loader] DEBUG | DRIVER: Searching for ICD drivers named /usr/lib64/libvulkan_intel_hasvk.so
[Vulkan Loader] DRIVER:         Found ICD manifest file /usr/share/vulkan/icd.d/radeon_icd.x86_64.json, version 1.0.1
[Vulkan Loader] DEBUG | DRIVER: Searching for ICD drivers named /usr/lib64/libvulkan_radeon.so
[Vulkan Loader] LAYER:          Searching for implicit layer manifest files
[Vulkan Loader] LAYER:             In following locations:
[Vulkan Loader] LAYER:                /home/hans/.config/vulkan/implicit_layer.d
[Vulkan Loader] LAYER:                /home/hans/.config/kdedefaults/vulkan/implicit_layer.d
[Vulkan Loader] LAYER:                /etc/xdg/vulkan/implicit_layer.d
[Vulkan Loader] LAYER:                /etc/vulkan/implicit_layer.d
[Vulkan Loader] LAYER:                /home/hans/.local/share/vulkan/implicit_layer.d
[Vulkan Loader] LAYER:                /home/hans/.local/share/flatpak/exports/share/vulkan/implicit_layer.d
[Vulkan Loader] LAYER:                /var/lib/flatpak/exports/share/vulkan/implicit_layer.d
[Vulkan Loader] LAYER:                /usr/local/share/vulkan/implicit_layer.d
[Vulkan Loader] LAYER:                /usr/share/vulkan/implicit_layer.d
[Vulkan Loader] LAYER:                /etc/eselect/wine/share/vulkan/implicit_layer.d
[Vulkan Loader] LAYER:             Found the following files:
[Vulkan Loader] LAYER:                /etc/vulkan/implicit_layer.d/nvidia_layers.json
[Vulkan Loader] LAYER:                /home/hans/.local/share/vulkan/implicit_layer.d/steamoverlay_i386.json
[Vulkan Loader] LAYER:                /home/hans/.local/share/vulkan/implicit_layer.d/steamoverlay_x86_64.json
[Vulkan Loader] LAYER:                /home/hans/.local/share/vulkan/implicit_layer.d/steamfossilize_i386.json
[Vulkan Loader] LAYER:                /home/hans/.local/share/vulkan/implicit_layer.d/steamfossilize_x86_64.json
[Vulkan Loader] LAYER:                /usr/share/vulkan/implicit_layer.d/VkLayer_MESA_anti_lag.json
[Vulkan Loader] LAYER:                /usr/share/vulkan/implicit_layer.d/MangoHud.x86_64.json
[Vulkan Loader] LAYER:                /usr/share/vulkan/implicit_layer.d/MangoHud.x86.json
[Vulkan Loader] LAYER:                /usr/share/vulkan/implicit_layer.d/VkLayer_MESA_device_select.json
[Vulkan Loader] LAYER:                /usr/share/vulkan/implicit_layer.d/VkLayer_LSFGVK_frame_generation.json
[Vulkan Loader] INFO:           Found manifest file /etc/vulkan/implicit_layer.d/nvidia_layers.json (file version 1.0.1)
[Vulkan Loader] INFO:           Found manifest file /home/hans/.local/share/vulkan/implicit_layer.d/steamoverlay_i386.json (file version 1.0.0)
[Vulkan Loader] INFO:           Found manifest file /home/hans/.local/share/vulkan/implicit_layer.d/steamoverlay_x86_64.json (file version 1.0.0)
[Vulkan Loader] INFO:           Found manifest file /home/hans/.local/share/vulkan/implicit_layer.d/steamfossilize_i386.json (file version 1.0.0)
[Vulkan Loader] INFO:           Found manifest file /home/hans/.local/share/vulkan/implicit_layer.d/steamfossilize_x86_64.json (file version 1.0.0)
[Vulkan Loader] INFO:           Found manifest file /usr/share/vulkan/implicit_layer.d/VkLayer_MESA_anti_lag.json (file version 1.2.1)
[Vulkan Loader] INFO:           Found manifest file /usr/share/vulkan/implicit_layer.d/MangoHud.x86_64.json (file version 1.0.0)
[Vulkan Loader] INFO:           Found manifest file /usr/share/vulkan/implicit_layer.d/MangoHud.x86.json (file version 1.0.0)
[Vulkan Loader] INFO:           Found manifest file /usr/share/vulkan/implicit_layer.d/VkLayer_MESA_device_select.json (file version 1.0.0)
[Vulkan Loader] INFO:           Found manifest file /usr/share/vulkan/implicit_layer.d/VkLayer_LSFGVK_frame_generation.json (file version 1.1.0)
[Vulkan Loader] INFO:           No valid vk_loader_settings.json file found, no loader settings will be active
[Vulkan Loader] LAYER:          Searching for implicit layer manifest files
[Vulkan Loader] LAYER:             In following locations:
[Vulkan Loader] LAYER:                /home/hans/.config/vulkan/implicit_layer.d
[Vulkan Loader] LAYER:                /home/hans/.config/kdedefaults/vulkan/implicit_layer.d
[Vulkan Loader] LAYER:                /etc/xdg/vulkan/implicit_layer.d
[Vulkan Loader] LAYER:                /etc/vulkan/implicit_layer.d
[Vulkan Loader] LAYER:                /home/hans/.local/share/vulkan/implicit_layer.d
[Vulkan Loader] LAYER:                /home/hans/.local/share/flatpak/exports/share/vulkan/implicit_layer.d
[Vulkan Loader] LAYER:                /var/lib/flatpak/exports/share/vulkan/implicit_layer.d
[Vulkan Loader] LAYER:                /usr/local/share/vulkan/implicit_layer.d
[Vulkan Loader] LAYER:                /usr/share/vulkan/implicit_layer.d
[Vulkan Loader] LAYER:                /etc/eselect/wine/share/vulkan/implicit_layer.d
[Vulkan Loader] LAYER:             Found the following files:
[Vulkan Loader] LAYER:                /etc/vulkan/implicit_layer.d/nvidia_layers.json
[Vulkan Loader] LAYER:                /home/hans/.local/share/vulkan/implicit_layer.d/steamoverlay_i386.json
[Vulkan Loader] LAYER:                /home/hans/.local/share/vulkan/implicit_layer.d/steamoverlay_x86_64.json
[Vulkan Loader] LAYER:                /home/hans/.local/share/vulkan/implicit_layer.d/steamfossilize_i386.json
[Vulkan Loader] LAYER:                /home/hans/.local/share/vulkan/implicit_layer.d/steamfossilize_x86_64.json
[Vulkan Loader] LAYER:                /usr/share/vulkan/implicit_layer.d/VkLayer_MESA_anti_lag.json
[Vulkan Loader] LAYER:                /usr/share/vulkan/implicit_layer.d/MangoHud.x86_64.json
[Vulkan Loader] LAYER:                /usr/share/vulkan/implicit_layer.d/MangoHud.x86.json
[Vulkan Loader] LAYER:                /usr/share/vulkan/implicit_layer.d/VkLayer_MESA_device_select.json
[Vulkan Loader] LAYER:                /usr/share/vulkan/implicit_layer.d/VkLayer_LSFGVK_frame_generation.json
[Vulkan Loader] INFO:           Found manifest file /etc/vulkan/implicit_layer.d/nvidia_layers.json (file version 1.0.1)
[Vulkan Loader] INFO:           Found manifest file /home/hans/.local/share/vulkan/implicit_layer.d/steamoverlay_i386.json (file version 1.0.0)
[Vulkan Loader] INFO:           Found manifest file /home/hans/.local/share/vulkan/implicit_layer.d/steamoverlay_x86_64.json (file version 1.0.0)
[Vulkan Loader] INFO:           Found manifest file /home/hans/.local/share/vulkan/implicit_layer.d/steamfossilize_i386.json (file version 1.0.0)
[Vulkan Loader] INFO:           Found manifest file /home/hans/.local/share/vulkan/implicit_layer.d/steamfossilize_x86_64.json (file version 1.0.0)
[Vulkan Loader] INFO:           Found manifest file /usr/share/vulkan/implicit_layer.d/VkLayer_MESA_anti_lag.json (file version 1.2.1)
[Vulkan Loader] INFO:           Found manifest file /usr/share/vulkan/implicit_layer.d/MangoHud.x86_64.json (file version 1.0.0)
[Vulkan Loader] INFO:           Found manifest file /usr/share/vulkan/implicit_layer.d/MangoHud.x86.json (file version 1.0.0)
[Vulkan Loader] INFO:           Found manifest file /usr/share/vulkan/implicit_layer.d/VkLayer_MESA_device_select.json (file version 1.0.0)
[Vulkan Loader] INFO:           Found manifest file /usr/share/vulkan/implicit_layer.d/VkLayer_LSFGVK_frame_generation.json (file version 1.1.0)
[Vulkan Loader] LAYER:          Searching for explicit layer manifest files
[Vulkan Loader] LAYER:             In following locations:
[Vulkan Loader] LAYER:                /home/hans/.config/vulkan/explicit_layer.d
[Vulkan Loader] LAYER:                /home/hans/.config/kdedefaults/vulkan/explicit_layer.d
[Vulkan Loader] LAYER:                /etc/xdg/vulkan/explicit_layer.d
[Vulkan Loader] LAYER:                /etc/vulkan/explicit_layer.d
[Vulkan Loader] LAYER:                /home/hans/.local/share/vulkan/explicit_layer.d
[Vulkan Loader] LAYER:                /home/hans/.local/share/flatpak/exports/share/vulkan/explicit_layer.d
[Vulkan Loader] LAYER:                /var/lib/flatpak/exports/share/vulkan/explicit_layer.d
[Vulkan Loader] LAYER:                /usr/local/share/vulkan/explicit_layer.d
[Vulkan Loader] LAYER:                /usr/share/vulkan/explicit_layer.d
[Vulkan Loader] LAYER:                /etc/eselect/wine/share/vulkan/explicit_layer.d
[Vulkan Loader] LAYER:             Found the following files:
[Vulkan Loader] LAYER:                /usr/share/vulkan/explicit_layer.d/VkLayer_MESA_overlay.json
[Vulkan Loader] LAYER:                /usr/share/vulkan/explicit_layer.d/VkLayer_khronos_validation.json
[Vulkan Loader] INFO:           Found manifest file /usr/share/vulkan/explicit_layer.d/VkLayer_MESA_overlay.json (file version 1.0.0)
[Vulkan Loader] INFO:           Found manifest file /usr/share/vulkan/explicit_layer.d/VkLayer_khronos_validation.json (file version 1.2.0)
[Vulkan Loader] DRIVER:         Searching for driver manifest files
[Vulkan Loader] DRIVER:            In following locations:
[Vulkan Loader] DRIVER:               /home/hans/.config/vulkan/icd.d
[Vulkan Loader] DRIVER:               /home/hans/.config/kdedefaults/vulkan/icd.d
[Vulkan Loader] DRIVER:               /etc/xdg/vulkan/icd.d
[Vulkan Loader] DRIVER:               /etc/vulkan/icd.d
[Vulkan Loader] DRIVER:               /home/hans/.local/share/vulkan/icd.d
[Vulkan Loader] DRIVER:               /home/hans/.local/share/flatpak/exports/share/vulkan/icd.d
[Vulkan Loader] DRIVER:               /var/lib/flatpak/exports/share/vulkan/icd.d
[Vulkan Loader] DRIVER:               /usr/local/share/vulkan/icd.d
[Vulkan Loader] DRIVER:               /usr/share/vulkan/icd.d
[Vulkan Loader] DRIVER:               /etc/eselect/wine/share/vulkan/icd.d
[Vulkan Loader] DRIVER:            Found the following files:
[Vulkan Loader] DRIVER:               /etc/vulkan/icd.d/nvidia_icd.json
[Vulkan Loader] DRIVER:               /usr/share/vulkan/icd.d/intel_icd.i686.json
[Vulkan Loader] DRIVER:               /usr/share/vulkan/icd.d/intel_hasvk_icd.i686.json
[Vulkan Loader] DRIVER:               /usr/share/vulkan/icd.d/radeon_icd.i686.json
[Vulkan Loader] DRIVER:               /usr/share/vulkan/icd.d/intel_icd.x86_64.json
[Vulkan Loader] DRIVER:               /usr/share/vulkan/icd.d/intel_hasvk_icd.x86_64.json
[Vulkan Loader] DRIVER:               /usr/share/vulkan/icd.d/radeon_icd.x86_64.json
[Vulkan Loader] DRIVER:         Found ICD manifest file /etc/vulkan/icd.d/nvidia_icd.json, version 1.0.1
[Vulkan Loader] DEBUG | DRIVER: Searching for ICD drivers named libGLX_nvidia.so.0
[Vulkan Loader] DRIVER:         Found ICD manifest file /usr/share/vulkan/icd.d/intel_icd.i686.json, version 1.0.1
[Vulkan Loader] DEBUG | DRIVER: Searching for ICD drivers named /usr/lib/libvulkan_intel.so
[Vulkan Loader] INFO:           loader_parse_icd_manifest: Driver library architecture doesn't match the current running architecture, skipping this driver
[Vulkan Loader] DRIVER:         Found ICD manifest file /usr/share/vulkan/icd.d/intel_hasvk_icd.i686.json, version 1.0.1
[Vulkan Loader] DEBUG | DRIVER: Searching for ICD drivers named /usr/lib/libvulkan_intel_hasvk.so
[Vulkan Loader] INFO:           loader_parse_icd_manifest: Driver library architecture doesn't match the current running architecture, skipping this driver
[Vulkan Loader] DRIVER:         Found ICD manifest file /usr/share/vulkan/icd.d/radeon_icd.i686.json, version 1.0.1
[Vulkan Loader] DEBUG | DRIVER: Searching for ICD drivers named /usr/lib/libvulkan_radeon.so
[Vulkan Loader] INFO:           loader_parse_icd_manifest: Driver library architecture doesn't match the current running architecture, skipping this driver
[Vulkan Loader] DRIVER:         Found ICD manifest file /usr/share/vulkan/icd.d/intel_icd.x86_64.json, version 1.0.1
[Vulkan Loader] DEBUG | DRIVER: Searching for ICD drivers named /usr/lib64/libvulkan_intel.so
[Vulkan Loader] DRIVER:         Found ICD manifest file /usr/share/vulkan/icd.d/intel_hasvk_icd.x86_64.json, version 1.0.1
[Vulkan Loader] DEBUG | DRIVER: Searching for ICD drivers named /usr/lib64/libvulkan_intel_hasvk.so
[Vulkan Loader] DRIVER:         Found ICD manifest file /usr/share/vulkan/icd.d/radeon_icd.x86_64.json, version 1.0.1
[Vulkan Loader] DEBUG | DRIVER: Searching for ICD drivers named /usr/lib64/libvulkan_radeon.so
[Vulkan Loader] DEBUG | LAYER:  Loading layer library /usr/share/vulkan/implicit_layer.d/../../../lib/liblsfg-vk-layer.so
[Vulkan Loader] ERROR | LAYER:  loader_create_instance_chain: Failed to find 'vkGetInstanceProcAddr' in layer "/usr/share/vulkan/implicit_layer.d/../../../lib/liblsfg-vk-layer.so"
[Vulkan Loader] DEBUG | LAYER:  Loading layer library libVkLayer_MESA_device_select.so
[Vulkan Loader] INFO | LAYER:   Insert instance layer "VK_LAYER_MESA_device_select" (/usr/lib64/libVkLayer_MESA_device_select.so)
[Vulkan Loader] INFO:           /usr/lib/mangohud/lib32/libMangoHud.so: wrong ELF class: ELFCLASS32
[Vulkan Loader] DEBUG | LAYER:  Loading layer library /usr/lib/mangohud/lib64/libMangoHud.so
[Vulkan Loader] INFO | LAYER:   Insert instance layer "VK_LAYER_MANGOHUD_overlay_x86_64" (/usr/lib/mangohud/lib64/libMangoHud.so)
[Vulkan Loader] INFO | LAYER:   Requested layer "VK_LAYER_MANGOHUD_overlay_x86" was wrong bit-type.
[Vulkan Loader] INFO | LAYER:   Shouldn't reach this. A valid version of requested layer VK_LAYER_LSFGVK_frame_generation was loaded but was not found in the list of activated layers.
[Vulkan Loader] LAYER:          vkCreateInstance layer callstack setup to:
[Vulkan Loader] LAYER:             <Application>
[Vulkan Loader] LAYER:               ||
[Vulkan Loader] LAYER:             <Loader>
[Vulkan Loader] LAYER:               ||
[Vulkan Loader] LAYER:             VK_LAYER_MANGOHUD_overlay_x86_64
[Vulkan Loader] LAYER:                     Type: Implicit
[Vulkan Loader] LAYER:                     Enabled By: Implicit Layer
[Vulkan Loader] LAYER:                         Disable Env Var:  DISABLE_MANGOHUD
[Vulkan Loader] LAYER:                         This layer was enabled because Env Var MANGOHUD was set to Value 1
[Vulkan Loader] LAYER:                     Manifest: /usr/share/vulkan/implicit_layer.d/MangoHud.x86_64.json
[Vulkan Loader] LAYER:                     Library:  /usr/lib/mangohud/lib64/libMangoHud.so
[Vulkan Loader] LAYER:               ||
[Vulkan Loader] LAYER:             VK_LAYER_MESA_device_select
[Vulkan Loader] LAYER:                     Type: Implicit
[Vulkan Loader] LAYER:                     Enabled By: Implicit Layer
[Vulkan Loader] LAYER:                         Disable Env Var:  NODEVICE_SELECT
[Vulkan Loader] LAYER:                     Manifest: /usr/share/vulkan/implicit_layer.d/VkLayer_MESA_device_select.json
[Vulkan Loader] LAYER:                     Library:  /usr/lib64/libVkLayer_MESA_device_select.so
[Vulkan Loader] LAYER:               ||
[Vulkan Loader] LAYER:             <Drivers>
[Vulkan Loader] INFO | DRIVER:  linux_read_sorted_physical_devices:
[Vulkan Loader] INFO | DRIVER:       Original order:
[Vulkan Loader] INFO | DRIVER:             [0] NVIDIA GeForce RTX 4080
[Vulkan Loader] INFO | DRIVER:       Sorted order:
[Vulkan Loader] INFO | DRIVER:             [0] NVIDIA GeForce RTX 4080  
[Vulkan Loader] INFO | DRIVER:  linux_read_sorted_physical_devices:
[Vulkan Loader] INFO | DRIVER:       Original order:
[Vulkan Loader] INFO | DRIVER:             [0] NVIDIA GeForce RTX 4080
[Vulkan Loader] INFO | DRIVER:       Sorted order:
[Vulkan Loader] INFO | DRIVER:             [0] NVIDIA GeForce RTX 4080  
[Vulkan Loader] DEBUG | DRIVER: Copying old device 0 into new device 0
[Vulkan Loader] INFO | DRIVER:  linux_read_sorted_physical_devices:
[Vulkan Loader] INFO | DRIVER:       Original order:
[Vulkan Loader] INFO | DRIVER:             [0] NVIDIA GeForce RTX 4080
[Vulkan Loader] INFO | DRIVER:       Sorted order:
[Vulkan Loader] INFO | DRIVER:             [0] NVIDIA GeForce RTX 4080  
[Vulkan Loader] DEBUG | DRIVER: Copying old device 0 into new device 0
[Vulkan Loader] INFO | DRIVER:  linux_read_sorted_physical_devices:
[Vulkan Loader] INFO | DRIVER:       Original order:
[Vulkan Loader] INFO | DRIVER:             [0] NVIDIA GeForce RTX 4080
[Vulkan Loader] INFO | DRIVER:       Sorted order:
[Vulkan Loader] INFO | DRIVER:             [0] NVIDIA GeForce RTX 4080  
[Vulkan Loader] DEBUG | DRIVER: Copying old device 0 into new device 0
[Vulkan Loader] INFO | DRIVER:  linux_read_sorted_physical_devices:
[Vulkan Loader] INFO | DRIVER:       Original order:
[Vulkan Loader] INFO | DRIVER:             [0] NVIDIA GeForce RTX 4080
[Vulkan Loader] INFO | DRIVER:       Sorted order:
[Vulkan Loader] INFO | DRIVER:             [0] NVIDIA GeForce RTX 4080  
[Vulkan Loader] DEBUG | DRIVER: Copying old device 0 into new device 0
[Vulkan Loader] INFO | DRIVER:  linux_read_sorted_physical_devices:
[Vulkan Loader] INFO | DRIVER:       Original order:
[Vulkan Loader] INFO | DRIVER:             [0] NVIDIA GeForce RTX 4080
[Vulkan Loader] INFO | DRIVER:       Sorted order:
[Vulkan Loader] INFO | DRIVER:             [0] NVIDIA GeForce RTX 4080  
[Vulkan Loader] DEBUG | DRIVER: Copying old device 0 into new device 0
[Vulkan Loader] INFO | DRIVER:  linux_read_sorted_physical_devices:
[Vulkan Loader] INFO | DRIVER:       Original order:
[Vulkan Loader] INFO | DRIVER:             [0] NVIDIA GeForce RTX 4080
[Vulkan Loader] INFO | DRIVER:       Sorted order:
[Vulkan Loader] INFO | DRIVER:             [0] NVIDIA GeForce RTX 4080  
[Vulkan Loader] DEBUG | DRIVER: Copying old device 0 into new device 0
[Vulkan Loader] INFO | DRIVER:  linux_read_sorted_physical_devices:
[Vulkan Loader] INFO | DRIVER:       Original order:
[Vulkan Loader] INFO | DRIVER:             [0] NVIDIA GeForce RTX 4080
[Vulkan Loader] INFO | DRIVER:       Sorted order:
[Vulkan Loader] INFO | DRIVER:             [0] NVIDIA GeForce RTX 4080  
[Vulkan Loader] DEBUG | DRIVER: Copying old device 0 into new device 0
[Vulkan Loader] INFO | DRIVER:  Removing driver /usr/lib64/libvulkan_radeon.so due to not having any physical devices
[Vulkan Loader] INFO | DRIVER:  Removing driver /usr/lib64/libvulkan_intel_hasvk.so due to not having any physical devices
[Vulkan Loader] INFO | DRIVER:  Removing driver /usr/lib64/libvulkan_intel.so due to not having any physical devices
01dc:fixme:uxtheme:SetPreferredAppMode 1: stub
01dc:fixme:heap:RtlSetHeapInformation HEAP_INFORMATION_CLASS 1 not implemented!
[Vulkan Loader] INFO | DRIVER:  linux_read_sorted_physical_devices:
[Vulkan Loader] INFO | DRIVER:       Original order:
[Vulkan Loader] INFO | DRIVER:             [0] NVIDIA GeForce RTX 4080
[Vulkan Loader] INFO | DRIVER:       Sorted order:
[Vulkan Loader] INFO | DRIVER:             [0] NVIDIA GeForce RTX 4080  
[Vulkan Loader] DEBUG | DRIVER: Copying old device 0 into new device 0
[Vulkan Loader] INFO | DRIVER:  linux_read_sorted_physical_devices:
[Vulkan Loader] INFO | DRIVER:       Original order:
[Vulkan Loader] INFO | DRIVER:             [0] NVIDIA GeForce RTX 4080
[Vulkan Loader] INFO | DRIVER:       Sorted order:
[Vulkan Loader] INFO | DRIVER:             [0] NVIDIA GeForce RTX 4080  
[Vulkan Loader] DEBUG | DRIVER: Copying old device 0 into new device 0
[Vulkan Loader] INFO | DRIVER:  linux_read_sorted_physical_devices:
[Vulkan Loader] INFO | DRIVER:       Original order:
[Vulkan Loader] INFO | DRIVER:             [0] NVIDIA GeForce RTX 4080
[Vulkan Loader] INFO | DRIVER:       Sorted order:
[Vulkan Loader] INFO | DRIVER:             [0] NVIDIA GeForce RTX 4080  
[Vulkan Loader] DEBUG | DRIVER: Copying old device 0 into new device 0
[Vulkan Loader] INFO | DRIVER:  linux_read_sorted_physical_devices:
[Vulkan Loader] INFO | DRIVER:       Original order:
[Vulkan Loader] INFO | DRIVER:             [0] NVIDIA GeForce RTX 4080
[Vulkan Loader] INFO | DRIVER:       Sorted order:
[Vulkan Loader] INFO | DRIVER:             [0] NVIDIA GeForce RTX 4080  
[Vulkan Loader] DEBUG | DRIVER: Copying old device 0 into new device 0
[Vulkan Loader] DEBUG | LAYER:  Unloading layer library /usr/lib/mangohud/lib64/libMangoHud.so
[Vulkan Loader] DEBUG | LAYER:  Unloading layer library /usr/lib64/libVkLayer_MESA_device_select.so
[Vulkan Loader] DEBUG | LAYER:  Unloading layer library /usr/share/vulkan/implicit_layer.d/../../../lib/liblsfg-vk-layer.so
01dc:fixme:winstation:GetUserObjectSecurity (0000000000000004 00007FFFFE8FF6E0 0000000000000000 len=0 00007FFFFE8FF67C),stub!
01dc:fixme:winstation:GetUserObjectSecurity (0000000000000004 00007FFFFE8FF6E0 00007FFFFEEBEA20 len=40 00007FFFFE8FF67C),stub!
01dc:fixme:winstation:GetUserObjectSecurity (0000000000000014 00007FFFFE8FF660 0000000000000000 len=0 00007FFFFE8FF5FC),stub!
01dc:fixme:winstation:GetUserObjectSecurity (0000000000000014 00007FFFFE8FF660 00007FFFFEEBEA20 len=40 00007FFFFE8FF5FC),stub!
0244:fixme:kernelbase:AppPolicyGetThreadInitializationType FFFFFFFFFFFFFFFA, 00007F044F75FF50
01dc:fixme:ntdll:EtwEventSetInformation (deadbeef, 2, 00001F48000DC188, 16) stub
0250:fixme:thread:NtSetInformationThread info class 24 not supported yet
0250:fixme:thread:NtSetInformationThread ThreadPowerThrottling stub!
01dc:fixme:ntdll:NtQuerySystemInformation info_class SYSTEM_PERFORMANCE_INFORMATION
0254:fixme:winsock:WSALookupServiceBeginW (00007FC767FEE4F0 0xff0 00007FC767FEE568) Stub!
[472:0209/181034.551:ERROR:net\base\network_change_notifier_win.cc:189] WSALookupServiceBegin failed with: 8
0258:fixme:kernelbase:AppPolicyGetThreadInitializationType FFFFFFFFFFFFFFFA, 00007F044EF4FF50
0260:fixme:thread:NtSetInformationThread info class 24 not supported yet
0260:fixme:thread:NtSetInformationThread ThreadPowerThrottling stub!
0260:fixme:thread:NtSetInformationThread ThreadPowerThrottling stub!
0260:fixme:netprofm:init_networks no support for detecting network changes
0278:fixme:thread:NtSetInformationThread ThreadPowerThrottling stub!
0260:fixme:netprofm:connection_point_Advise 00007FFFFEF3A298, 00001F4C00013660, 00001F4C00013678 - semi-stub
0260:fixme:netprofm:cost_manager_GetCost 00007FFFFEF3A228, 00007FC766FCF7A0, 0000000000000000
0260:fixme:thread:NtSetInformationThread info class 24 not supported yet
0260:fixme:thread:NtSetInformationThread ThreadPowerThrottling stub!
01f4:fixme:powrprof:PowerRegisterSuspendResumeNotification (0x00000002,00007FFFFE8FFD70,00007FFFFE8FFD68) stub!
01f4:fixme:process:GetProcessMitigationPolicy (FFFFFFFFFFFFFFFF, 4, 00007FFFFE8FFCE4, 4): stub
01f4:fixme:uxtheme:SetPreferredAppMode 1: stub
01f4:fixme:heap:RtlSetHeapInformation HEAP_INFORMATION_CLASS 1 not implemented!
01f4:fixme:ntdll:EtwEventSetInformation (deadbeef, 2, 00004690000D4448, 16) stub
01f4:fixme:thread:NtSetInformationThread ThreadPowerThrottling stub!
0298:fixme:thread:NtSetInformationThread info class 24 not supported yet
01f4:fixme:ntdll:NtQuerySystemInformation info_class SYSTEM_PERFORMANCE_INFORMATION
0298:fixme:thread:NtSetInformationThread ThreadPowerThrottling stub!
029c:fixme:thread:NtSetInformationThread ThreadPowerThrottling stub!
01f4:fixme:ntdll:EtwEventSetInformation (deadbeef, 2, 000000014C14A875, 8) stub
(node:32) [KOFFI003] DeprecationWarning: The koffi.cdecl() function was deprecated in Koffi 2.7, use koffi.func(...) instead
0024:fixme:systray:Shell_NotifyIconGetRect stub (00007FFFFE8FEE30) (00007FFFFE8FEE20)
018c:fixme:thread:NtSetInformationThread ThreadPowerThrottling stub!
02a8:fixme:thread:NtSetInformationThread info class 24 not supported yet
02a8:fixme:thread:NtSetInformationThread ThreadPowerThrottling stub!
018c:fixme:netprofm:init_networks no support for detecting network changes
018c:fixme:netprofm:connection_point_Advise 00007F04CFB0FCF8, 000062BC08F4BC00, 000062BC08F4BC18 - semi-stub
018c:fixme:netprofm:cost_manager_GetCost 00007F04CFB0FC88, 00007F04E591F7A0, 0000000000000000
018c:fixme:thread:NtSetInformationThread info class 24 not supported yet
018c:fixme:thread:NtSetInformationThread ThreadPowerThrottling stub!
0024:fixme:process:NtQueryInformationProcess ProcessCycleTime (0x218,0x7ffffe8fce70,0x00000010,(nil)) stub
0024:fixme:process:NtQueryInformationProcess ProcessCycleTime (0x218,0x7ffffe8fce70,0x00000010,(nil)) stub
0024:fixme:process:NtQueryInformationProcess ProcessCycleTime (0x218,0x7ffffe8fce70,0x00000010,(nil)) stub
0024:fixme:process:NtQueryInformationProcess ProcessCycleTime (0x218,0x7ffffe8fce70,0x00000010,(nil)) stub
0024:fixme:process:NtQueryInformationProcess ProcessCycleTime (0x218,0x7ffffe8fce70,0x00000010,(nil)) stub
02b4:fixme:thread:NtSetInformationThread ThreadPowerThrottling stub!
0024:fixme:process:NtQueryInformationProcess ProcessCycleTime (0x218,0x7ffffe8fce70,0x00000010,(nil)) stub
0270:fixme:file:NtLockFile I/O completion on lock not implemented yet
02c4:fixme:thread:NtSetInformationThread info class 24 not supported yet
02c4:fixme:thread:NtSetInformationThread ThreadPowerThrottling stub!
0024:fixme:process:GetProcessInformation Unsupported information class 4.
0024:fixme:systray:Shell_NotifyIconGetRect stub (00007FFFFE8FEF30) (00007FFFFE8FEF20)
0254:fixme:winsock:setsockopt Ignoring SO_RANDOMIZE_PORT
02c8:fixme:thread:NtSetInformationThread info class 24 not supported yet
02c8:fixme:thread:NtSetInformationThread ThreadPowerThrottling stub!
0024:fixme:win:GetPointerDevices (00007FFFFE8FDEA4 0000000000000000): partial stub
0024:fixme:win:GetPointerDevices (00007FFFFE8FDEA4 0000000000000000): partial stub
0024:fixme:system:NtUserDisplayConfigGetDeviceInfo Unimplemented packet type 11.
0024:fixme:ui:uisettings2_get_TextScaleFactor iface 00007F05C04FF828, value 00007FFFFE8FDE40 stub!
0024:fixme:win:GetPointerDevices (00007FFFFE8FDEA4 0000000000000000): partial stub
0024:fixme:win:GetPointerDevices (00007FFFFE8FDEA4 0000000000000000): partial stub
0024:fixme:system:NtUserDisplayConfigGetDeviceInfo Unimplemented packet type 11.
0024:fixme:ui:uisettings2_get_TextScaleFactor iface 00007F05C04FF828, value 00007FFFFE8FDE40 stub!
0024:fixme:process:NtQueryInformationProcess ProcessCycleTime (0x218,0x7ffffe8fce70,0x00000010,(nil)) stub
0024:fixme:process:NtQueryInformationProcess ProcessCycleTime (0x648,0x7ffffe8fce70,0x00000010,(nil)) stub
0024:fixme:process:NtQueryInformationProcess ProcessCycleTime (0x644,0x7ffffe8fce70,0x00000010,(nil)) stub
0024:fixme:process:NtQueryInformationProcess ProcessCycleTime (0x218,0x7ffffe8fce70,0x00000010,(nil)) stub
0024:fixme:process:NtQueryInformationProcess ProcessCycleTime (0x648,0x7ffffe8fce70,0x00000010,(nil)) stub
0024:fixme:process:NtQueryInformationProcess ProcessCycleTime (0x644,0x7ffffe8fce70,0x00000010,(nil)) stub
02d0:fixme:kernelbase:AppPolicyGetThreadInitializationType FFFFFFFFFFFFFFFA, 00007F42EA83FF50
0254:fixme:winsock:setsockopt Ignoring SO_RANDOMIZE_PORT
0254:fixme:winsock:setsockopt Ignoring SO_RANDOMIZE_PORT
0278:fixme:dwmapi:DwmGetCompositionTimingInfo (0000000000000000 00007F044E73EFA8)
0254:fixme:winsock:setsockopt Ignoring SO_RANDOMIZE_PORT
012c:fixme:crypt:CRYPT_SysRegOpenStoreW CERT_SYSTEM_STORE_LOCAL_MACHINE_ENTERPRISE, L"ROOT": stub
012c:fixme:crypt:CRYPT_SysRegOpenStoreW CERT_SYSTEM_STORE_LOCAL_MACHINE_ENTERPRISE, L"CA": stub
012c:fixme:crypt:CRYPT_SysRegOpenStoreW CERT_SYSTEM_STORE_LOCAL_MACHINE_ENTERPRISE, L"TrustedPeople": stub
012c:fixme:crypt:CRYPT_SysRegOpenStoreW CERT_SYSTEM_STORE_LOCAL_MACHINE_ENTERPRISE, L"Disallowed": stub
012c:fixme:crypt:CRYPT_RegControl CERT_STORE_CTRL_AUTO_RESYNC: stub
012c:fixme:crypt:CRYPT_RegControl CERT_STORE_CTRL_AUTO_RESYNC: stub
012c:fixme:crypt:CRYPT_RegControl CERT_STORE_CTRL_AUTO_RESYNC: stub
012c:fixme:crypt:CRYPT_RegControl CERT_STORE_CTRL_AUTO_RESYNC: stub
024c:fixme:winsock:WSAIoctl unimplemented ioctl _WSAIORW(IOC_WS2, 25)
024c:fixme:winsock:server_ioctl_sock Unsupported ioctl 0x120348 (device=0x12 access=0 func=0xd2 method=0)
[472:0209/181034.687:ERROR:net\dns\address_sorter_win.cc:113] SIO_ADDRESS_LIST_SORT failed 10045
01f4:fixme:ver:GetPackageFamilyName (FFFFFFFFFFFFFFFF 00007FFFFE8FBA0C 00007FFFFE8FBA10): stub
01f4:fixme:dwrite:dwritefontface5_HasVariations 00007FFFFEAEFEB0: stub
012c:fixme:file:ReplaceFileW Ignoring flags 2
18:10:34.994 > "[Store] Initialization of the transient store started"
0024:fixme:process:NtQueryInformationProcess ProcessCycleTime (0x218,0x7ffffe8fce70,0x00000010,(nil)) stub
0024:fixme:process:NtQueryInformationProcess ProcessCycleTime (0x648,0x7ffffe8fce70,0x00000010,(nil)) stub
0024:fixme:process:NtQueryInformationProcess ProcessCycleTime (0x644,0x7ffffe8fce70,0x00000010,(nil)) stub
0138:fixme:thread:QueryThreadCycleTime (FFFFFFFFFFFFFFFE,00007F05B1FAF8C8): stub!
0024:fixme:win:IsWindowArranged hwnd 0000000000030076 stub.
0254:fixme:winsock:setsockopt Ignoring SO_RANDOMIZE_PORT
0024:fixme:win:GetPointerDevices (00007FFFFE8FCFF4 0000000000000000): partial stub
0024:fixme:win:GetPointerDevices (00007FFFFE8FCFF4 0000000000000000): partial stub
0024:fixme:system:NtUserDisplayConfigGetDeviceInfo Unimplemented packet type 11.
0024:fixme:ui:uisettings2_get_TextScaleFactor iface 00007F05C04FF828, value 00007FFFFE8FCF90 stub!
0024:fixme:win:GetPointerDevices (00007FFFFE8FCFF4 0000000000000000): partial stub
0024:fixme:win:GetPointerDevices (00007FFFFE8FCFF4 0000000000000000): partial stub
0024:fixme:system:NtUserDisplayConfigGetDeviceInfo Unimplemented packet type 11.
0024:fixme:ui:uisettings2_get_TextScaleFactor iface 00007F05C04FF828, value 00007FFFFE8FCF90 stub!
0254:fixme:winsock:setsockopt Ignoring SO_RANDOMIZE_PORT
0024:fixme:win:NtUserGetWindowDisplayAffinity 0x30076, 0x7ffffe8fd734: stub
0024:fixme:dwmapi:DwmExtendFrameIntoClientArea (0000000000030076, 00007FFFFE8FD7C0) stub
0254:fixme:winsock:setsockopt Ignoring SO_RANDOMIZE_PORT
01d4:fixme:dwmapi:DwmGetWindowAttribute attribute 14 not implemented.
0024:fixme:process:NtQueryInformationProcess ProcessCycleTime (0x218,0x7ffffe8fce70,0x00000010,(nil)) stub
0024:fixme:process:NtQueryInformationProcess ProcessCycleTime (0x648,0x7ffffe8fce70,0x00000010,(nil)) stub
0024:fixme:process:NtQueryInformationProcess ProcessCycleTime (0x644,0x7ffffe8fce70,0x00000010,(nil)) stub
0024:fixme:process:NtQueryInformationProcess ProcessCycleTime (0x218,0x7ffffe8fce70,0x00000010,(nil)) stub
0024:fixme:process:NtQueryInformationProcess ProcessCycleTime (0x648,0x7ffffe8fce70,0x00000010,(nil)) stub
0024:fixme:process:NtQueryInformationProcess ProcessCycleTime (0x644,0x7ffffe8fce70,0x00000010,(nil)) stub
0024:fixme:process:NtQueryInformationProcess ProcessCycleTime (0x218,0x7ffffe8fce70,0x00000010,(nil)) stub
0024:fixme:process:NtQueryInformationProcess ProcessCycleTime (0x648,0x7ffffe8fce70,0x00000010,(nil)) stub
0024:fixme:process:NtQueryInformationProcess ProcessCycleTime (0x644,0x7ffffe8fce70,0x00000010,(nil)) stub
01c8:fixme:thread:SetThreadInformation Unsupported class 2.
01c8:fixme:ntdll:NtFilterToken flags 0x1 unsupported
01c8:fixme:ntdll:NtFilterToken support for restricting sids not yet implemented
01c8:fixme:advapi:SetEntriesInAclW unhandled access mode 4
01c8:fixme:ntdll:NtSetInformationToken TokenIntegrityLevel stub!
01c8:fixme:ntdll:NtFilterToken support for restricting sids not yet implemented
01c8:fixme:advapi:SetEntriesInAclW unhandled access mode 4
01c8:fixme:ntdll:NtSetInformationToken TokenIntegrityLevel stub!
01c8:fixme:advapi:SetSecurityInfo unimplemented type 7, returning success
01c8:fixme:sync:NtSetInformationJobObject stub: 0x6bc 4 0x7f0494beee5c 4
01c8:fixme:process:GetProcessMitigationPolicy (FFFFFFFFFFFFFFFF, 5, 000000014C3BF580, 16): stub
01c8:fixme:process:validate_proc_thread_attribute Unhandled attribute 26
012c:fixme:process:CreateProcessInternalW Unsupported attribute 0x2000e.
024c:fixme:winsock:WSAIoctl unimplemented ioctl _WSAIORW(IOC_WS2, 25)
024c:fixme:winsock:server_ioctl_sock Unsupported ioctl 0x120348 (device=0x12 access=0 func=0xd2 method=0)
[472:0209/181035.105:ERROR:net\dns\address_sorter_win.cc:113] SIO_ADDRESS_LIST_SORT failed 10045
02f0:fixme:powrprof:PowerRegisterSuspendResumeNotification (0x00000002,00007FFFFE8FFD70,00007FFFFE8FFD68) stub!
02f0:fixme:process:GetProcessMitigationPolicy (FFFFFFFFFFFFFFFF, 4, 00007FFFFE8FFCE4, 4): stub
18:10:35.301 > "[Analytics] Server accessible."
18:10:35.319 > "[Analytics] event sent successfully: App:Open (attempt 1)"
0024:fixme:process:NtQueryInformationProcess ProcessCycleTime (0x218,0x7ffffe8fce70,0x00000010,(nil)) stub
0024:fixme:process:NtQueryInformationProcess ProcessCycleTime (0x648,0x7ffffe8fce70,0x00000010,(nil)) stub
0024:fixme:process:NtQueryInformationProcess ProcessCycleTime (0x644,0x7ffffe8fce70,0x00000010,(nil)) stub
0024:fixme:process:NtQueryInformationProcess ProcessCycleTime (0x73c,0x7ffffe8fce70,0x00000010,(nil)) stub
02f0:fixme:uxtheme:SetPreferredAppMode 1: stub
02f0:fixme:heap:RtlSetHeapInformation HEAP_INFORMATION_CLASS 1 not implemented!
02f0:fixme:ntdll:EtwEventSetInformation (deadbeef, 2, 00000200000DC188, 16) stub
02f0:fixme:ntdll:NtSetInformationToken TokenIntegrityLevel stub!
02f0:fixme:process:SetProcessMitigationPolicy (2, 00007FFFFE8FF280, 4): stub
02f0:fixme:process:SetProcessMitigationPolicy (8, 00007FFFFE8FF280, 4): stub
031c:fixme:thread:NtSetInformationThread info class 24 not supported yet
031c:fixme:thread:NtSetInformationThread ThreadPowerThrottling stub!
02f0:fixme:ntdll:NtQuerySystemInformation info_class SYSTEM_PERFORMANCE_INFORMATION
0338:fixme:thread:NtSetInformationThread ThreadPowerThrottling stub!
02f0:fixme:mmdevapi:control_RegisterAudioSessionNotification (00007FFFFEF10A50)->(0000020400039600) - stub
033c:fixme:thread:NtSetInformationThread ThreadPowerThrottling stub!
0340:fixme:thread:NtSetInformationThread ThreadPowerThrottling stub!
0340:fixme:avrt:AvSetMmThreadCharacteristicsW (L"Pro Audio",00007FA6F67BFE2C): stub
0340:fixme:avrt:AvSetMmThreadPriority (0000000012345678)->(2) stub
01f4:fixme:thread:QueryThreadCycleTime (FFFFFFFFFFFFFFFE,00007FFFFE8FEDF8): stub!
0024:fixme:process:NtQueryInformationProcess ProcessCycleTime (0x218,0x7ffffe8fce70,0x00000010,(nil)) stub
0024:fixme:process:NtQueryInformationProcess ProcessCycleTime (0x648,0x7ffffe8fce70,0x00000010,(nil)) stub
0024:fixme:process:NtQueryInformationProcess ProcessCycleTime (0x644,0x7ffffe8fce70,0x00000010,(nil)) stub
0024:fixme:process:NtQueryInformationProcess ProcessCycleTime (0x73c,0x7ffffe8fce70,0x00000010,(nil)) stub
18:10:35.582 > "[Store] Initialization of the transient store finished"
18:10:35.584 > "[API] request: https://robertsspaceindustries.com/api/launcher/v3/language/getLanguage"
18:10:35.585 > "[API] request: https://robertsspaceindustries.com/api/launcher/v3/games/claims"
18:10:35.586 > "[API] request: https://robertsspaceindustries.com/api/launcher/v3/promotions"
0254:fixme:winsock:setsockopt Ignoring SO_RANDOMIZE_PORT
0254:fixme:winsock:setsockopt Ignoring SO_RANDOMIZE_PORT
0254:fixme:winsock:setsockopt Ignoring SO_RANDOMIZE_PORT
0254:fixme:winsock:setsockopt Ignoring SO_RANDOMIZE_PORT
0254:fixme:winsock:setsockopt Ignoring SO_RANDOMIZE_PORT
0254:fixme:winsock:setsockopt Ignoring SO_RANDOMIZE_PORT
18:10:35.637 > "[Analytics] event sent successfully: App:SignedIn (attempt 1)"
0024:fixme:process:NtQueryInformationProcess ProcessCycleTime (0x218,0x7ffffe8fce70,0x00000010,(nil)) stub
0024:fixme:process:NtQueryInformationProcess ProcessCycleTime (0x648,0x7ffffe8fce70,0x00000010,(nil)) stub
0024:fixme:process:NtQueryInformationProcess ProcessCycleTime (0x644,0x7ffffe8fce70,0x00000010,(nil)) stub
0024:fixme:process:NtQueryInformationProcess ProcessCycleTime (0x73c,0x7ffffe8fce70,0x00000010,(nil)) stub
0254:fixme:winsock:setsockopt Ignoring SO_RANDOMIZE_PORT
0024:fixme:process:NtQueryInformationProcess ProcessCycleTime (0x218,0x7ffffe8fce70,0x00000010,(nil)) stub
0024:fixme:process:NtQueryInformationProcess ProcessCycleTime (0x648,0x7ffffe8fce70,0x00000010,(nil)) stub
0024:fixme:process:NtQueryInformationProcess ProcessCycleTime (0x644,0x7ffffe8fce70,0x00000010,(nil)) stub
0024:fixme:process:NtQueryInformationProcess ProcessCycleTime (0x73c,0x7ffffe8fce70,0x00000010,(nil)) stub
0024:fixme:process:NtQueryInformationProcess ProcessCycleTime (0x218,0x7ffffe8fce70,0x00000010,(nil)) stub
0024:fixme:process:NtQueryInformationProcess ProcessCycleTime (0x648,0x7ffffe8fce70,0x00000010,(nil)) stub
0024:fixme:process:NtQueryInformationProcess ProcessCycleTime (0x644,0x7ffffe8fce70,0x00000010,(nil)) stub
0024:fixme:process:NtQueryInformationProcess ProcessCycleTime (0x73c,0x7ffffe8fce70,0x00000010,(nil)) stub
0024:fixme:process:NtQueryInformationProcess ProcessCycleTime (0x218,0x7ffffe8fce70,0x00000010,(nil)) stub
0024:fixme:process:NtQueryInformationProcess ProcessCycleTime (0x648,0x7ffffe8fce70,0x00000010,(nil)) stub
0024:fixme:process:NtQueryInformationProcess ProcessCycleTime (0x644,0x7ffffe8fce70,0x00000010,(nil)) stub
0024:fixme:process:NtQueryInformationProcess ProcessCycleTime (0x73c,0x7ffffe8fce70,0x00000010,(nil)) stub
0024:fixme:process:NtQueryInformationProcess ProcessCycleTime (0x218,0x7ffffe8fce70,0x00000010,(nil)) stub
0024:fixme:process:NtQueryInformationProcess ProcessCycleTime (0x648,0x7ffffe8fce70,0x00000010,(nil)) stub
0024:fixme:process:NtQueryInformationProcess ProcessCycleTime (0x644,0x7ffffe8fce70,0x00000010,(nil)) stub
0024:fixme:process:NtQueryInformationProcess ProcessCycleTime (0x73c,0x7ffffe8fce70,0x00000010,(nil)) stub
0024:fixme:process:NtQueryInformationProcess ProcessCycleTime (0x218,0x7ffffe8fce70,0x00000010,(nil)) stub
0024:fixme:process:NtQueryInformationProcess ProcessCycleTime (0x648,0x7ffffe8fce70,0x00000010,(nil)) stub
0024:fixme:process:NtQueryInformationProcess ProcessCycleTime (0x644,0x7ffffe8fce70,0x00000010,(nil)) stub
0024:fixme:process:NtQueryInformationProcess ProcessCycleTime (0x73c,0x7ffffe8fce70,0x00000010,(nil)) stub
18:10:36.077 > "[API] request: https://robertsspaceindustries.com/api/launcher/v3/games/library"
0254:fixme:winsock:setsockopt Ignoring SO_RANDOMIZE_PORT
0254:fixme:winsock:setsockopt Ignoring SO_RANDOMIZE_PORT
0254:fixme:winsock:setsockopt Ignoring SO_RANDOMIZE_PORT
024c:fixme:winsock:WSAIoctl unimplemented ioctl _WSAIORW(IOC_WS2, 25)
024c:fixme:winsock:server_ioctl_sock Unsupported ioctl 0x120348 (device=0x12 access=0 func=0xd2 method=0)
[472:0209/181036.140:ERROR:net\dns\address_sorter_win.cc:113] SIO_ADDRESS_LIST_SORT failed 10045
0024:fixme:process:NtQueryInformationProcess ProcessCycleTime (0x218,0x7ffffe8fce70,0x00000010,(nil)) stub
0024:fixme:process:NtQueryInformationProcess ProcessCycleTime (0x648,0x7ffffe8fce70,0x00000010,(nil)) stub
0024:fixme:process:NtQueryInformationProcess ProcessCycleTime (0x644,0x7ffffe8fce70,0x00000010,(nil)) stub
0024:fixme:process:NtQueryInformationProcess ProcessCycleTime (0x73c,0x7ffffe8fce70,0x00000010,(nil)) stub
18:10:36.347 > "[Connectivity Service] Internet connection is available."
0024:fixme:process:NtQueryInformationProcess ProcessCycleTime (0x218,0x7ffffe8fce70,0x00000010,(nil)) stub
0024:fixme:process:NtQueryInformationProcess ProcessCycleTime (0x648,0x7ffffe8fce70,0x00000010,(nil)) stub
0024:fixme:process:NtQueryInformationProcess ProcessCycleTime (0x644,0x7ffffe8fce70,0x00000010,(nil)) stub
0024:fixme:process:NtQueryInformationProcess ProcessCycleTime (0x73c,0x7ffffe8fce70,0x00000010,(nil)) stub
18:10:36.465 > "Checking for update"
01d4:err:ole:com_get_class_object class {7ab36653-1796-484b-bdfa-e74f1db7c1dc} not registered
01d4:err:ole:create_server class {7ab36653-1796-484b-bdfa-e74f1db7c1dc} not registered
01d4:err:ole:com_get_class_object no class object {7ab36653-1796-484b-bdfa-e74f1db7c1dc} could be created for context 0x5
0024:fixme:process:NtQueryInformationProcess ProcessCycleTime (0x218,0x7ffffe8fce70,0x00000010,(nil)) stub
0024:fixme:process:NtQueryInformationProcess ProcessCycleTime (0x648,0x7ffffe8fce70,0x00000010,(nil)) stub
0024:fixme:process:NtQueryInformationProcess ProcessCycleTime (0x644,0x7ffffe8fce70,0x00000010,(nil)) stub
0024:fixme:process:NtQueryInformationProcess ProcessCycleTime (0x73c,0x7ffffe8fce70,0x00000010,(nil)) stub
0254:fixme:winsock:setsockopt Ignoring SO_RANDOMIZE_PORT
0254:fixme:winsock:setsockopt Ignoring SO_RANDOMIZE_PORT
0254:fixme:winsock:setsockopt Ignoring SO_RANDOMIZE_PORT
0024:fixme:process:NtQueryInformationProcess ProcessCycleTime (0x218,0x7ffffe8fce70,0x00000010,(nil)) stub
0024:fixme:process:NtQueryInformationProcess ProcessCycleTime (0x648,0x7ffffe8fce70,0x00000010,(nil)) stub
0024:fixme:process:NtQueryInformationProcess ProcessCycleTime (0x644,0x7ffffe8fce70,0x00000010,(nil)) stub
0024:fixme:process:NtQueryInformationProcess ProcessCycleTime (0x73c,0x7ffffe8fce70,0x00000010,(nil)) stub
024c:fixme:winsock:WSAIoctl unimplemented ioctl _WSAIORW(IOC_WS2, 25)
024c:fixme:winsock:server_ioctl_sock Unsupported ioctl 0x120348 (device=0x12 access=0 func=0xd2 method=0)
[472:0209/181036.572:ERROR:net\dns\address_sorter_win.cc:113] SIO_ADDRESS_LIST_SORT failed 10045
0024:fixme:dwmapi:DwmExtendFrameIntoClientArea (0000000000030076, 00007FFFFE8FCC90) stub
0024:fixme:manipulation:viewport_ActivateConfiguration 00007F04CFB2DC30, 823
0024:fixme:manipulation:viewport_SetViewportOptions 00007F04CFB2DC30, 2
0024:fixme:manipulation:viewport_SetViewportRect 00007F04CFB2DC30, 00007FFFFE8FBD00
0024:fixme:manipulation:direct_manip_Activate 00007F04CFB2DBD0, 0000000000010090
0024:fixme:manipulation:viewport_Abandon 00007F04CFB2DC30
0024:fixme:manipulation:viewport_ActivateConfiguration 00007F04CFB2DC30, 823
0024:fixme:manipulation:viewport_SetViewportOptions 00007F04CFB2DC30, 2
0024:fixme:manipulation:viewport_SetViewportRect 00007F04CFB2DC30, 00007FFFFE8FA670
0024:fixme:manipulation:direct_manip_Activate 00007F04CFB2DBD0, 0000000000010090
0024:fixme:manipulation:viewport_Abandon 00007F04CFB2DC30
0024:fixme:manipulation:viewport_ActivateConfiguration 00007F04CFB2DC30, 823
0024:fixme:manipulation:viewport_SetViewportOptions 00007F04CFB2DC30, 2
0024:fixme:manipulation:viewport_SetViewportRect 00007F04CFB2DC30, 00007FFFFE8FAB30
0024:fixme:manipulation:direct_manip_Activate 00007F04CFB2DBD0, 0000000000010090
0024:fixme:manipulation:viewport_Abandon 00007F04CFB2DC30
0024:fixme:dwmapi:DwmExtendFrameIntoClientArea (0000000000030076, 00007FFFFE8FCC70) stub
0024:fixme:dwmapi:DwmExtendFrameIntoClientArea (0000000000030076, 00007FFFFE8FCD10) stub
0024:fixme:dwmapi:DwmExtendFrameIntoClientArea (0000000000030076, 00007FFFFE8FCCB0) stub
0024:fixme:process:NtQueryInformationProcess ProcessCycleTime (0x218,0x7ffffe8fce70,0x00000010,(nil)) stub
0024:fixme:process:NtQueryInformationProcess ProcessCycleTime (0x648,0x7ffffe8fce70,0x00000010,(nil)) stub
0024:fixme:process:NtQueryInformationProcess ProcessCycleTime (0x644,0x7ffffe8fce70,0x00000010,(nil)) stub
0024:fixme:process:NtQueryInformationProcess ProcessCycleTime (0x73c,0x7ffffe8fce70,0x00000010,(nil)) stub
0024:fixme:process:NtQueryInformationProcess ProcessCycleTime (0x218,0x7ffffe8fce70,0x00000010,(nil)) stub
0024:fixme:process:NtQueryInformationProcess ProcessCycleTime (0x648,0x7ffffe8fce70,0x00000010,(nil)) stub
0024:fixme:process:NtQueryInformationProcess ProcessCycleTime (0x644,0x7ffffe8fce70,0x00000010,(nil)) stub
0024:fixme:process:NtQueryInformationProcess ProcessCycleTime (0x73c,0x7ffffe8fce70,0x00000010,(nil)) stub
0024:fixme:process:NtQueryInformationProcess ProcessCycleTime (0x218,0x7ffffe8fce70,0x00000010,(nil)) stub
0024:fixme:process:NtQueryInformationProcess ProcessCycleTime (0x648,0x7ffffe8fce70,0x00000010,(nil)) stub
0024:fixme:process:NtQueryInformationProcess ProcessCycleTime (0x644,0x7ffffe8fce70,0x00000010,(nil)) stub
0024:fixme:process:NtQueryInformationProcess ProcessCycleTime (0x73c,0x7ffffe8fce70,0x00000010,(nil)) stub
18:10:36.610 > "[API] request: https://robertsspaceindustries.com/api/launcher/v3/content/news"
0024:fixme:process:NtQueryInformationProcess ProcessCycleTime (0x218,0x7ffffe8fce70,0x00000010,(nil)) stub
0024:fixme:process:NtQueryInformationProcess ProcessCycleTime (0x648,0x7ffffe8fce70,0x00000010,(nil)) stub
0024:fixme:process:NtQueryInformationProcess ProcessCycleTime (0x644,0x7ffffe8fce70,0x00000010,(nil)) stub
0024:fixme:process:NtQueryInformationProcess ProcessCycleTime (0x73c,0x7ffffe8fce70,0x00000010,(nil)) stub
0024:fixme:process:NtQueryInformationProcess ProcessCycleTime (0x218,0x7ffffe8fce70,0x00000010,(nil)) stub
0024:fixme:process:NtQueryInformationProcess ProcessCycleTime (0x648,0x7ffffe8fce70,0x00000010,(nil)) stub
0024:fixme:process:NtQueryInformationProcess ProcessCycleTime (0x644,0x7ffffe8fce70,0x00000010,(nil)) stub
0024:fixme:process:NtQueryInformationProcess ProcessCycleTime (0x73c,0x7ffffe8fce70,0x00000010,(nil)) stub
0024:fixme:process:NtQueryInformationProcess ProcessCycleTime (0x218,0x7ffffe8fce70,0x00000010,(nil)) stub
0024:fixme:process:NtQueryInformationProcess ProcessCycleTime (0x648,0x7ffffe8fce70,0x00000010,(nil)) stub
0024:fixme:process:NtQueryInformationProcess ProcessCycleTime (0x644,0x7ffffe8fce70,0x00000010,(nil)) stub
0024:fixme:process:NtQueryInformationProcess ProcessCycleTime (0x73c,0x7ffffe8fce70,0x00000010,(nil)) stub
0024:fixme:process:NtQueryInformationProcess ProcessCycleTime (0x218,0x7ffffe8fce70,0x00000010,(nil)) stub
0024:fixme:process:NtQueryInformationProcess ProcessCycleTime (0x648,0x7ffffe8fce70,0x00000010,(nil)) stub
0024:fixme:process:NtQueryInformationProcess ProcessCycleTime (0x644,0x7ffffe8fce70,0x00000010,(nil)) stub
0024:fixme:process:NtQueryInformationProcess ProcessCycleTime (0x73c,0x7ffffe8fce70,0x00000010,(nil)) stub
18:10:36.635 > "[API] request: https://robertsspaceindustries.com/api/launcher/v3/content/patchNotes"
18:10:36.636 > "[API] request: https://robertsspaceindustries.com/api/launcher/v3/content/cards"
18:10:36.636 > "[API] request: https://robertsspaceindustries.com/api/launcher/v3/games/library"
0024:fixme:process:NtQueryInformationProcess ProcessCycleTime (0x218,0x7ffffe8fce70,0x00000010,(nil)) stub
0024:fixme:process:NtQueryInformationProcess ProcessCycleTime (0x648,0x7ffffe8fce70,0x00000010,(nil)) stub
0024:fixme:process:NtQueryInformationProcess ProcessCycleTime (0x644,0x7ffffe8fce70,0x00000010,(nil)) stub
0024:fixme:process:NtQueryInformationProcess ProcessCycleTime (0x73c,0x7ffffe8fce70,0x00000010,(nil)) stub
0254:fixme:winsock:setsockopt Ignoring SO_RANDOMIZE_PORT
0254:fixme:winsock:setsockopt Ignoring SO_RANDOMIZE_PORT
0254:fixme:winsock:setsockopt Ignoring SO_RANDOMIZE_PORT
024c:fixme:winsock:WSAIoctl unimplemented ioctl _WSAIORW(IOC_WS2, 25)
024c:fixme:winsock:server_ioctl_sock Unsupported ioctl 0x120348 (device=0x12 access=0 func=0xd2 method=0)
[472:0209/181036.742:ERROR:net\dns\address_sorter_win.cc:113] SIO_ADDRESS_LIST_SORT failed 10045
0024:fixme:process:NtQueryInformationProcess ProcessCycleTime (0x218,0x7ffffe8fce70,0x00000010,(nil)) stub
0024:fixme:process:NtQueryInformationProcess ProcessCycleTime (0x648,0x7ffffe8fce70,0x00000010,(nil)) stub
0024:fixme:process:NtQueryInformationProcess ProcessCycleTime (0x644,0x7ffffe8fce70,0x00000010,(nil)) stub
0024:fixme:process:NtQueryInformationProcess ProcessCycleTime (0x73c,0x7ffffe8fce70,0x00000010,(nil)) stub
0254:fixme:winsock:setsockopt Ignoring SO_RANDOMIZE_PORT
0024:fixme:win:IsWindowArranged hwnd 0000000000030076 stub.
0024:fixme:win:NtUserGetWindowDisplayAffinity 0x30076, 0x7ffffe8fceb4: stub
0024:fixme:dwmapi:DwmExtendFrameIntoClientArea (0000000000030076, 00007FFFFE8FCF40) stub
0024:fixme:manipulation:viewport_ActivateConfiguration 00007F04CFB2DC30, 823
0024:fixme:manipulation:viewport_SetViewportOptions 00007F04CFB2DC30, 2
0024:fixme:manipulation:viewport_SetViewportRect 00007F04CFB2DC30, 00007FFFFE8FCB60
0024:fixme:manipulation:direct_manip_Activate 00007F04CFB2DBD0, 0000000000010090
0024:fixme:manipulation:viewport_Abandon 00007F04CFB2DC30
0024:fixme:process:NtQueryInformationProcess ProcessCycleTime (0x218,0x7ffffe8fce70,0x00000010,(nil)) stub
0024:fixme:process:NtQueryInformationProcess ProcessCycleTime (0x648,0x7ffffe8fce70,0x00000010,(nil)) stub
0024:fixme:process:NtQueryInformationProcess ProcessCycleTime (0x644,0x7ffffe8fce70,0x00000010,(nil)) stub
0024:fixme:process:NtQueryInformationProcess ProcessCycleTime (0x73c,0x7ffffe8fce70,0x00000010,(nil)) stub
0024:fixme:win:GetPointerDevices (00007FFFFE8FE644 0000000000000000): partial stub
0024:fixme:win:GetPointerDevices (00007FFFFE8FE644 0000000000000000): partial stub
0024:fixme:system:NtUserDisplayConfigGetDeviceInfo Unimplemented packet type 11.
0024:fixme:ui:uisettings2_get_TextScaleFactor iface 00007F05C04FF828, value 00007FFFFE8FE5E0 stub!
0024:fixme:win:GetPointerDevices (00007FFFFE8FE644 0000000000000000): partial stub
0024:fixme:win:GetPointerDevices (00007FFFFE8FE644 0000000000000000): partial stub
0024:fixme:system:NtUserDisplayConfigGetDeviceInfo Unimplemented packet type 11.
0024:fixme:ui:uisettings2_get_TextScaleFactor iface 00007F05C04FF828, value 00007FFFFE8FE5E0 stub!
0024:fixme:process:NtQueryInformationProcess ProcessCycleTime (0x218,0x7ffffe8fce70,0x00000010,(nil)) stub
0024:fixme:process:NtQueryInformationProcess ProcessCycleTime (0x648,0x7ffffe8fce70,0x00000010,(nil)) stub
0024:fixme:process:NtQueryInformationProcess ProcessCycleTime (0x644,0x7ffffe8fce70,0x00000010,(nil)) stub
0024:fixme:process:NtQueryInformationProcess ProcessCycleTime (0x73c,0x7ffffe8fce70,0x00000010,(nil)) stub
0024:fixme:process:NtQueryInformationProcess ProcessCycleTime (0x218,0x7ffffe8fce70,0x00000010,(nil)) stub
0024:fixme:process:NtQueryInformationProcess ProcessCycleTime (0x648,0x7ffffe8fce70,0x00000010,(nil)) stub
0024:fixme:process:NtQueryInformationProcess ProcessCycleTime (0x644,0x7ffffe8fce70,0x00000010,(nil)) stub
0024:fixme:process:NtQueryInformationProcess ProcessCycleTime (0x73c,0x7ffffe8fce70,0x00000010,(nil)) stub
01d4:fixme:dwmapi:DwmGetWindowAttribute attribute 14 not implemented.
0024:fixme:process:NtQueryInformationProcess ProcessCycleTime (0x218,0x7ffffe8fce70,0x00000010,(nil)) stub
0024:fixme:process:NtQueryInformationProcess ProcessCycleTime (0x648,0x7ffffe8fce70,0x00000010,(nil)) stub
0024:fixme:process:NtQueryInformationProcess ProcessCycleTime (0x644,0x7ffffe8fce70,0x00000010,(nil)) stub
0024:fixme:process:NtQueryInformationProcess ProcessCycleTime (0x73c,0x7ffffe8fce70,0x00000010,(nil)) stub
0024:fixme:process:NtQueryInformationProcess ProcessCycleTime (0x218,0x7ffffe8fce70,0x00000010,(nil)) stub
0024:fixme:process:NtQueryInformationProcess ProcessCycleTime (0x648,0x7ffffe8fce70,0x00000010,(nil)) stub
0024:fixme:process:NtQueryInformationProcess ProcessCycleTime (0x644,0x7ffffe8fce70,0x00000010,(nil)) stub
0024:fixme:process:NtQueryInformationProcess ProcessCycleTime (0x73c,0x7ffffe8fce70,0x00000010,(nil)) stub
18:10:36.959 > "Update for version 2.11.0 is not available (latest version: 2.11.0, downgrade is disallowed)."
0024:fixme:process:NtQueryInformationProcess ProcessCycleTime (0x218,0x7ffffe8fce70,0x00000010,(nil)) stub
0024:fixme:process:NtQueryInformationProcess ProcessCycleTime (0x648,0x7ffffe8fce70,0x00000010,(nil)) stub
0024:fixme:process:NtQueryInformationProcess ProcessCycleTime (0x644,0x7ffffe8fce70,0x00000010,(nil)) stub
0024:fixme:process:NtQueryInformationProcess ProcessCycleTime (0x73c,0x7ffffe8fce70,0x00000010,(nil)) stub
0024:fixme:process:NtQueryInformationProcess ProcessCycleTime (0x218,0x7ffffe8fce70,0x00000010,(nil)) stub
0024:fixme:process:NtQueryInformationProcess ProcessCycleTime (0x648,0x7ffffe8fce70,0x00000010,(nil)) stub
0024:fixme:process:NtQueryInformationProcess ProcessCycleTime (0x644,0x7ffffe8fce70,0x00000010,(nil)) stub
0024:fixme:process:NtQueryInformationProcess ProcessCycleTime (0x73c,0x7ffffe8fce70,0x00000010,(nil)) stub
0024:fixme:process:NtQueryInformationProcess ProcessCycleTime (0x218,0x7ffffe8fce70,0x00000010,(nil)) stub
0024:fixme:process:NtQueryInformationProcess ProcessCycleTime (0x648,0x7ffffe8fce70,0x00000010,(nil)) stub
0024:fixme:process:NtQueryInformationProcess ProcessCycleTime (0x644,0x7ffffe8fce70,0x00000010,(nil)) stub
0024:fixme:process:NtQueryInformationProcess ProcessCycleTime (0x73c,0x7ffffe8fce70,0x00000010,(nil)) stub
0254:fixme:winsock:setsockopt Ignoring SO_RANDOMIZE_PORT
0024:fixme:powermgnt:PowerCreateRequest (00007FFFFE8FEF30): stub
0024:fixme:powermgnt:PowerSetRequest (0000000000000774, 0): stub
0024:fixme:process:NtQueryInformationProcess ProcessCycleTime (0x218,0x7ffffe8fce70,0x00000010,(nil)) stub
0024:fixme:process:NtQueryInformationProcess ProcessCycleTime (0x648,0x7ffffe8fce70,0x00000010,(nil)) stub
0024:fixme:process:NtQueryInformationProcess ProcessCycleTime (0x644,0x7ffffe8fce70,0x00000010,(nil)) stub
0024:fixme:process:NtQueryInformationProcess ProcessCycleTime (0x73c,0x7ffffe8fce70,0x00000010,(nil)) stub
0024:fixme:process:NtQueryInformationProcess ProcessCycleTime (0x218,0x7ffffe8fcea0,0x00000010,(nil)) stub
0024:fixme:process:NtQueryInformationProcess ProcessCycleTime (0x648,0x7ffffe8fcea0,0x00000010,(nil)) stub
0024:fixme:process:NtQueryInformationProcess ProcessCycleTime (0x644,0x7ffffe8fcea0,0x00000010,(nil)) stub
0024:fixme:process:NtQueryInformationProcess ProcessCycleTime (0x73c,0x7ffffe8fcea0,0x00000010,(nil)) stub
18:10:39.773 > "[API] request: https://robertsspaceindustries.com/api/launcher/v3/games/release"
01d4:fixme:dwmapi:DwmGetWindowAttribute attribute 14 not implemented.
0024:fixme:process:NtQueryInformationProcess ProcessCycleTime (0x218,0x7ffffe8fcea0,0x00000010,(nil)) stub
0024:fixme:process:NtQueryInformationProcess ProcessCycleTime (0x648,0x7ffffe8fcea0,0x00000010,(nil)) stub
0024:fixme:process:NtQueryInformationProcess ProcessCycleTime (0x644,0x7ffffe8fcea0,0x00000010,(nil)) stub
0024:fixme:process:NtQueryInformationProcess ProcessCycleTime (0x73c,0x7ffffe8fcea0,0x00000010,(nil)) stub
0254:fixme:winsock:setsockopt Ignoring SO_RANDOMIZE_PORT
18:10:40.043 > "[SystemRequirements] OS check : {\"aboveVersionMin\":true}"
18:10:40.044 > "[SystemRequirements] CPU check : {\"x86ArchDetected\":true,\"avxFeatureDetected\":true,\"avx2FeatureDetected\":true,\"fma3FeatureDetected\":true}"
18:10:40.048 > "[API] request: https://robertsspaceindustries.com/api/launcher/v3/account/check"
18:10:40.048 > "[API] request: https://robertsspaceindustries.com/api/launcher/v3/account/check"
18:10:40.049 > "[API] request: https://robertsspaceindustries.com/api/launcher/v3/account/check"
18:10:40.176 > "[Analytics] event sent successfully: App:SystemRequirements:OS (attempt 1)"
0024:fixme:process:NtQueryInformationProcess ProcessCycleTime (0x218,0x7ffffe8fcea0,0x00000010,(nil)) stub
0024:fixme:process:NtQueryInformationProcess ProcessCycleTime (0x648,0x7ffffe8fcea0,0x00000010,(nil)) stub
0024:fixme:process:NtQueryInformationProcess ProcessCycleTime (0x644,0x7ffffe8fcea0,0x00000010,(nil)) stub
0024:fixme:process:NtQueryInformationProcess ProcessCycleTime (0x73c,0x7ffffe8fcea0,0x00000010,(nil)) stub
0024:fixme:process:NtQueryInformationProcess ProcessCycleTime (0x218,0x7ffffe8fcea0,0x00000010,(nil)) stub
0024:fixme:process:NtQueryInformationProcess ProcessCycleTime (0x648,0x7ffffe8fcea0,0x00000010,(nil)) stub
0024:fixme:process:NtQueryInformationProcess ProcessCycleTime (0x644,0x7ffffe8fcea0,0x00000010,(nil)) stub
0024:fixme:process:NtQueryInformationProcess ProcessCycleTime (0x73c,0x7ffffe8fcea0,0x00000010,(nil)) stub
18:10:40.421 > "[Analytics] event sent successfully: App:SystemRequirements:CPU (attempt 1)"
0024:fixme:process:NtQueryInformationProcess ProcessCycleTime (0x218,0x7ffffe8fcea0,0x00000010,(nil)) stub
0024:fixme:process:NtQueryInformationProcess ProcessCycleTime (0x648,0x7ffffe8fcea0,0x00000010,(nil)) stub
0024:fixme:process:NtQueryInformationProcess ProcessCycleTime (0x644,0x7ffffe8fcea0,0x00000010,(nil)) stub
0024:fixme:process:NtQueryInformationProcess ProcessCycleTime (0x73c,0x7ffffe8fcea0,0x00000010,(nil)) stub
03b8:fixme:thread:NtSetInformationThread info class 24 not supported yet
03b8:fixme:thread:NtSetInformationThread ThreadPowerThrottling stub!
0024:fixme:process:NtQueryInformationProcess ProcessCycleTime (0x218,0x7ffffe8fcea0,0x00000010,(nil)) stub
0024:fixme:process:NtQueryInformationProcess ProcessCycleTime (0x648,0x7ffffe8fcea0,0x00000010,(nil)) stub
0024:fixme:process:NtQueryInformationProcess ProcessCycleTime (0x644,0x7ffffe8fcea0,0x00000010,(nil)) stub
0024:fixme:process:NtQueryInformationProcess ProcessCycleTime (0x73c,0x7ffffe8fcea0,0x00000010,(nil)) stub
0024:fixme:process:NtQueryInformationProcess ProcessCycleTime (0x218,0x7ffffe8fcea0,0x00000010,(nil)) stub
0024:fixme:process:NtQueryInformationProcess ProcessCycleTime (0x648,0x7ffffe8fcea0,0x00000010,(nil)) stub
0024:fixme:process:NtQueryInformationProcess ProcessCycleTime (0x644,0x7ffffe8fcea0,0x00000010,(nil)) stub
0024:fixme:process:NtQueryInformationProcess ProcessCycleTime (0x73c,0x7ffffe8fcea0,0x00000010,(nil)) stub
18:10:40.524 > "[API] request: https://robertsspaceindustries.com/api/launcher/v3/warnings"
18:10:40.525 > "[API] request: https://robertsspaceindustries.com/api/launcher/v3/warnings"
18:10:40.525 > "[API] request: https://robertsspaceindustries.com/api/launcher/v3/warnings"
0024:fixme:process:NtQueryInformationProcess ProcessCycleTime (0x218,0x7ffffe8fcea0,0x00000010,(nil)) stub
0024:fixme:process:NtQueryInformationProcess ProcessCycleTime (0x648,0x7ffffe8fcea0,0x00000010,(nil)) stub
0024:fixme:process:NtQueryInformationProcess ProcessCycleTime (0x644,0x7ffffe8fcea0,0x00000010,(nil)) stub
0024:fixme:process:NtQueryInformationProcess ProcessCycleTime (0x73c,0x7ffffe8fcea0,0x00000010,(nil)) stub
0024:fixme:process:NtQueryInformationProcess ProcessCycleTime (0x218,0x7ffffe8fcea0,0x00000010,(nil)) stub
0024:fixme:process:NtQueryInformationProcess ProcessCycleTime (0x648,0x7ffffe8fcea0,0x00000010,(nil)) stub
0024:fixme:process:NtQueryInformationProcess ProcessCycleTime (0x644,0x7ffffe8fcea0,0x00000010,(nil)) stub
0024:fixme:process:NtQueryInformationProcess ProcessCycleTime (0x73c,0x7ffffe8fcea0,0x00000010,(nil)) stub
0024:fixme:process:NtQueryInformationProcess ProcessCycleTime (0x218,0x7ffffe8fcea0,0x00000010,(nil)) stub
0024:fixme:process:NtQueryInformationProcess ProcessCycleTime (0x648,0x7ffffe8fcea0,0x00000010,(nil)) stub
0024:fixme:process:NtQueryInformationProcess ProcessCycleTime (0x644,0x7ffffe8fcea0,0x00000010,(nil)) stub
0024:fixme:process:NtQueryInformationProcess ProcessCycleTime (0x73c,0x7ffffe8fcea0,0x00000010,(nil)) stub
18:10:41.051 > "[API] request: https://robertsspaceindustries.com/api/launcher/v3/warnings/get"
0254:fixme:winsock:setsockopt Ignoring SO_RANDOMIZE_PORT
0024:fixme:process:NtQueryInformationProcess ProcessCycleTime (0x218,0x7ffffe8fcea0,0x00000010,(nil)) stub
0024:fixme:process:NtQueryInformationProcess ProcessCycleTime (0x648,0x7ffffe8fcea0,0x00000010,(nil)) stub
0024:fixme:process:NtQueryInformationProcess ProcessCycleTime (0x644,0x7ffffe8fcea0,0x00000010,(nil)) stub
0024:fixme:process:NtQueryInformationProcess ProcessCycleTime (0x73c,0x7ffffe8fcea0,0x00000010,(nil)) stub
0024:fixme:process:NtQueryInformationProcess ProcessCycleTime (0x218,0x7ffffe8fcea0,0x00000010,(nil)) stub
0024:fixme:process:NtQueryInformationProcess ProcessCycleTime (0x648,0x7ffffe8fcea0,0x00000010,(nil)) stub
0024:fixme:process:NtQueryInformationProcess ProcessCycleTime (0x644,0x7ffffe8fcea0,0x00000010,(nil)) stub
0024:fixme:process:NtQueryInformationProcess ProcessCycleTime (0x73c,0x7ffffe8fcea0,0x00000010,(nil)) stub
0024:fixme:process:NtQueryInformationProcess ProcessCycleTime (0x218,0x7ffffe8fcea0,0x00000010,(nil)) stub
0024:fixme:process:NtQueryInformationProcess ProcessCycleTime (0x648,0x7ffffe8fcea0,0x00000010,(nil)) stub
0024:fixme:process:NtQueryInformationProcess ProcessCycleTime (0x644,0x7ffffe8fcea0,0x00000010,(nil)) stub
0024:fixme:process:NtQueryInformationProcess ProcessCycleTime (0x73c,0x7ffffe8fcea0,0x00000010,(nil)) stub
18:10:42.658 > "[API] request: https://robertsspaceindustries.com/api/launcher/v3/games/token"
0254:fixme:winsock:setsockopt Ignoring SO_RANDOMIZE_PORT
01d4:fixme:dwmapi:DwmGetWindowAttribute attribute 14 not implemented.
0024:fixme:process:NtQueryInformationProcess ProcessCycleTime (0x218,0x7ffffe8fcea0,0x00000010,(nil)) stub
0024:fixme:process:NtQueryInformationProcess ProcessCycleTime (0x648,0x7ffffe8fcea0,0x00000010,(nil)) stub
0024:fixme:process:NtQueryInformationProcess ProcessCycleTime (0x644,0x7ffffe8fcea0,0x00000010,(nil)) stub
0024:fixme:process:NtQueryInformationProcess ProcessCycleTime (0x73c,0x7ffffe8fcea0,0x00000010,(nil)) stub
0024:fixme:win:IsWindowArranged hwnd 0000000000030076 stub.
0024:fixme:manipulation:viewport_ActivateConfiguration 00007F04CFBBE740, 823
0024:fixme:manipulation:viewport_SetViewportOptions 00007F04CFBBE740, 2
0024:fixme:manipulation:viewport_SetViewportRect 00007F04CFBBE740, 00007FFFFE8FA800
0024:fixme:manipulation:direct_manip_Activate 00007F04CFBBE6E0, 0000000000010090
0024:fixme:manipulation:viewport_Abandon 00007F04CFBBE740
0024:fixme:dwmapi:DwmExtendFrameIntoClientArea (0000000000030076, 00007FFFFE8FC8E0) stub
18:10:43.156 > "[Launcher::launch] Launching Star Citizen LIVE from (C:\\Program Files\\Roberts Space Industries\\StarCitizen\\LIVE)"
18:10:43.156 > "[Launcher::launch] Wine environment detected."
18:10:43.156 > "[Launcher::launch] Trying to convert the path from C to Z format."
18:10:43.286 > "[Launcher::launch] path converted from \"C:\\Program Files\\Roberts Space Industries\\StarCitizen\\LIVE\\StarCitizen_Launcher.exe\" to \"Z:\\mnt\\m2games\\Heroic-N-Lutris\\sc.old\\drive_c\\Program Files\\Roberts Space Industries\\StarCitizen\\LIVE\\StarCitizen_Launcher.exe\"."
18:10:43.287 > "[Launcher::launch] Deleting C:\\Program Files\\Roberts Space Industries\\StarCitizen\\LIVE\\loginData.json for LIVE"
0024:fixme:process:NtQueryInformationProcess ProcessCycleTime (0x218,0x7ffffe8fcea0,0x00000010,(nil)) stub
0024:fixme:process:NtQueryInformationProcess ProcessCycleTime (0x648,0x7ffffe8fcea0,0x00000010,(nil)) stub
0024:fixme:process:NtQueryInformationProcess ProcessCycleTime (0x644,0x7ffffe8fcea0,0x00000010,(nil)) stub
0024:fixme:process:NtQueryInformationProcess ProcessCycleTime (0x73c,0x7ffffe8fcea0,0x00000010,(nil)) stub
0024:fixme:powermgnt:PowerClearRequest (0000000000000774, 0): stub
0024:fixme:process:NtQueryInformationProcess ProcessCycleTime (0x218,0x7ffffe8fcea0,0x00000010,(nil)) stub
0024:fixme:process:NtQueryInformationProcess ProcessCycleTime (0x648,0x7ffffe8fcea0,0x00000010,(nil)) stub
0024:fixme:process:NtQueryInformationProcess ProcessCycleTime (0x644,0x7ffffe8fcea0,0x00000010,(nil)) stub
0024:fixme:process:NtQueryInformationProcess ProcessCycleTime (0x73c,0x7ffffe8fcea0,0x00000010,(nil)) stub
0024:fixme:process:NtQueryInformationProcess ProcessCycleTime (0x218,0x7ffffe8fcea0,0x00000010,(nil)) stub
0024:fixme:process:NtQueryInformationProcess ProcessCycleTime (0x648,0x7ffffe8fcea0,0x00000010,(nil)) stub
0024:fixme:process:NtQueryInformationProcess ProcessCycleTime (0x644,0x7ffffe8fcea0,0x00000010,(nil)) stub
0024:fixme:process:NtQueryInformationProcess ProcessCycleTime (0x73c,0x7ffffe8fcea0,0x00000010,(nil)) stub
18:10:43.438 > "[Analytics] event sent successfully: App:Launcher:Start (attempt 1)"
18:10:43.438 > "[Analytics] event sent successfully: App:Launch:Start (attempt 1)"
0024:fixme:process:NtQueryInformationProcess ProcessCycleTime (0x218,0x7ffffe8fcea0,0x00000010,(nil)) stub
0024:fixme:process:NtQueryInformationProcess ProcessCycleTime (0x648,0x7ffffe8fcea0,0x00000010,(nil)) stub
0024:fixme:process:NtQueryInformationProcess ProcessCycleTime (0x644,0x7ffffe8fcea0,0x00000010,(nil)) stub
0024:fixme:process:NtQueryInformationProcess ProcessCycleTime (0x73c,0x7ffffe8fcea0,0x00000010,(nil)) stub
0024:fixme:process:NtQueryInformationProcess ProcessCycleTime (0x218,0x7ffffe8fcea0,0x00000010,(nil)) stub
0024:fixme:process:NtQueryInformationProcess ProcessCycleTime (0x648,0x7ffffe8fcea0,0x00000010,(nil)) stub
0024:fixme:process:NtQueryInformationProcess ProcessCycleTime (0x644,0x7ffffe8fcea0,0x00000010,(nil)) stub
0024:fixme:process:NtQueryInformationProcess ProcessCycleTime (0x73c,0x7ffffe8fcea0,0x00000010,(nil)) stub
03e8:fixme:win:RegisterTouchWindow hwnd 0000000000030086, flags 0x3 stub!
03e8:fixme:msctf:ThreadMgr_ActivateEx Unimplemented flags 0x4
03e8:fixme:imm:ImeSetCompositionString himc 0000000000030088, index 9, comp 0000000140357408, comp_len 2, read 0000000140357408, read_len 2 semi-stub!
03e8:fixme:imm:ImeSetCompositionString Read string unimplemented
03e8:fixme:imm:NotifyIME himc 0000000000030088, action 0x11, index 0, value 0 stub!
03f8:fixme:kernelbase:AppPolicyGetThreadInitializationType FFFFFFFFFFFFFFFA, 00007F09291DFF50
0254:fixme:winsock:setsockopt Ignoring SO_RANDOMIZE_PORT
012c:fixme:thread:NtSetInformationThread ThreadPowerThrottling stub!
012c:fixme:file:ReplaceFileW Ignoring flags 2
012c:fixme:thread:NtSetInformationThread ThreadPowerThrottling stub!
03e8:fixme:imm:ImeSetCompositionString himc 0000000000030088, index 9, comp 0000000140357408, comp_len 2, read 0000000140357408, read_len 2 semi-stub!
03e8:fixme:imm:ImeSetCompositionString Read string unimplemented
03e8:fixme:imm:NotifyIME himc 0000000000030088, action 0x11, index 0, value 0 stub!
03f0:fixme:secur32:get_cipher_algid unknown algorithm 23
03f0:fixme:secur32:get_mac_algid unknown algorithm 200, cipher 23
012c:fixme:thread:NtSetInformationThread ThreadPowerThrottling stub!
012c:fixme:file:ReplaceFileW Ignoring flags 2
012c:fixme:thread:NtSetInformationThread ThreadPowerThrottling stub!
0254:fixme:winsock:setsockopt Ignoring SO_RANDOMIZE_PORT
0400:fixme:ntdll:NtQuerySystemInformation info_class SYSTEM_PERFORMANCE_INFORMATION
0400:fixme:thread:NtSetInformationThread ThreadPowerThrottling stub!
0400:fixme:heap:SetThreadSelectedCpuSets thread FFFFFFFFFFFFFFFE, cpu_set_ids 00007E8014007400, count 32 stub.
0518:fixme:thread:NtSetInformationThread ThreadPowerThrottling stub!
053c:fixme:thread:NtSetInformationThread ThreadPowerThrottling stub!
055c:fixme:thread:NtSetInformationThread ThreadPowerThrottling stub!
0530:fixme:thread:NtSetInformationThread ThreadPowerThrottling stub!
054c:fixme:thread:NtSetInformationThread ThreadPowerThrottling stub!
0514:fixme:thread:NtSetInformationThread ThreadPowerThrottling stub!
0534:fixme:thread:NtSetInformationThread ThreadPowerThrottling stub!
0558:fixme:thread:NtSetInformationThread ThreadPowerThrottling stub!
0548:fixme:thread:NtSetInformationThread ThreadPowerThrottling stub!
0528:fixme:thread:NtSetInformationThread ThreadPowerThrottling stub!
0538:fixme:thread:NtSetInformationThread ThreadPowerThrottling stub!
052c:fixme:thread:NtSetInformationThread ThreadPowerThrottling stub!
0540:fixme:thread:NtSetInformationThread ThreadPowerThrottling stub!
0548:fixme:heap:SetThreadSelectedCpuSets thread FFFFFFFFFFFFFFFE, cpu_set_ids 00007E800C062F40, count 8 stub.
0564:fixme:thread:NtSetInformationThread ThreadPowerThrottling stub!
0584:fixme:thread:NtSetInformationThread ThreadPowerThrottling stub!
0558:fixme:heap:SetThreadSelectedCpuSets thread FFFFFFFFFFFFFFFE, cpu_set_ids 00007E800C062F60, count 8 stub.
055c:fixme:heap:SetThreadSelectedCpuSets thread FFFFFFFFFFFFFFFE, cpu_set_ids 00007E800C062F60, count 8 stub.
0514:fixme:heap:SetThreadSelectedCpuSets thread FFFFFFFFFFFFFFFE, cpu_set_ids 00007E800C062F80, count 8 stub.
0550:fixme:thread:NtSetInformationThread ThreadPowerThrottling stub!
054c:fixme:heap:SetThreadSelectedCpuSets thread FFFFFFFFFFFFFFFE, cpu_set_ids 00007E800C062F40, count 8 stub.
0578:fixme:thread:NtSetInformationThread ThreadPowerThrottling stub!
0530:fixme:heap:SetThreadSelectedCpuSets thread FFFFFFFFFFFFFFFE, cpu_set_ids 00007E800C062F40, count 8 stub.
0580:fixme:thread:NtSetInformationThread ThreadPowerThrottling stub!
0540:fixme:heap:SetThreadSelectedCpuSets thread FFFFFFFFFFFFFFFE, cpu_set_ids 00007E800C062F40, count 8 stub.
0520:fixme:thread:NtSetInformationThread ThreadPowerThrottling stub!
0554:fixme:thread:NtSetInformationThread ThreadPowerThrottling stub!
053c:fixme:heap:SetThreadSelectedCpuSets thread FFFFFFFFFFFFFFFE, cpu_set_ids 00007E800C062F40, count 8 stub.
0574:fixme:thread:NtSetInformationThread ThreadPowerThrottling stub!
0550:fixme:heap:SetThreadSelectedCpuSets thread FFFFFFFFFFFFFFFE, cpu_set_ids 00007E800C062F60, count 8 stub.
0560:fixme:thread:NtSetInformationThread ThreadPowerThrottling stub!
0520:fixme:heap:SetThreadSelectedCpuSets thread FFFFFFFFFFFFFFFE, cpu_set_ids 00007E800C062F80, count 8 stub.
0518:fixme:heap:SetThreadSelectedCpuSets thread FFFFFFFFFFFFFFFE, cpu_set_ids 00007E800C062F80, count 8 stub.
058c:fixme:thread:NtSetInformationThread ThreadPowerThrottling stub!
052c:fixme:heap:SetThreadSelectedCpuSets thread FFFFFFFFFFFFFFFE, cpu_set_ids 00007E800C062F80, count 8 stub.
057c:fixme:thread:NtSetInformationThread ThreadPowerThrottling stub!
0588:fixme:thread:NtSetInformationThread ThreadPowerThrottling stub!
051c:fixme:thread:NtSetInformationThread ThreadPowerThrottling stub!
0524:fixme:thread:NtSetInformationThread ThreadPowerThrottling stub!
0564:fixme:heap:SetThreadSelectedCpuSets thread FFFFFFFFFFFFFFFE, cpu_set_ids 00007E800C062F60, count 8 stub.
0538:fixme:heap:SetThreadSelectedCpuSets thread FFFFFFFFFFFFFFFE, cpu_set_ids 00007E800C062F40, count 8 stub.
0570:fixme:thread:NtSetInformationThread ThreadPowerThrottling stub!
057c:fixme:heap:SetThreadSelectedCpuSets thread FFFFFFFFFFFFFFFE, cpu_set_ids 00007E800C062F00, count 8 stub.
056c:fixme:thread:NtSetInformationThread ThreadPowerThrottling stub!
0534:fixme:heap:SetThreadSelectedCpuSets thread FFFFFFFFFFFFFFFE, cpu_set_ids 00007E800C062F40, count 8 stub.
051c:fixme:heap:SetThreadSelectedCpuSets thread FFFFFFFFFFFFFFFE, cpu_set_ids 00007E800C062F80, count 8 stub.
0578:fixme:heap:SetThreadSelectedCpuSets thread FFFFFFFFFFFFFFFE, cpu_set_ids 00007E800C062F00, count 8 stub.
0544:fixme:thread:NtSetInformationThread ThreadPowerThrottling stub!
058c:fixme:heap:SetThreadSelectedCpuSets thread FFFFFFFFFFFFFFFE, cpu_set_ids 00007E800C062F00, count 8 stub.
0524:fixme:heap:SetThreadSelectedCpuSets thread FFFFFFFFFFFFFFFE, cpu_set_ids 00007E800C062F80, count 8 stub.
056c:fixme:heap:SetThreadSelectedCpuSets thread FFFFFFFFFFFFFFFE, cpu_set_ids 00007E800C062F60, count 8 stub.
0560:fixme:heap:SetThreadSelectedCpuSets thread FFFFFFFFFFFFFFFE, cpu_set_ids 00007E800C062F60, count 8 stub.
0580:fixme:heap:SetThreadSelectedCpuSets thread FFFFFFFFFFFFFFFE, cpu_set_ids 00007E800C062F00, count 8 stub.
0588:fixme:heap:SetThreadSelectedCpuSets thread FFFFFFFFFFFFFFFE, cpu_set_ids 00007E800C062F00, count 8 stub.
0554:fixme:heap:SetThreadSelectedCpuSets thread FFFFFFFFFFFFFFFE, cpu_set_ids 00007E800C062F60, count 8 stub.
0574:fixme:heap:SetThreadSelectedCpuSets thread FFFFFFFFFFFFFFFE, cpu_set_ids 00007E800C062F00, count 8 stub.
0544:fixme:heap:SetThreadSelectedCpuSets thread FFFFFFFFFFFFFFFE, cpu_set_ids 00007E800C062F40, count 8 stub.
0584:fixme:heap:SetThreadSelectedCpuSets thread FFFFFFFFFFFFFFFE, cpu_set_ids 00007E800C062F00, count 8 stub.
0570:fixme:heap:SetThreadSelectedCpuSets thread FFFFFFFFFFFFFFFE, cpu_set_ids 00007E800C062F00, count 8 stub.
0528:fixme:heap:SetThreadSelectedCpuSets thread FFFFFFFFFFFFFFFE, cpu_set_ids 00007E800C062F80, count 8 stub.
0568:fixme:thread:NtSetInformationThread ThreadPowerThrottling stub!
0568:fixme:heap:SetThreadSelectedCpuSets thread FFFFFFFFFFFFFFFE, cpu_set_ids 00007E800C062F60, count 8 stub.
0400:fixme:file:GetFileInformationByHandleEx 000000000001027C, 16, 00007FFFFE1FB240, 28
05a0:fixme:thread:NtSetInformationThread ThreadPowerThrottling stub!
05a4:fixme:thread:NtSetInformationThread ThreadPowerThrottling stub!
0400:fixme:bcrypt:BCryptGenRandom ignoring selected algorithm
05b8:fixme:thread:NtSetInformationThread ThreadPowerThrottling stub!
05bc:fixme:thread:NtSetInformationThread ThreadPowerThrottling stub!
05c0:fixme:thread:NtSetInformationThread ThreadPowerThrottling stub!
05c4:fixme:thread:NtSetInformationThread ThreadPowerThrottling stub!
05c8:fixme:thread:NtSetInformationThread ThreadPowerThrottling stub!
05cc:fixme:thread:NtSetInformationThread ThreadPowerThrottling stub!
05d0:fixme:thread:NtSetInformationThread ThreadPowerThrottling stub!
05e4:fixme:thread:NtSetInformationThread ThreadPowerThrottling stub!
05d8:fixme:thread:NtSetInformationThread ThreadPowerThrottling stub!
05dc:fixme:thread:NtSetInformationThread ThreadPowerThrottling stub!
05e0:fixme:thread:NtSetInformationThread ThreadPowerThrottling stub!
05d4:fixme:thread:NtSetInformationThread ThreadPowerThrottling stub!
060c:fixme:thread:NtSetInformationThread ThreadPowerThrottling stub!
0604:fixme:thread:NtSetInformationThread ThreadPowerThrottling stub!
0600:fixme:thread:NtSetInformationThread ThreadPowerThrottling stub!
05f8:fixme:thread:NtSetInformationThread ThreadPowerThrottling stub!
0608:fixme:thread:NtSetInformationThread ThreadPowerThrottling stub!
05f4:fixme:thread:NtSetInformationThread ThreadPowerThrottling stub!
05ec:fixme:thread:NtSetInformationThread ThreadPowerThrottling stub!
05e8:fixme:thread:NtSetInformationThread ThreadPowerThrottling stub!
0614:fixme:thread:NtSetInformationThread ThreadPowerThrottling stub!
05f0:fixme:thread:NtSetInformationThread ThreadPowerThrottling stub!
0610:fixme:thread:NtSetInformationThread ThreadPowerThrottling stub!
05fc:fixme:thread:NtSetInformationThread ThreadPowerThrottling stub!
061c:fixme:thread:NtSetInformationThread ThreadPowerThrottling stub!
0620:fixme:thread:NtSetInformationThread ThreadPowerThrottling stub!
061c:fixme:heap:SetThreadSelectedCpuSets thread FFFFFFFFFFFFFFFE, cpu_set_ids 00007E8014007400, count 32 stub.
0624:fixme:ginput:GameInputCreate out 000000015144A2E8, stub!
Error [GENERAL | xrEnumerateInstanceExtensionProperties | OpenXR-Loader] : RuntimeManifestFile::FindManifestFiles - failed to find active runtime file in registry
Error [GENERAL | xrEnumerateInstanceExtensionProperties | OpenXR-Loader] : RuntimeInterface::LoadRuntimes - unknown error
Error [GENERAL | xrEnumerateInstanceExtensionProperties | OpenXR-Loader] : RuntimeInterface::LoadRuntimes - failed to load a runtime
Error [GENERAL | xrEnumerateInstanceExtensionProperties | OpenXR-Loader] : Failed to find default runtime with RuntimeInterface::LoadRuntime()
Error [GENERAL | xrEnumerateInstanceExtensionProperties | OpenXR-Loader] : Failed querying extension properties
[Vulkan Loader] INFO:           Vulkan Loader Version 1.4.335
[Vulkan Loader] INFO:           No valid vk_loader_settings.json file found, no loader settings will be active
[Vulkan Loader] LAYER:          Searching for implicit layer manifest files
[Vulkan Loader] LAYER:             In following locations:
[Vulkan Loader] LAYER:                /home/hans/.config/vulkan/implicit_layer.d
[Vulkan Loader] LAYER:                /home/hans/.config/kdedefaults/vulkan/implicit_layer.d
[Vulkan Loader] LAYER:                /etc/xdg/vulkan/implicit_layer.d
[Vulkan Loader] LAYER:                /etc/vulkan/implicit_layer.d
[Vulkan Loader] LAYER:                /home/hans/.local/share/vulkan/implicit_layer.d
[Vulkan Loader] LAYER:                /home/hans/.local/share/flatpak/exports/share/vulkan/implicit_layer.d
[Vulkan Loader] LAYER:                /var/lib/flatpak/exports/share/vulkan/implicit_layer.d
[Vulkan Loader] LAYER:                /usr/local/share/vulkan/implicit_layer.d
[Vulkan Loader] LAYER:                /usr/share/vulkan/implicit_layer.d
[Vulkan Loader] LAYER:                /etc/eselect/wine/share/vulkan/implicit_layer.d
[Vulkan Loader] LAYER:             Found the following files:
[Vulkan Loader] LAYER:                /etc/vulkan/implicit_layer.d/nvidia_layers.json
[Vulkan Loader] LAYER:                /home/hans/.local/share/vulkan/implicit_layer.d/steamoverlay_i386.json
[Vulkan Loader] LAYER:                /home/hans/.local/share/vulkan/implicit_layer.d/steamoverlay_x86_64.json
[Vulkan Loader] LAYER:                /home/hans/.local/share/vulkan/implicit_layer.d/steamfossilize_i386.json
[Vulkan Loader] LAYER:                /home/hans/.local/share/vulkan/implicit_layer.d/steamfossilize_x86_64.json
[Vulkan Loader] LAYER:                /usr/share/vulkan/implicit_layer.d/VkLayer_MESA_anti_lag.json
[Vulkan Loader] LAYER:                /usr/share/vulkan/implicit_layer.d/MangoHud.x86_64.json
[Vulkan Loader] LAYER:                /usr/share/vulkan/implicit_layer.d/MangoHud.x86.json
[Vulkan Loader] LAYER:                /usr/share/vulkan/implicit_layer.d/VkLayer_MESA_device_select.json
[Vulkan Loader] LAYER:                /usr/share/vulkan/implicit_layer.d/VkLayer_LSFGVK_frame_generation.json
[Vulkan Loader] INFO:           Found manifest file /etc/vulkan/implicit_layer.d/nvidia_layers.json (file version 1.0.1)
[Vulkan Loader] INFO:           Found manifest file /home/hans/.local/share/vulkan/implicit_layer.d/steamoverlay_i386.json (file version 1.0.0)
[Vulkan Loader] INFO:           Found manifest file /home/hans/.local/share/vulkan/implicit_layer.d/steamoverlay_x86_64.json (file version 1.0.0)
[Vulkan Loader] INFO:           Found manifest file /home/hans/.local/share/vulkan/implicit_layer.d/steamfossilize_i386.json (file version 1.0.0)
[Vulkan Loader] INFO:           Found manifest file /home/hans/.local/share/vulkan/implicit_layer.d/steamfossilize_x86_64.json (file version 1.0.0)
[Vulkan Loader] INFO:           Found manifest file /usr/share/vulkan/implicit_layer.d/VkLayer_MESA_anti_lag.json (file version 1.2.1)
[Vulkan Loader] INFO:           Found manifest file /usr/share/vulkan/implicit_layer.d/MangoHud.x86_64.json (file version 1.0.0)
[Vulkan Loader] INFO:           Found manifest file /usr/share/vulkan/implicit_layer.d/MangoHud.x86.json (file version 1.0.0)
[Vulkan Loader] INFO:           Found manifest file /usr/share/vulkan/implicit_layer.d/VkLayer_MESA_device_select.json (file version 1.0.0)
[Vulkan Loader] INFO:           Found manifest file /usr/share/vulkan/implicit_layer.d/VkLayer_LSFGVK_frame_generation.json (file version 1.1.0)
[Vulkan Loader] DRIVER:         Searching for driver manifest files
[Vulkan Loader] DRIVER:            In following locations:
[Vulkan Loader] DRIVER:               /home/hans/.config/vulkan/icd.d
[Vulkan Loader] DRIVER:               /home/hans/.config/kdedefaults/vulkan/icd.d
[Vulkan Loader] DRIVER:               /etc/xdg/vulkan/icd.d
[Vulkan Loader] DRIVER:               /etc/vulkan/icd.d
[Vulkan Loader] DRIVER:               /home/hans/.local/share/vulkan/icd.d
[Vulkan Loader] DRIVER:               /home/hans/.local/share/flatpak/exports/share/vulkan/icd.d
[Vulkan Loader] DRIVER:               /var/lib/flatpak/exports/share/vulkan/icd.d
[Vulkan Loader] DRIVER:               /usr/local/share/vulkan/icd.d
[Vulkan Loader] DRIVER:               /usr/share/vulkan/icd.d
[Vulkan Loader] DRIVER:               /etc/eselect/wine/share/vulkan/icd.d
[Vulkan Loader] DRIVER:            Found the following files:
[Vulkan Loader] DRIVER:               /etc/vulkan/icd.d/nvidia_icd.json
[Vulkan Loader] DRIVER:               /usr/share/vulkan/icd.d/intel_icd.i686.json
[Vulkan Loader] DRIVER:               /usr/share/vulkan/icd.d/intel_hasvk_icd.i686.json
[Vulkan Loader] DRIVER:               /usr/share/vulkan/icd.d/radeon_icd.i686.json
[Vulkan Loader] DRIVER:               /usr/share/vulkan/icd.d/intel_icd.x86_64.json
[Vulkan Loader] DRIVER:               /usr/share/vulkan/icd.d/intel_hasvk_icd.x86_64.json
[Vulkan Loader] DRIVER:               /usr/share/vulkan/icd.d/radeon_icd.x86_64.json
[Vulkan Loader] DRIVER:         Found ICD manifest file /etc/vulkan/icd.d/nvidia_icd.json, version 1.0.1
[Vulkan Loader] DEBUG | DRIVER: Searching for ICD drivers named libGLX_nvidia.so.0
[Vulkan Loader] DRIVER:         Found ICD manifest file /usr/share/vulkan/icd.d/intel_icd.i686.json, version 1.0.1
[Vulkan Loader] DEBUG | DRIVER: Searching for ICD drivers named /usr/lib/libvulkan_intel.so
[Vulkan Loader] INFO:           loader_parse_icd_manifest: Driver library architecture doesn't match the current running architecture, skipping this driver
[Vulkan Loader] DRIVER:         Found ICD manifest file /usr/share/vulkan/icd.d/intel_hasvk_icd.i686.json, version 1.0.1
[Vulkan Loader] DEBUG | DRIVER: Searching for ICD drivers named /usr/lib/libvulkan_intel_hasvk.so
[Vulkan Loader] INFO:           loader_parse_icd_manifest: Driver library architecture doesn't match the current running architecture, skipping this driver
[Vulkan Loader] DRIVER:         Found ICD manifest file /usr/share/vulkan/icd.d/radeon_icd.i686.json, version 1.0.1
[Vulkan Loader] DEBUG | DRIVER: Searching for ICD drivers named /usr/lib/libvulkan_radeon.so
[Vulkan Loader] INFO:           loader_parse_icd_manifest: Driver library architecture doesn't match the current running architecture, skipping this driver
[Vulkan Loader] DRIVER:         Found ICD manifest file /usr/share/vulkan/icd.d/intel_icd.x86_64.json, version 1.0.1
[Vulkan Loader] DEBUG | DRIVER: Searching for ICD drivers named /usr/lib64/libvulkan_intel.so
[Vulkan Loader] DRIVER:         Found ICD manifest file /usr/share/vulkan/icd.d/intel_hasvk_icd.x86_64.json, version 1.0.1
[Vulkan Loader] DEBUG | DRIVER: Searching for ICD drivers named /usr/lib64/libvulkan_intel_hasvk.so
[Vulkan Loader] DRIVER:         Found ICD manifest file /usr/share/vulkan/icd.d/radeon_icd.x86_64.json, version 1.0.1
[Vulkan Loader] DEBUG | DRIVER: Searching for ICD drivers named /usr/lib64/libvulkan_radeon.so
[Vulkan Loader] DRIVER:         Searching for driver manifest files
[Vulkan Loader] DRIVER:            In following locations:
[Vulkan Loader] DRIVER:               /home/hans/.config/vulkan/icd.d
[Vulkan Loader] DRIVER:               /home/hans/.config/kdedefaults/vulkan/icd.d
[Vulkan Loader] DRIVER:               /etc/xdg/vulkan/icd.d
[Vulkan Loader] DRIVER:               /etc/vulkan/icd.d
[Vulkan Loader] DRIVER:               /home/hans/.local/share/vulkan/icd.d
[Vulkan Loader] DRIVER:               /home/hans/.local/share/flatpak/exports/share/vulkan/icd.d
[Vulkan Loader] DRIVER:               /var/lib/flatpak/exports/share/vulkan/icd.d
[Vulkan Loader] DRIVER:               /usr/local/share/vulkan/icd.d
[Vulkan Loader] DRIVER:               /usr/share/vulkan/icd.d
[Vulkan Loader] DRIVER:               /etc/eselect/wine/share/vulkan/icd.d
[Vulkan Loader] DRIVER:            Found the following files:
[Vulkan Loader] DRIVER:               /etc/vulkan/icd.d/nvidia_icd.json
[Vulkan Loader] DRIVER:               /usr/share/vulkan/icd.d/intel_icd.i686.json
[Vulkan Loader] DRIVER:               /usr/share/vulkan/icd.d/intel_hasvk_icd.i686.json
[Vulkan Loader] DRIVER:               /usr/share/vulkan/icd.d/radeon_icd.i686.json
[Vulkan Loader] DRIVER:               /usr/share/vulkan/icd.d/intel_icd.x86_64.json
[Vulkan Loader] DRIVER:               /usr/share/vulkan/icd.d/intel_hasvk_icd.x86_64.json
[Vulkan Loader] DRIVER:               /usr/share/vulkan/icd.d/radeon_icd.x86_64.json
[Vulkan Loader] DRIVER:         Found ICD manifest file /etc/vulkan/icd.d/nvidia_icd.json, version 1.0.1
[Vulkan Loader] DEBUG | DRIVER: Searching for ICD drivers named libGLX_nvidia.so.0
[Vulkan Loader] DRIVER:         Found ICD manifest file /usr/share/vulkan/icd.d/intel_icd.i686.json, version 1.0.1
[Vulkan Loader] DEBUG | DRIVER: Searching for ICD drivers named /usr/lib/libvulkan_intel.so
[Vulkan Loader] INFO:           loader_parse_icd_manifest: Driver library architecture doesn't match the current running architecture, skipping this driver
[Vulkan Loader] DRIVER:         Found ICD manifest file /usr/share/vulkan/icd.d/intel_hasvk_icd.i686.json, version 1.0.1
[Vulkan Loader] DEBUG | DRIVER: Searching for ICD drivers named /usr/lib/libvulkan_intel_hasvk.so
[Vulkan Loader] INFO:           loader_parse_icd_manifest: Driver library architecture doesn't match the current running architecture, skipping this driver
[Vulkan Loader] DRIVER:         Found ICD manifest file /usr/share/vulkan/icd.d/radeon_icd.i686.json, version 1.0.1
[Vulkan Loader] DEBUG | DRIVER: Searching for ICD drivers named /usr/lib/libvulkan_radeon.so
[Vulkan Loader] INFO:           loader_parse_icd_manifest: Driver library architecture doesn't match the current running architecture, skipping this driver
[Vulkan Loader] DRIVER:         Found ICD manifest file /usr/share/vulkan/icd.d/intel_icd.x86_64.json, version 1.0.1
[Vulkan Loader] DEBUG | DRIVER: Searching for ICD drivers named /usr/lib64/libvulkan_intel.so
[Vulkan Loader] DRIVER:         Found ICD manifest file /usr/share/vulkan/icd.d/intel_hasvk_icd.x86_64.json, version 1.0.1
[Vulkan Loader] DEBUG | DRIVER: Searching for ICD drivers named /usr/lib64/libvulkan_intel_hasvk.so
[Vulkan Loader] DRIVER:         Found ICD manifest file /usr/share/vulkan/icd.d/radeon_icd.x86_64.json, version 1.0.1
[Vulkan Loader] DEBUG | DRIVER: Searching for ICD drivers named /usr/lib64/libvulkan_radeon.so
[Vulkan Loader] LAYER:          Searching for implicit layer manifest files
[Vulkan Loader] LAYER:             In following locations:
[Vulkan Loader] LAYER:                /home/hans/.config/vulkan/implicit_layer.d
[Vulkan Loader] LAYER:                /home/hans/.config/kdedefaults/vulkan/implicit_layer.d
[Vulkan Loader] LAYER:                /etc/xdg/vulkan/implicit_layer.d
[Vulkan Loader] LAYER:                /etc/vulkan/implicit_layer.d
[Vulkan Loader] LAYER:                /home/hans/.local/share/vulkan/implicit_layer.d
[Vulkan Loader] LAYER:                /home/hans/.local/share/flatpak/exports/share/vulkan/implicit_layer.d
[Vulkan Loader] LAYER:                /var/lib/flatpak/exports/share/vulkan/implicit_layer.d
[Vulkan Loader] LAYER:                /usr/local/share/vulkan/implicit_layer.d
[Vulkan Loader] LAYER:                /usr/share/vulkan/implicit_layer.d
[Vulkan Loader] LAYER:                /etc/eselect/wine/share/vulkan/implicit_layer.d
[Vulkan Loader] LAYER:             Found the following files:
[Vulkan Loader] LAYER:                /etc/vulkan/implicit_layer.d/nvidia_layers.json
[Vulkan Loader] LAYER:                /home/hans/.local/share/vulkan/implicit_layer.d/steamoverlay_i386.json
[Vulkan Loader] LAYER:                /home/hans/.local/share/vulkan/implicit_layer.d/steamoverlay_x86_64.json
[Vulkan Loader] LAYER:                /home/hans/.local/share/vulkan/implicit_layer.d/steamfossilize_i386.json
[Vulkan Loader] LAYER:                /home/hans/.local/share/vulkan/implicit_layer.d/steamfossilize_x86_64.json
[Vulkan Loader] LAYER:                /usr/share/vulkan/implicit_layer.d/VkLayer_MESA_anti_lag.json
[Vulkan Loader] LAYER:                /usr/share/vulkan/implicit_layer.d/MangoHud.x86_64.json
[Vulkan Loader] LAYER:                /usr/share/vulkan/implicit_layer.d/MangoHud.x86.json
[Vulkan Loader] LAYER:                /usr/share/vulkan/implicit_layer.d/VkLayer_MESA_device_select.json
[Vulkan Loader] LAYER:                /usr/share/vulkan/implicit_layer.d/VkLayer_LSFGVK_frame_generation.json
[Vulkan Loader] INFO:           Found manifest file /etc/vulkan/implicit_layer.d/nvidia_layers.json (file version 1.0.1)
[Vulkan Loader] INFO:           Found manifest file /home/hans/.local/share/vulkan/implicit_layer.d/steamoverlay_i386.json (file version 1.0.0)
[Vulkan Loader] INFO:           Found manifest file /home/hans/.local/share/vulkan/implicit_layer.d/steamoverlay_x86_64.json (file version 1.0.0)
[Vulkan Loader] INFO:           Found manifest file /home/hans/.local/share/vulkan/implicit_layer.d/steamfossilize_i386.json (file version 1.0.0)
[Vulkan Loader] INFO:           Found manifest file /home/hans/.local/share/vulkan/implicit_layer.d/steamfossilize_x86_64.json (file version 1.0.0)
[Vulkan Loader] INFO:           Found manifest file /usr/share/vulkan/implicit_layer.d/VkLayer_MESA_anti_lag.json (file version 1.2.1)
[Vulkan Loader] INFO:           Found manifest file /usr/share/vulkan/implicit_layer.d/MangoHud.x86_64.json (file version 1.0.0)
[Vulkan Loader] INFO:           Found manifest file /usr/share/vulkan/implicit_layer.d/MangoHud.x86.json (file version 1.0.0)
[Vulkan Loader] INFO:           Found manifest file /usr/share/vulkan/implicit_layer.d/VkLayer_MESA_device_select.json (file version 1.0.0)
[Vulkan Loader] INFO:           Found manifest file /usr/share/vulkan/implicit_layer.d/VkLayer_LSFGVK_frame_generation.json (file version 1.1.0)
[Vulkan Loader] INFO:           No valid vk_loader_settings.json file found, no loader settings will be active
[Vulkan Loader] LAYER:          Searching for implicit layer manifest files
[Vulkan Loader] LAYER:             In following locations:
[Vulkan Loader] LAYER:                /home/hans/.config/vulkan/implicit_layer.d
[Vulkan Loader] LAYER:                /home/hans/.config/kdedefaults/vulkan/implicit_layer.d
[Vulkan Loader] LAYER:                /etc/xdg/vulkan/implicit_layer.d
[Vulkan Loader] LAYER:                /etc/vulkan/implicit_layer.d
[Vulkan Loader] LAYER:                /home/hans/.local/share/vulkan/implicit_layer.d
[Vulkan Loader] LAYER:                /home/hans/.local/share/flatpak/exports/share/vulkan/implicit_layer.d
[Vulkan Loader] LAYER:                /var/lib/flatpak/exports/share/vulkan/implicit_layer.d
[Vulkan Loader] LAYER:                /usr/local/share/vulkan/implicit_layer.d
[Vulkan Loader] LAYER:                /usr/share/vulkan/implicit_layer.d
[Vulkan Loader] LAYER:                /etc/eselect/wine/share/vulkan/implicit_layer.d
[Vulkan Loader] LAYER:             Found the following files:
[Vulkan Loader] LAYER:                /etc/vulkan/implicit_layer.d/nvidia_layers.json
[Vulkan Loader] LAYER:                /home/hans/.local/share/vulkan/implicit_layer.d/steamoverlay_i386.json
[Vulkan Loader] LAYER:                /home/hans/.local/share/vulkan/implicit_layer.d/steamoverlay_x86_64.json
[Vulkan Loader] LAYER:                /home/hans/.local/share/vulkan/implicit_layer.d/steamfossilize_i386.json
[Vulkan Loader] LAYER:                /home/hans/.local/share/vulkan/implicit_layer.d/steamfossilize_x86_64.json
[Vulkan Loader] LAYER:                /usr/share/vulkan/implicit_layer.d/VkLayer_MESA_anti_lag.json
[Vulkan Loader] LAYER:                /usr/share/vulkan/implicit_layer.d/MangoHud.x86_64.json
[Vulkan Loader] LAYER:                /usr/share/vulkan/implicit_layer.d/MangoHud.x86.json
[Vulkan Loader] LAYER:                /usr/share/vulkan/implicit_layer.d/VkLayer_MESA_device_select.json
[Vulkan Loader] LAYER:                /usr/share/vulkan/implicit_layer.d/VkLayer_LSFGVK_frame_generation.json
[Vulkan Loader] INFO:           Found manifest file /etc/vulkan/implicit_layer.d/nvidia_layers.json (file version 1.0.1)
[Vulkan Loader] INFO:           Found manifest file /home/hans/.local/share/vulkan/implicit_layer.d/steamoverlay_i386.json (file version 1.0.0)
[Vulkan Loader] INFO:           Found manifest file /home/hans/.local/share/vulkan/implicit_layer.d/steamoverlay_x86_64.json (file version 1.0.0)
[Vulkan Loader] INFO:           Found manifest file /home/hans/.local/share/vulkan/implicit_layer.d/steamfossilize_i386.json (file version 1.0.0)
[Vulkan Loader] INFO:           Found manifest file /home/hans/.local/share/vulkan/implicit_layer.d/steamfossilize_x86_64.json (file version 1.0.0)
[Vulkan Loader] INFO:           Found manifest file /usr/share/vulkan/implicit_layer.d/VkLayer_MESA_anti_lag.json (file version 1.2.1)
[Vulkan Loader] INFO:           Found manifest file /usr/share/vulkan/implicit_layer.d/MangoHud.x86_64.json (file version 1.0.0)
[Vulkan Loader] INFO:           Found manifest file /usr/share/vulkan/implicit_layer.d/MangoHud.x86.json (file version 1.0.0)
[Vulkan Loader] INFO:           Found manifest file /usr/share/vulkan/implicit_layer.d/VkLayer_MESA_device_select.json (file version 1.0.0)
[Vulkan Loader] INFO:           Found manifest file /usr/share/vulkan/implicit_layer.d/VkLayer_LSFGVK_frame_generation.json (file version 1.1.0)
[Vulkan Loader] DRIVER:         Searching for driver manifest files
[Vulkan Loader] DRIVER:            In following locations:
[Vulkan Loader] DRIVER:               /home/hans/.config/vulkan/icd.d
[Vulkan Loader] DRIVER:               /home/hans/.config/kdedefaults/vulkan/icd.d
[Vulkan Loader] DRIVER:               /etc/xdg/vulkan/icd.d
[Vulkan Loader] DRIVER:               /etc/vulkan/icd.d
[Vulkan Loader] DRIVER:               /home/hans/.local/share/vulkan/icd.d
[Vulkan Loader] DRIVER:               /home/hans/.local/share/flatpak/exports/share/vulkan/icd.d
[Vulkan Loader] DRIVER:               /var/lib/flatpak/exports/share/vulkan/icd.d
[Vulkan Loader] DRIVER:               /usr/local/share/vulkan/icd.d
[Vulkan Loader] DRIVER:               /usr/share/vulkan/icd.d
[Vulkan Loader] DRIVER:               /etc/eselect/wine/share/vulkan/icd.d
[Vulkan Loader] DRIVER:            Found the following files:
[Vulkan Loader] DRIVER:               /etc/vulkan/icd.d/nvidia_icd.json
[Vulkan Loader] DRIVER:               /usr/share/vulkan/icd.d/intel_icd.i686.json
[Vulkan Loader] DRIVER:               /usr/share/vulkan/icd.d/intel_hasvk_icd.i686.json
[Vulkan Loader] DRIVER:               /usr/share/vulkan/icd.d/radeon_icd.i686.json
[Vulkan Loader] DRIVER:               /usr/share/vulkan/icd.d/intel_icd.x86_64.json
[Vulkan Loader] DRIVER:               /usr/share/vulkan/icd.d/intel_hasvk_icd.x86_64.json
[Vulkan Loader] DRIVER:               /usr/share/vulkan/icd.d/radeon_icd.x86_64.json
[Vulkan Loader] DRIVER:         Found ICD manifest file /etc/vulkan/icd.d/nvidia_icd.json, version 1.0.1
[Vulkan Loader] DEBUG | DRIVER: Searching for ICD drivers named libGLX_nvidia.so.0
[Vulkan Loader] DRIVER:         Found ICD manifest file /usr/share/vulkan/icd.d/intel_icd.i686.json, version 1.0.1
[Vulkan Loader] DEBUG | DRIVER: Searching for ICD drivers named /usr/lib/libvulkan_intel.so
[Vulkan Loader] INFO:           loader_parse_icd_manifest: Driver library architecture doesn't match the current running architecture, skipping this driver
[Vulkan Loader] DRIVER:         Found ICD manifest file /usr/share/vulkan/icd.d/intel_hasvk_icd.i686.json, version 1.0.1
[Vulkan Loader] DEBUG | DRIVER: Searching for ICD drivers named /usr/lib/libvulkan_intel_hasvk.so
[Vulkan Loader] INFO:           loader_parse_icd_manifest: Driver library architecture doesn't match the current running architecture, skipping this driver
[Vulkan Loader] DRIVER:         Found ICD manifest file /usr/share/vulkan/icd.d/radeon_icd.i686.json, version 1.0.1
[Vulkan Loader] DEBUG | DRIVER: Searching for ICD drivers named /usr/lib/libvulkan_radeon.so
[Vulkan Loader] INFO:           loader_parse_icd_manifest: Driver library architecture doesn't match the current running architecture, skipping this driver
[Vulkan Loader] DRIVER:         Found ICD manifest file /usr/share/vulkan/icd.d/intel_icd.x86_64.json, version 1.0.1
[Vulkan Loader] DEBUG | DRIVER: Searching for ICD drivers named /usr/lib64/libvulkan_intel.so
[Vulkan Loader] DRIVER:         Found ICD manifest file /usr/share/vulkan/icd.d/intel_hasvk_icd.x86_64.json, version 1.0.1
[Vulkan Loader] DEBUG | DRIVER: Searching for ICD drivers named /usr/lib64/libvulkan_intel_hasvk.so
[Vulkan Loader] DRIVER:         Found ICD manifest file /usr/share/vulkan/icd.d/radeon_icd.x86_64.json, version 1.0.1
[Vulkan Loader] DEBUG | DRIVER: Searching for ICD drivers named /usr/lib64/libvulkan_radeon.so
[Vulkan Loader] LAYER:          Searching for implicit layer manifest files
[Vulkan Loader] LAYER:             In following locations:
[Vulkan Loader] LAYER:                /home/hans/.config/vulkan/implicit_layer.d
[Vulkan Loader] LAYER:                /home/hans/.config/kdedefaults/vulkan/implicit_layer.d
[Vulkan Loader] LAYER:                /etc/xdg/vulkan/implicit_layer.d
[Vulkan Loader] LAYER:                /etc/vulkan/implicit_layer.d
[Vulkan Loader] LAYER:                /home/hans/.local/share/vulkan/implicit_layer.d
[Vulkan Loader] LAYER:                /home/hans/.local/share/flatpak/exports/share/vulkan/implicit_layer.d
[Vulkan Loader] LAYER:                /var/lib/flatpak/exports/share/vulkan/implicit_layer.d
[Vulkan Loader] LAYER:                /usr/local/share/vulkan/implicit_layer.d
[Vulkan Loader] LAYER:                /usr/share/vulkan/implicit_layer.d
[Vulkan Loader] LAYER:                /etc/eselect/wine/share/vulkan/implicit_layer.d
[Vulkan Loader] LAYER:             Found the following files:
[Vulkan Loader] LAYER:                /etc/vulkan/implicit_layer.d/nvidia_layers.json
[Vulkan Loader] LAYER:                /home/hans/.local/share/vulkan/implicit_layer.d/steamoverlay_i386.json
[Vulkan Loader] LAYER:                /home/hans/.local/share/vulkan/implicit_layer.d/steamoverlay_x86_64.json
[Vulkan Loader] LAYER:                /home/hans/.local/share/vulkan/implicit_layer.d/steamfossilize_i386.json
[Vulkan Loader] LAYER:                /home/hans/.local/share/vulkan/implicit_layer.d/steamfossilize_x86_64.json
[Vulkan Loader] LAYER:                /usr/share/vulkan/implicit_layer.d/VkLayer_MESA_anti_lag.json
[Vulkan Loader] LAYER:                /usr/share/vulkan/implicit_layer.d/MangoHud.x86_64.json
[Vulkan Loader] LAYER:                /usr/share/vulkan/implicit_layer.d/MangoHud.x86.json
[Vulkan Loader] LAYER:                /usr/share/vulkan/implicit_layer.d/VkLayer_MESA_device_select.json
[Vulkan Loader] LAYER:                /usr/share/vulkan/implicit_layer.d/VkLayer_LSFGVK_frame_generation.json
[Vulkan Loader] INFO:           Found manifest file /etc/vulkan/implicit_layer.d/nvidia_layers.json (file version 1.0.1)
[Vulkan Loader] INFO:           Found manifest file /home/hans/.local/share/vulkan/implicit_layer.d/steamoverlay_i386.json (file version 1.0.0)
[Vulkan Loader] INFO:           Found manifest file /home/hans/.local/share/vulkan/implicit_layer.d/steamoverlay_x86_64.json (file version 1.0.0)
[Vulkan Loader] INFO:           Found manifest file /home/hans/.local/share/vulkan/implicit_layer.d/steamfossilize_i386.json (file version 1.0.0)
[Vulkan Loader] INFO:           Found manifest file /home/hans/.local/share/vulkan/implicit_layer.d/steamfossilize_x86_64.json (file version 1.0.0)
[Vulkan Loader] INFO:           Found manifest file /usr/share/vulkan/implicit_layer.d/VkLayer_MESA_anti_lag.json (file version 1.2.1)
[Vulkan Loader] INFO:           Found manifest file /usr/share/vulkan/implicit_layer.d/MangoHud.x86_64.json (file version 1.0.0)
[Vulkan Loader] INFO:           Found manifest file /usr/share/vulkan/implicit_layer.d/MangoHud.x86.json (file version 1.0.0)
[Vulkan Loader] INFO:           Found manifest file /usr/share/vulkan/implicit_layer.d/VkLayer_MESA_device_select.json (file version 1.0.0)
[Vulkan Loader] INFO:           Found manifest file /usr/share/vulkan/implicit_layer.d/VkLayer_LSFGVK_frame_generation.json (file version 1.1.0)
[Vulkan Loader] INFO:           No valid vk_loader_settings.json file found, no loader settings will be active
[Vulkan Loader] LAYER:          Searching for implicit layer manifest files
[Vulkan Loader] LAYER:             In following locations:
[Vulkan Loader] LAYER:                /home/hans/.config/vulkan/implicit_layer.d
[Vulkan Loader] LAYER:                /home/hans/.config/kdedefaults/vulkan/implicit_layer.d
[Vulkan Loader] LAYER:                /etc/xdg/vulkan/implicit_layer.d
[Vulkan Loader] LAYER:                /etc/vulkan/implicit_layer.d
[Vulkan Loader] LAYER:                /home/hans/.local/share/vulkan/implicit_layer.d
[Vulkan Loader] LAYER:                /home/hans/.local/share/flatpak/exports/share/vulkan/implicit_layer.d
[Vulkan Loader] LAYER:                /var/lib/flatpak/exports/share/vulkan/implicit_layer.d
[Vulkan Loader] LAYER:                /usr/local/share/vulkan/implicit_layer.d
[Vulkan Loader] LAYER:                /usr/share/vulkan/implicit_layer.d
[Vulkan Loader] LAYER:                /etc/eselect/wine/share/vulkan/implicit_layer.d
[Vulkan Loader] LAYER:             Found the following files:
[Vulkan Loader] LAYER:                /etc/vulkan/implicit_layer.d/nvidia_layers.json
[Vulkan Loader] LAYER:                /home/hans/.local/share/vulkan/implicit_layer.d/steamoverlay_i386.json
[Vulkan Loader] LAYER:                /home/hans/.local/share/vulkan/implicit_layer.d/steamoverlay_x86_64.json
[Vulkan Loader] LAYER:                /home/hans/.local/share/vulkan/implicit_layer.d/steamfossilize_i386.json
[Vulkan Loader] LAYER:                /home/hans/.local/share/vulkan/implicit_layer.d/steamfossilize_x86_64.json
[Vulkan Loader] LAYER:                /usr/share/vulkan/implicit_layer.d/VkLayer_MESA_anti_lag.json
[Vulkan Loader] LAYER:                /usr/share/vulkan/implicit_layer.d/MangoHud.x86_64.json
[Vulkan Loader] LAYER:                /usr/share/vulkan/implicit_layer.d/MangoHud.x86.json
[Vulkan Loader] LAYER:                /usr/share/vulkan/implicit_layer.d/VkLayer_MESA_device_select.json
[Vulkan Loader] LAYER:                /usr/share/vulkan/implicit_layer.d/VkLayer_LSFGVK_frame_generation.json
[Vulkan Loader] INFO:           Found manifest file /etc/vulkan/implicit_layer.d/nvidia_layers.json (file version 1.0.1)
[Vulkan Loader] INFO:           Found manifest file /home/hans/.local/share/vulkan/implicit_layer.d/steamoverlay_i386.json (file version 1.0.0)
[Vulkan Loader] INFO:           Found manifest file /home/hans/.local/share/vulkan/implicit_layer.d/steamoverlay_x86_64.json (file version 1.0.0)
[Vulkan Loader] INFO:           Found manifest file /home/hans/.local/share/vulkan/implicit_layer.d/steamfossilize_i386.json (file version 1.0.0)
[Vulkan Loader] INFO:           Found manifest file /home/hans/.local/share/vulkan/implicit_layer.d/steamfossilize_x86_64.json (file version 1.0.0)
[Vulkan Loader] INFO:           Found manifest file /usr/share/vulkan/implicit_layer.d/VkLayer_MESA_anti_lag.json (file version 1.2.1)
[Vulkan Loader] INFO:           Found manifest file /usr/share/vulkan/implicit_layer.d/MangoHud.x86_64.json (file version 1.0.0)
[Vulkan Loader] INFO:           Found manifest file /usr/share/vulkan/implicit_layer.d/MangoHud.x86.json (file version 1.0.0)
[Vulkan Loader] INFO:           Found manifest file /usr/share/vulkan/implicit_layer.d/VkLayer_MESA_device_select.json (file version 1.0.0)
[Vulkan Loader] INFO:           Found manifest file /usr/share/vulkan/implicit_layer.d/VkLayer_LSFGVK_frame_generation.json (file version 1.1.0)
[Vulkan Loader] DRIVER:         Searching for driver manifest files
[Vulkan Loader] DRIVER:            In following locations:
[Vulkan Loader] DRIVER:               /home/hans/.config/vulkan/icd.d
[Vulkan Loader] DRIVER:               /home/hans/.config/kdedefaults/vulkan/icd.d
[Vulkan Loader] DRIVER:               /etc/xdg/vulkan/icd.d
[Vulkan Loader] DRIVER:               /etc/vulkan/icd.d
[Vulkan Loader] DRIVER:               /home/hans/.local/share/vulkan/icd.d
[Vulkan Loader] DRIVER:               /home/hans/.local/share/flatpak/exports/share/vulkan/icd.d
[Vulkan Loader] DRIVER:               /var/lib/flatpak/exports/share/vulkan/icd.d
[Vulkan Loader] DRIVER:               /usr/local/share/vulkan/icd.d
[Vulkan Loader] DRIVER:               /usr/share/vulkan/icd.d
[Vulkan Loader] DRIVER:               /etc/eselect/wine/share/vulkan/icd.d
[Vulkan Loader] DRIVER:            Found the following files:
[Vulkan Loader] DRIVER:               /etc/vulkan/icd.d/nvidia_icd.json
[Vulkan Loader] DRIVER:               /usr/share/vulkan/icd.d/intel_icd.i686.json
[Vulkan Loader] DRIVER:               /usr/share/vulkan/icd.d/intel_hasvk_icd.i686.json
[Vulkan Loader] DRIVER:               /usr/share/vulkan/icd.d/radeon_icd.i686.json
[Vulkan Loader] DRIVER:               /usr/share/vulkan/icd.d/intel_icd.x86_64.json
[Vulkan Loader] DRIVER:               /usr/share/vulkan/icd.d/intel_hasvk_icd.x86_64.json
[Vulkan Loader] DRIVER:               /usr/share/vulkan/icd.d/radeon_icd.x86_64.json
[Vulkan Loader] DRIVER:         Found ICD manifest file /etc/vulkan/icd.d/nvidia_icd.json, version 1.0.1
[Vulkan Loader] DEBUG | DRIVER: Searching for ICD drivers named libGLX_nvidia.so.0
[Vulkan Loader] DRIVER:         Found ICD manifest file /usr/share/vulkan/icd.d/intel_icd.i686.json, version 1.0.1
[Vulkan Loader] DEBUG | DRIVER: Searching for ICD drivers named /usr/lib/libvulkan_intel.so
[Vulkan Loader] INFO:           loader_parse_icd_manifest: Driver library architecture doesn't match the current running architecture, skipping this driver
[Vulkan Loader] DRIVER:         Found ICD manifest file /usr/share/vulkan/icd.d/intel_hasvk_icd.i686.json, version 1.0.1
[Vulkan Loader] DEBUG | DRIVER: Searching for ICD drivers named /usr/lib/libvulkan_intel_hasvk.so
[Vulkan Loader] INFO:           loader_parse_icd_manifest: Driver library architecture doesn't match the current running architecture, skipping this driver
[Vulkan Loader] DRIVER:         Found ICD manifest file /usr/share/vulkan/icd.d/radeon_icd.i686.json, version 1.0.1
[Vulkan Loader] DEBUG | DRIVER: Searching for ICD drivers named /usr/lib/libvulkan_radeon.so
[Vulkan Loader] INFO:           loader_parse_icd_manifest: Driver library architecture doesn't match the current running architecture, skipping this driver
[Vulkan Loader] DRIVER:         Found ICD manifest file /usr/share/vulkan/icd.d/intel_icd.x86_64.json, version 1.0.1
[Vulkan Loader] DEBUG | DRIVER: Searching for ICD drivers named /usr/lib64/libvulkan_intel.so
[Vulkan Loader] DRIVER:         Found ICD manifest file /usr/share/vulkan/icd.d/intel_hasvk_icd.x86_64.json, version 1.0.1
[Vulkan Loader] DEBUG | DRIVER: Searching for ICD drivers named /usr/lib64/libvulkan_intel_hasvk.so
[Vulkan Loader] DRIVER:         Found ICD manifest file /usr/share/vulkan/icd.d/radeon_icd.x86_64.json, version 1.0.1
[Vulkan Loader] DEBUG | DRIVER: Searching for ICD drivers named /usr/lib64/libvulkan_radeon.so
[Vulkan Loader] LAYER:          Searching for implicit layer manifest files
[Vulkan Loader] LAYER:             In following locations:
[Vulkan Loader] LAYER:                /home/hans/.config/vulkan/implicit_layer.d
[Vulkan Loader] LAYER:                /home/hans/.config/kdedefaults/vulkan/implicit_layer.d
[Vulkan Loader] LAYER:                /etc/xdg/vulkan/implicit_layer.d
[Vulkan Loader] LAYER:                /etc/vulkan/implicit_layer.d
[Vulkan Loader] LAYER:                /home/hans/.local/share/vulkan/implicit_layer.d
[Vulkan Loader] LAYER:                /home/hans/.local/share/flatpak/exports/share/vulkan/implicit_layer.d
[Vulkan Loader] LAYER:                /var/lib/flatpak/exports/share/vulkan/implicit_layer.d
[Vulkan Loader] LAYER:                /usr/local/share/vulkan/implicit_layer.d
[Vulkan Loader] LAYER:                /usr/share/vulkan/implicit_layer.d
[Vulkan Loader] LAYER:                /etc/eselect/wine/share/vulkan/implicit_layer.d
[Vulkan Loader] LAYER:             Found the following files:
[Vulkan Loader] LAYER:                /etc/vulkan/implicit_layer.d/nvidia_layers.json
[Vulkan Loader] LAYER:                /home/hans/.local/share/vulkan/implicit_layer.d/steamoverlay_i386.json
[Vulkan Loader] LAYER:                /home/hans/.local/share/vulkan/implicit_layer.d/steamoverlay_x86_64.json
[Vulkan Loader] LAYER:                /home/hans/.local/share/vulkan/implicit_layer.d/steamfossilize_i386.json
[Vulkan Loader] LAYER:                /home/hans/.local/share/vulkan/implicit_layer.d/steamfossilize_x86_64.json
[Vulkan Loader] LAYER:                /usr/share/vulkan/implicit_layer.d/VkLayer_MESA_anti_lag.json
[Vulkan Loader] LAYER:                /usr/share/vulkan/implicit_layer.d/MangoHud.x86_64.json
[Vulkan Loader] LAYER:                /usr/share/vulkan/implicit_layer.d/MangoHud.x86.json
[Vulkan Loader] LAYER:                /usr/share/vulkan/implicit_layer.d/VkLayer_MESA_device_select.json
[Vulkan Loader] LAYER:                /usr/share/vulkan/implicit_layer.d/VkLayer_LSFGVK_frame_generation.json
[Vulkan Loader] INFO:           Found manifest file /etc/vulkan/implicit_layer.d/nvidia_layers.json (file version 1.0.1)
[Vulkan Loader] INFO:           Found manifest file /home/hans/.local/share/vulkan/implicit_layer.d/steamoverlay_i386.json (file version 1.0.0)
[Vulkan Loader] INFO:           Found manifest file /home/hans/.local/share/vulkan/implicit_layer.d/steamoverlay_x86_64.json (file version 1.0.0)
[Vulkan Loader] INFO:           Found manifest file /home/hans/.local/share/vulkan/implicit_layer.d/steamfossilize_i386.json (file version 1.0.0)
[Vulkan Loader] INFO:           Found manifest file /home/hans/.local/share/vulkan/implicit_layer.d/steamfossilize_x86_64.json (file version 1.0.0)
[Vulkan Loader] INFO:           Found manifest file /usr/share/vulkan/implicit_layer.d/VkLayer_MESA_anti_lag.json (file version 1.2.1)
[Vulkan Loader] INFO:           Found manifest file /usr/share/vulkan/implicit_layer.d/MangoHud.x86_64.json (file version 1.0.0)
[Vulkan Loader] INFO:           Found manifest file /usr/share/vulkan/implicit_layer.d/MangoHud.x86.json (file version 1.0.0)
[Vulkan Loader] INFO:           Found manifest file /usr/share/vulkan/implicit_layer.d/VkLayer_MESA_device_select.json (file version 1.0.0)
[Vulkan Loader] INFO:           Found manifest file /usr/share/vulkan/implicit_layer.d/VkLayer_LSFGVK_frame_generation.json (file version 1.1.0)
[Vulkan Loader] INFO:           No valid vk_loader_settings.json file found, no loader settings will be active
[Vulkan Loader] LAYER:          Searching for implicit layer manifest files
[Vulkan Loader] LAYER:             In following locations:
[Vulkan Loader] LAYER:                /home/hans/.config/vulkan/implicit_layer.d
[Vulkan Loader] LAYER:                /home/hans/.config/kdedefaults/vulkan/implicit_layer.d
[Vulkan Loader] LAYER:                /etc/xdg/vulkan/implicit_layer.d
[Vulkan Loader] LAYER:                /etc/vulkan/implicit_layer.d
[Vulkan Loader] LAYER:                /home/hans/.local/share/vulkan/implicit_layer.d
[Vulkan Loader] LAYER:                /home/hans/.local/share/flatpak/exports/share/vulkan/implicit_layer.d
[Vulkan Loader] LAYER:                /var/lib/flatpak/exports/share/vulkan/implicit_layer.d
[Vulkan Loader] LAYER:                /usr/local/share/vulkan/implicit_layer.d
[Vulkan Loader] LAYER:                /usr/share/vulkan/implicit_layer.d
[Vulkan Loader] LAYER:                /etc/eselect/wine/share/vulkan/implicit_layer.d
[Vulkan Loader] LAYER:             Found the following files:
[Vulkan Loader] LAYER:                /etc/vulkan/implicit_layer.d/nvidia_layers.json
[Vulkan Loader] LAYER:                /home/hans/.local/share/vulkan/implicit_layer.d/steamoverlay_i386.json
[Vulkan Loader] LAYER:                /home/hans/.local/share/vulkan/implicit_layer.d/steamoverlay_x86_64.json
[Vulkan Loader] LAYER:                /home/hans/.local/share/vulkan/implicit_layer.d/steamfossilize_i386.json
[Vulkan Loader] LAYER:                /home/hans/.local/share/vulkan/implicit_layer.d/steamfossilize_x86_64.json
[Vulkan Loader] LAYER:                /usr/share/vulkan/implicit_layer.d/VkLayer_MESA_anti_lag.json
[Vulkan Loader] LAYER:                /usr/share/vulkan/implicit_layer.d/MangoHud.x86_64.json
[Vulkan Loader] LAYER:                /usr/share/vulkan/implicit_layer.d/MangoHud.x86.json
[Vulkan Loader] LAYER:                /usr/share/vulkan/implicit_layer.d/VkLayer_MESA_device_select.json
[Vulkan Loader] LAYER:                /usr/share/vulkan/implicit_layer.d/VkLayer_LSFGVK_frame_generation.json
[Vulkan Loader] INFO:           Found manifest file /etc/vulkan/implicit_layer.d/nvidia_layers.json (file version 1.0.1)
[Vulkan Loader] INFO:           Found manifest file /home/hans/.local/share/vulkan/implicit_layer.d/steamoverlay_i386.json (file version 1.0.0)
[Vulkan Loader] INFO:           Found manifest file /home/hans/.local/share/vulkan/implicit_layer.d/steamoverlay_x86_64.json (file version 1.0.0)
[Vulkan Loader] INFO:           Found manifest file /home/hans/.local/share/vulkan/implicit_layer.d/steamfossilize_i386.json (file version 1.0.0)
[Vulkan Loader] INFO:           Found manifest file /home/hans/.local/share/vulkan/implicit_layer.d/steamfossilize_x86_64.json (file version 1.0.0)
[Vulkan Loader] INFO:           Found manifest file /usr/share/vulkan/implicit_layer.d/VkLayer_MESA_anti_lag.json (file version 1.2.1)
[Vulkan Loader] INFO:           Found manifest file /usr/share/vulkan/implicit_layer.d/MangoHud.x86_64.json (file version 1.0.0)
[Vulkan Loader] INFO:           Found manifest file /usr/share/vulkan/implicit_layer.d/MangoHud.x86.json (file version 1.0.0)
[Vulkan Loader] INFO:           Found manifest file /usr/share/vulkan/implicit_layer.d/VkLayer_MESA_device_select.json (file version 1.0.0)
[Vulkan Loader] INFO:           Found manifest file /usr/share/vulkan/implicit_layer.d/VkLayer_LSFGVK_frame_generation.json (file version 1.1.0)
[Vulkan Loader] DRIVER:         Searching for driver manifest files
[Vulkan Loader] DRIVER:            In following locations:
[Vulkan Loader] DRIVER:               /home/hans/.config/vulkan/icd.d
[Vulkan Loader] DRIVER:               /home/hans/.config/kdedefaults/vulkan/icd.d
[Vulkan Loader] DRIVER:               /etc/xdg/vulkan/icd.d
[Vulkan Loader] DRIVER:               /etc/vulkan/icd.d
[Vulkan Loader] DRIVER:               /home/hans/.local/share/vulkan/icd.d
[Vulkan Loader] DRIVER:               /home/hans/.local/share/flatpak/exports/share/vulkan/icd.d
[Vulkan Loader] DRIVER:               /var/lib/flatpak/exports/share/vulkan/icd.d
[Vulkan Loader] DRIVER:               /usr/local/share/vulkan/icd.d
[Vulkan Loader] DRIVER:               /usr/share/vulkan/icd.d
[Vulkan Loader] DRIVER:               /etc/eselect/wine/share/vulkan/icd.d
[Vulkan Loader] DRIVER:            Found the following files:
[Vulkan Loader] DRIVER:               /etc/vulkan/icd.d/nvidia_icd.json
[Vulkan Loader] DRIVER:               /usr/share/vulkan/icd.d/intel_icd.i686.json
[Vulkan Loader] DRIVER:               /usr/share/vulkan/icd.d/intel_hasvk_icd.i686.json
[Vulkan Loader] DRIVER:               /usr/share/vulkan/icd.d/radeon_icd.i686.json
[Vulkan Loader] DRIVER:               /usr/share/vulkan/icd.d/intel_icd.x86_64.json
[Vulkan Loader] DRIVER:               /usr/share/vulkan/icd.d/intel_hasvk_icd.x86_64.json
[Vulkan Loader] DRIVER:               /usr/share/vulkan/icd.d/radeon_icd.x86_64.json
[Vulkan Loader] DRIVER:         Found ICD manifest file /etc/vulkan/icd.d/nvidia_icd.json, version 1.0.1
[Vulkan Loader] DEBUG | DRIVER: Searching for ICD drivers named libGLX_nvidia.so.0
[Vulkan Loader] DRIVER:         Found ICD manifest file /usr/share/vulkan/icd.d/intel_icd.i686.json, version 1.0.1
[Vulkan Loader] DEBUG | DRIVER: Searching for ICD drivers named /usr/lib/libvulkan_intel.so
[Vulkan Loader] INFO:           loader_parse_icd_manifest: Driver library architecture doesn't match the current running architecture, skipping this driver
[Vulkan Loader] DRIVER:         Found ICD manifest file /usr/share/vulkan/icd.d/intel_hasvk_icd.i686.json, version 1.0.1
[Vulkan Loader] DEBUG | DRIVER: Searching for ICD drivers named /usr/lib/libvulkan_intel_hasvk.so
[Vulkan Loader] INFO:           loader_parse_icd_manifest: Driver library architecture doesn't match the current running architecture, skipping this driver
[Vulkan Loader] DRIVER:         Found ICD manifest file /usr/share/vulkan/icd.d/radeon_icd.i686.json, version 1.0.1
[Vulkan Loader] DEBUG | DRIVER: Searching for ICD drivers named /usr/lib/libvulkan_radeon.so
[Vulkan Loader] INFO:           loader_parse_icd_manifest: Driver library architecture doesn't match the current running architecture, skipping this driver
[Vulkan Loader] DRIVER:         Found ICD manifest file /usr/share/vulkan/icd.d/intel_icd.x86_64.json, version 1.0.1
[Vulkan Loader] DEBUG | DRIVER: Searching for ICD drivers named /usr/lib64/libvulkan_intel.so
[Vulkan Loader] DRIVER:         Found ICD manifest file /usr/share/vulkan/icd.d/intel_hasvk_icd.x86_64.json, version 1.0.1
[Vulkan Loader] DEBUG | DRIVER: Searching for ICD drivers named /usr/lib64/libvulkan_intel_hasvk.so
[Vulkan Loader] DRIVER:         Found ICD manifest file /usr/share/vulkan/icd.d/radeon_icd.x86_64.json, version 1.0.1
[Vulkan Loader] DEBUG | DRIVER: Searching for ICD drivers named /usr/lib64/libvulkan_radeon.so
[Vulkan Loader] LAYER:          Searching for implicit layer manifest files
[Vulkan Loader] LAYER:             In following locations:
[Vulkan Loader] LAYER:                /home/hans/.config/vulkan/implicit_layer.d
[Vulkan Loader] LAYER:                /home/hans/.config/kdedefaults/vulkan/implicit_layer.d
[Vulkan Loader] LAYER:                /etc/xdg/vulkan/implicit_layer.d
[Vulkan Loader] LAYER:                /etc/vulkan/implicit_layer.d
[Vulkan Loader] LAYER:                /home/hans/.local/share/vulkan/implicit_layer.d
[Vulkan Loader] LAYER:                /home/hans/.local/share/flatpak/exports/share/vulkan/implicit_layer.d
[Vulkan Loader] LAYER:                /var/lib/flatpak/exports/share/vulkan/implicit_layer.d
[Vulkan Loader] LAYER:                /usr/local/share/vulkan/implicit_layer.d
[Vulkan Loader] LAYER:                /usr/share/vulkan/implicit_layer.d
[Vulkan Loader] LAYER:                /etc/eselect/wine/share/vulkan/implicit_layer.d
[Vulkan Loader] LAYER:             Found the following files:
[Vulkan Loader] LAYER:                /etc/vulkan/implicit_layer.d/nvidia_layers.json
[Vulkan Loader] LAYER:                /home/hans/.local/share/vulkan/implicit_layer.d/steamoverlay_i386.json
[Vulkan Loader] LAYER:                /home/hans/.local/share/vulkan/implicit_layer.d/steamoverlay_x86_64.json
[Vulkan Loader] LAYER:                /home/hans/.local/share/vulkan/implicit_layer.d/steamfossilize_i386.json
[Vulkan Loader] LAYER:                /home/hans/.local/share/vulkan/implicit_layer.d/steamfossilize_x86_64.json
[Vulkan Loader] LAYER:                /usr/share/vulkan/implicit_layer.d/VkLayer_MESA_anti_lag.json
[Vulkan Loader] LAYER:                /usr/share/vulkan/implicit_layer.d/MangoHud.x86_64.json
[Vulkan Loader] LAYER:                /usr/share/vulkan/implicit_layer.d/MangoHud.x86.json
[Vulkan Loader] LAYER:                /usr/share/vulkan/implicit_layer.d/VkLayer_MESA_device_select.json
[Vulkan Loader] LAYER:                /usr/share/vulkan/implicit_layer.d/VkLayer_LSFGVK_frame_generation.json
[Vulkan Loader] INFO:           Found manifest file /etc/vulkan/implicit_layer.d/nvidia_layers.json (file version 1.0.1)
[Vulkan Loader] INFO:           Found manifest file /home/hans/.local/share/vulkan/implicit_layer.d/steamoverlay_i386.json (file version 1.0.0)
[Vulkan Loader] INFO:           Found manifest file /home/hans/.local/share/vulkan/implicit_layer.d/steamoverlay_x86_64.json (file version 1.0.0)
[Vulkan Loader] INFO:           Found manifest file /home/hans/.local/share/vulkan/implicit_layer.d/steamfossilize_i386.json (file version 1.0.0)
[Vulkan Loader] INFO:           Found manifest file /home/hans/.local/share/vulkan/implicit_layer.d/steamfossilize_x86_64.json (file version 1.0.0)
[Vulkan Loader] INFO:           Found manifest file /usr/share/vulkan/implicit_layer.d/VkLayer_MESA_anti_lag.json (file version 1.2.1)
[Vulkan Loader] INFO:           Found manifest file /usr/share/vulkan/implicit_layer.d/MangoHud.x86_64.json (file version 1.0.0)
[Vulkan Loader] INFO:           Found manifest file /usr/share/vulkan/implicit_layer.d/MangoHud.x86.json (file version 1.0.0)
[Vulkan Loader] INFO:           Found manifest file /usr/share/vulkan/implicit_layer.d/VkLayer_MESA_device_select.json (file version 1.0.0)
[Vulkan Loader] INFO:           Found manifest file /usr/share/vulkan/implicit_layer.d/VkLayer_LSFGVK_frame_generation.json (file version 1.1.0)
[Vulkan Loader] INFO:           No valid vk_loader_settings.json file found, no loader settings will be active
[Vulkan Loader] LAYER:          Searching for implicit layer manifest files
[Vulkan Loader] LAYER:             In following locations:
[Vulkan Loader] LAYER:                /home/hans/.config/vulkan/implicit_layer.d
[Vulkan Loader] LAYER:                /home/hans/.config/kdedefaults/vulkan/implicit_layer.d
[Vulkan Loader] LAYER:                /etc/xdg/vulkan/implicit_layer.d
[Vulkan Loader] LAYER:                /etc/vulkan/implicit_layer.d
[Vulkan Loader] LAYER:                /home/hans/.local/share/vulkan/implicit_layer.d
[Vulkan Loader] LAYER:                /home/hans/.local/share/flatpak/exports/share/vulkan/implicit_layer.d
[Vulkan Loader] LAYER:                /var/lib/flatpak/exports/share/vulkan/implicit_layer.d
[Vulkan Loader] LAYER:                /usr/local/share/vulkan/implicit_layer.d
[Vulkan Loader] LAYER:                /usr/share/vulkan/implicit_layer.d
[Vulkan Loader] LAYER:                /etc/eselect/wine/share/vulkan/implicit_layer.d
[Vulkan Loader] LAYER:             Found the following files:
[Vulkan Loader] LAYER:                /etc/vulkan/implicit_layer.d/nvidia_layers.json
[Vulkan Loader] LAYER:                /home/hans/.local/share/vulkan/implicit_layer.d/steamoverlay_i386.json
[Vulkan Loader] LAYER:                /home/hans/.local/share/vulkan/implicit_layer.d/steamoverlay_x86_64.json
[Vulkan Loader] LAYER:                /home/hans/.local/share/vulkan/implicit_layer.d/steamfossilize_i386.json
[Vulkan Loader] LAYER:                /home/hans/.local/share/vulkan/implicit_layer.d/steamfossilize_x86_64.json
[Vulkan Loader] LAYER:                /usr/share/vulkan/implicit_layer.d/VkLayer_MESA_anti_lag.json
[Vulkan Loader] LAYER:                /usr/share/vulkan/implicit_layer.d/MangoHud.x86_64.json
[Vulkan Loader] LAYER:                /usr/share/vulkan/implicit_layer.d/MangoHud.x86.json
[Vulkan Loader] LAYER:                /usr/share/vulkan/implicit_layer.d/VkLayer_MESA_device_select.json
[Vulkan Loader] LAYER:                /usr/share/vulkan/implicit_layer.d/VkLayer_LSFGVK_frame_generation.json
[Vulkan Loader] INFO:           Found manifest file /etc/vulkan/implicit_layer.d/nvidia_layers.json (file version 1.0.1)
[Vulkan Loader] INFO:           Found manifest file /home/hans/.local/share/vulkan/implicit_layer.d/steamoverlay_i386.json (file version 1.0.0)
[Vulkan Loader] INFO:           Found manifest file /home/hans/.local/share/vulkan/implicit_layer.d/steamoverlay_x86_64.json (file version 1.0.0)
[Vulkan Loader] INFO:           Found manifest file /home/hans/.local/share/vulkan/implicit_layer.d/steamfossilize_i386.json (file version 1.0.0)
[Vulkan Loader] INFO:           Found manifest file /home/hans/.local/share/vulkan/implicit_layer.d/steamfossilize_x86_64.json (file version 1.0.0)
[Vulkan Loader] INFO:           Found manifest file /usr/share/vulkan/implicit_layer.d/VkLayer_MESA_anti_lag.json (file version 1.2.1)
[Vulkan Loader] INFO:           Found manifest file /usr/share/vulkan/implicit_layer.d/MangoHud.x86_64.json (file version 1.0.0)
[Vulkan Loader] INFO:           Found manifest file /usr/share/vulkan/implicit_layer.d/MangoHud.x86.json (file version 1.0.0)
[Vulkan Loader] INFO:           Found manifest file /usr/share/vulkan/implicit_layer.d/VkLayer_MESA_device_select.json (file version 1.0.0)
[Vulkan Loader] INFO:           Found manifest file /usr/share/vulkan/implicit_layer.d/VkLayer_LSFGVK_frame_generation.json (file version 1.1.0)
[Vulkan Loader] DRIVER:         Searching for driver manifest files
[Vulkan Loader] DRIVER:            In following locations:
[Vulkan Loader] DRIVER:               /home/hans/.config/vulkan/icd.d
[Vulkan Loader] DRIVER:               /home/hans/.config/kdedefaults/vulkan/icd.d
[Vulkan Loader] DRIVER:               /etc/xdg/vulkan/icd.d
[Vulkan Loader] DRIVER:               /etc/vulkan/icd.d
[Vulkan Loader] DRIVER:               /home/hans/.local/share/vulkan/icd.d
[Vulkan Loader] DRIVER:               /home/hans/.local/share/flatpak/exports/share/vulkan/icd.d
[Vulkan Loader] DRIVER:               /var/lib/flatpak/exports/share/vulkan/icd.d
[Vulkan Loader] DRIVER:               /usr/local/share/vulkan/icd.d
[Vulkan Loader] DRIVER:               /usr/share/vulkan/icd.d
[Vulkan Loader] DRIVER:               /etc/eselect/wine/share/vulkan/icd.d
[Vulkan Loader] DRIVER:            Found the following files:
[Vulkan Loader] DRIVER:               /etc/vulkan/icd.d/nvidia_icd.json
[Vulkan Loader] DRIVER:               /usr/share/vulkan/icd.d/intel_icd.i686.json
[Vulkan Loader] DRIVER:               /usr/share/vulkan/icd.d/intel_hasvk_icd.i686.json
[Vulkan Loader] DRIVER:               /usr/share/vulkan/icd.d/radeon_icd.i686.json
[Vulkan Loader] DRIVER:               /usr/share/vulkan/icd.d/intel_icd.x86_64.json
[Vulkan Loader] DRIVER:               /usr/share/vulkan/icd.d/intel_hasvk_icd.x86_64.json
[Vulkan Loader] DRIVER:               /usr/share/vulkan/icd.d/radeon_icd.x86_64.json
[Vulkan Loader] DRIVER:         Found ICD manifest file /etc/vulkan/icd.d/nvidia_icd.json, version 1.0.1
[Vulkan Loader] DEBUG | DRIVER: Searching for ICD drivers named libGLX_nvidia.so.0
[Vulkan Loader] DRIVER:         Found ICD manifest file /usr/share/vulkan/icd.d/intel_icd.i686.json, version 1.0.1
[Vulkan Loader] DEBUG | DRIVER: Searching for ICD drivers named /usr/lib/libvulkan_intel.so
[Vulkan Loader] INFO:           loader_parse_icd_manifest: Driver library architecture doesn't match the current running architecture, skipping this driver
[Vulkan Loader] DRIVER:         Found ICD manifest file /usr/share/vulkan/icd.d/intel_hasvk_icd.i686.json, version 1.0.1
[Vulkan Loader] DEBUG | DRIVER: Searching for ICD drivers named /usr/lib/libvulkan_intel_hasvk.so
[Vulkan Loader] INFO:           loader_parse_icd_manifest: Driver library architecture doesn't match the current running architecture, skipping this driver
[Vulkan Loader] DRIVER:         Found ICD manifest file /usr/share/vulkan/icd.d/radeon_icd.i686.json, version 1.0.1
[Vulkan Loader] DEBUG | DRIVER: Searching for ICD drivers named /usr/lib/libvulkan_radeon.so
[Vulkan Loader] INFO:           loader_parse_icd_manifest: Driver library architecture doesn't match the current running architecture, skipping this driver
[Vulkan Loader] DRIVER:         Found ICD manifest file /usr/share/vulkan/icd.d/intel_icd.x86_64.json, version 1.0.1
[Vulkan Loader] DEBUG | DRIVER: Searching for ICD drivers named /usr/lib64/libvulkan_intel.so
[Vulkan Loader] DRIVER:         Found ICD manifest file /usr/share/vulkan/icd.d/intel_hasvk_icd.x86_64.json, version 1.0.1
[Vulkan Loader] DEBUG | DRIVER: Searching for ICD drivers named /usr/lib64/libvulkan_intel_hasvk.so
[Vulkan Loader] DRIVER:         Found ICD manifest file /usr/share/vulkan/icd.d/radeon_icd.x86_64.json, version 1.0.1
[Vulkan Loader] DEBUG | DRIVER: Searching for ICD drivers named /usr/lib64/libvulkan_radeon.so
[Vulkan Loader] LAYER:          Searching for implicit layer manifest files
[Vulkan Loader] LAYER:             In following locations:
[Vulkan Loader] LAYER:                /home/hans/.config/vulkan/implicit_layer.d
[Vulkan Loader] LAYER:                /home/hans/.config/kdedefaults/vulkan/implicit_layer.d
[Vulkan Loader] LAYER:                /etc/xdg/vulkan/implicit_layer.d
[Vulkan Loader] LAYER:                /etc/vulkan/implicit_layer.d
[Vulkan Loader] LAYER:                /home/hans/.local/share/vulkan/implicit_layer.d
[Vulkan Loader] LAYER:                /home/hans/.local/share/flatpak/exports/share/vulkan/implicit_layer.d
[Vulkan Loader] LAYER:                /var/lib/flatpak/exports/share/vulkan/implicit_layer.d
[Vulkan Loader] LAYER:                /usr/local/share/vulkan/implicit_layer.d
[Vulkan Loader] LAYER:                /usr/share/vulkan/implicit_layer.d
[Vulkan Loader] LAYER:                /etc/eselect/wine/share/vulkan/implicit_layer.d
[Vulkan Loader] LAYER:             Found the following files:
[Vulkan Loader] LAYER:                /etc/vulkan/implicit_layer.d/nvidia_layers.json
[Vulkan Loader] LAYER:                /home/hans/.local/share/vulkan/implicit_layer.d/steamoverlay_i386.json
[Vulkan Loader] LAYER:                /home/hans/.local/share/vulkan/implicit_layer.d/steamoverlay_x86_64.json
[Vulkan Loader] LAYER:                /home/hans/.local/share/vulkan/implicit_layer.d/steamfossilize_i386.json
[Vulkan Loader] LAYER:                /home/hans/.local/share/vulkan/implicit_layer.d/steamfossilize_x86_64.json
[Vulkan Loader] LAYER:                /usr/share/vulkan/implicit_layer.d/VkLayer_MESA_anti_lag.json
[Vulkan Loader] LAYER:                /usr/share/vulkan/implicit_layer.d/MangoHud.x86_64.json
[Vulkan Loader] LAYER:                /usr/share/vulkan/implicit_layer.d/MangoHud.x86.json
[Vulkan Loader] LAYER:                /usr/share/vulkan/implicit_layer.d/VkLayer_MESA_device_select.json
[Vulkan Loader] LAYER:                /usr/share/vulkan/implicit_layer.d/VkLayer_LSFGVK_frame_generation.json
[Vulkan Loader] INFO:           Found manifest file /etc/vulkan/implicit_layer.d/nvidia_layers.json (file version 1.0.1)
[Vulkan Loader] INFO:           Found manifest file /home/hans/.local/share/vulkan/implicit_layer.d/steamoverlay_i386.json (file version 1.0.0)
[Vulkan Loader] INFO:           Found manifest file /home/hans/.local/share/vulkan/implicit_layer.d/steamoverlay_x86_64.json (file version 1.0.0)
[Vulkan Loader] INFO:           Found manifest file /home/hans/.local/share/vulkan/implicit_layer.d/steamfossilize_i386.json (file version 1.0.0)
[Vulkan Loader] INFO:           Found manifest file /home/hans/.local/share/vulkan/implicit_layer.d/steamfossilize_x86_64.json (file version 1.0.0)
[Vulkan Loader] INFO:           Found manifest file /usr/share/vulkan/implicit_layer.d/VkLayer_MESA_anti_lag.json (file version 1.2.1)
[Vulkan Loader] INFO:           Found manifest file /usr/share/vulkan/implicit_layer.d/MangoHud.x86_64.json (file version 1.0.0)
[Vulkan Loader] INFO:           Found manifest file /usr/share/vulkan/implicit_layer.d/MangoHud.x86.json (file version 1.0.0)
[Vulkan Loader] INFO:           Found manifest file /usr/share/vulkan/implicit_layer.d/VkLayer_MESA_device_select.json (file version 1.0.0)
[Vulkan Loader] INFO:           Found manifest file /usr/share/vulkan/implicit_layer.d/VkLayer_LSFGVK_frame_generation.json (file version 1.1.0)
[Vulkan Loader] INFO:           No valid vk_loader_settings.json file found, no loader settings will be active
[Vulkan Loader] LAYER:          Searching for implicit layer manifest files
[Vulkan Loader] LAYER:             In following locations:
[Vulkan Loader] LAYER:                /home/hans/.config/vulkan/implicit_layer.d
[Vulkan Loader] LAYER:                /home/hans/.config/kdedefaults/vulkan/implicit_layer.d
[Vulkan Loader] LAYER:                /etc/xdg/vulkan/implicit_layer.d
[Vulkan Loader] LAYER:                /etc/vulkan/implicit_layer.d
[Vulkan Loader] LAYER:                /home/hans/.local/share/vulkan/implicit_layer.d
[Vulkan Loader] LAYER:                /home/hans/.local/share/flatpak/exports/share/vulkan/implicit_layer.d
[Vulkan Loader] LAYER:                /var/lib/flatpak/exports/share/vulkan/implicit_layer.d
[Vulkan Loader] LAYER:                /usr/local/share/vulkan/implicit_layer.d
[Vulkan Loader] LAYER:                /usr/share/vulkan/implicit_layer.d
[Vulkan Loader] LAYER:                /etc/eselect/wine/share/vulkan/implicit_layer.d
[Vulkan Loader] LAYER:             Found the following files:
[Vulkan Loader] LAYER:                /etc/vulkan/implicit_layer.d/nvidia_layers.json
[Vulkan Loader] LAYER:                /home/hans/.local/share/vulkan/implicit_layer.d/steamoverlay_i386.json
[Vulkan Loader] LAYER:                /home/hans/.local/share/vulkan/implicit_layer.d/steamoverlay_x86_64.json
[Vulkan Loader] LAYER:                /home/hans/.local/share/vulkan/implicit_layer.d/steamfossilize_i386.json
[Vulkan Loader] LAYER:                /home/hans/.local/share/vulkan/implicit_layer.d/steamfossilize_x86_64.json
[Vulkan Loader] LAYER:                /usr/share/vulkan/implicit_layer.d/VkLayer_MESA_anti_lag.json
[Vulkan Loader] LAYER:                /usr/share/vulkan/implicit_layer.d/MangoHud.x86_64.json
[Vulkan Loader] LAYER:                /usr/share/vulkan/implicit_layer.d/MangoHud.x86.json
[Vulkan Loader] LAYER:                /usr/share/vulkan/implicit_layer.d/VkLayer_MESA_device_select.json
[Vulkan Loader] LAYER:                /usr/share/vulkan/implicit_layer.d/VkLayer_LSFGVK_frame_generation.json
[Vulkan Loader] INFO:           Found manifest file /etc/vulkan/implicit_layer.d/nvidia_layers.json (file version 1.0.1)
[Vulkan Loader] INFO:           Found manifest file /home/hans/.local/share/vulkan/implicit_layer.d/steamoverlay_i386.json (file version 1.0.0)
[Vulkan Loader] INFO:           Found manifest file /home/hans/.local/share/vulkan/implicit_layer.d/steamoverlay_x86_64.json (file version 1.0.0)
[Vulkan Loader] INFO:           Found manifest file /home/hans/.local/share/vulkan/implicit_layer.d/steamfossilize_i386.json (file version 1.0.0)
[Vulkan Loader] INFO:           Found manifest file /home/hans/.local/share/vulkan/implicit_layer.d/steamfossilize_x86_64.json (file version 1.0.0)
[Vulkan Loader] INFO:           Found manifest file /usr/share/vulkan/implicit_layer.d/VkLayer_MESA_anti_lag.json (file version 1.2.1)
[Vulkan Loader] INFO:           Found manifest file /usr/share/vulkan/implicit_layer.d/MangoHud.x86_64.json (file version 1.0.0)
[Vulkan Loader] INFO:           Found manifest file /usr/share/vulkan/implicit_layer.d/MangoHud.x86.json (file version 1.0.0)
[Vulkan Loader] INFO:           Found manifest file /usr/share/vulkan/implicit_layer.d/VkLayer_MESA_device_select.json (file version 1.0.0)
[Vulkan Loader] INFO:           Found manifest file /usr/share/vulkan/implicit_layer.d/VkLayer_LSFGVK_frame_generation.json (file version 1.1.0)
[Vulkan Loader] DRIVER:         Searching for driver manifest files
[Vulkan Loader] DRIVER:            In following locations:
[Vulkan Loader] DRIVER:               /home/hans/.config/vulkan/icd.d
[Vulkan Loader] DRIVER:               /home/hans/.config/kdedefaults/vulkan/icd.d
[Vulkan Loader] DRIVER:               /etc/xdg/vulkan/icd.d
[Vulkan Loader] DRIVER:               /etc/vulkan/icd.d
[Vulkan Loader] DRIVER:               /home/hans/.local/share/vulkan/icd.d
[Vulkan Loader] DRIVER:               /home/hans/.local/share/flatpak/exports/share/vulkan/icd.d
[Vulkan Loader] DRIVER:               /var/lib/flatpak/exports/share/vulkan/icd.d
[Vulkan Loader] DRIVER:               /usr/local/share/vulkan/icd.d
[Vulkan Loader] DRIVER:               /usr/share/vulkan/icd.d
[Vulkan Loader] DRIVER:               /etc/eselect/wine/share/vulkan/icd.d
[Vulkan Loader] DRIVER:            Found the following files:
[Vulkan Loader] DRIVER:               /etc/vulkan/icd.d/nvidia_icd.json
[Vulkan Loader] DRIVER:               /usr/share/vulkan/icd.d/intel_icd.i686.json
[Vulkan Loader] DRIVER:               /usr/share/vulkan/icd.d/intel_hasvk_icd.i686.json
[Vulkan Loader] DRIVER:               /usr/share/vulkan/icd.d/radeon_icd.i686.json
[Vulkan Loader] DRIVER:               /usr/share/vulkan/icd.d/intel_icd.x86_64.json
[Vulkan Loader] DRIVER:               /usr/share/vulkan/icd.d/intel_hasvk_icd.x86_64.json
[Vulkan Loader] DRIVER:               /usr/share/vulkan/icd.d/radeon_icd.x86_64.json
[Vulkan Loader] DRIVER:         Found ICD manifest file /etc/vulkan/icd.d/nvidia_icd.json, version 1.0.1
[Vulkan Loader] DEBUG | DRIVER: Searching for ICD drivers named libGLX_nvidia.so.0
[Vulkan Loader] DRIVER:         Found ICD manifest file /usr/share/vulkan/icd.d/intel_icd.i686.json, version 1.0.1
[Vulkan Loader] DEBUG | DRIVER: Searching for ICD drivers named /usr/lib/libvulkan_intel.so
[Vulkan Loader] INFO:           loader_parse_icd_manifest: Driver library architecture doesn't match the current running architecture, skipping this driver
[Vulkan Loader] DRIVER:         Found ICD manifest file /usr/share/vulkan/icd.d/intel_hasvk_icd.i686.json, version 1.0.1
[Vulkan Loader] DEBUG | DRIVER: Searching for ICD drivers named /usr/lib/libvulkan_intel_hasvk.so
[Vulkan Loader] INFO:           loader_parse_icd_manifest: Driver library architecture doesn't match the current running architecture, skipping this driver
[Vulkan Loader] DRIVER:         Found ICD manifest file /usr/share/vulkan/icd.d/radeon_icd.i686.json, version 1.0.1
[Vulkan Loader] DEBUG | DRIVER: Searching for ICD drivers named /usr/lib/libvulkan_radeon.so
[Vulkan Loader] INFO:           loader_parse_icd_manifest: Driver library architecture doesn't match the current running architecture, skipping this driver
[Vulkan Loader] DRIVER:         Found ICD manifest file /usr/share/vulkan/icd.d/intel_icd.x86_64.json, version 1.0.1
[Vulkan Loader] DEBUG | DRIVER: Searching for ICD drivers named /usr/lib64/libvulkan_intel.so
[Vulkan Loader] DRIVER:         Found ICD manifest file /usr/share/vulkan/icd.d/intel_hasvk_icd.x86_64.json, version 1.0.1
[Vulkan Loader] DEBUG | DRIVER: Searching for ICD drivers named /usr/lib64/libvulkan_intel_hasvk.so
[Vulkan Loader] DRIVER:         Found ICD manifest file /usr/share/vulkan/icd.d/radeon_icd.x86_64.json, version 1.0.1
[Vulkan Loader] DEBUG | DRIVER: Searching for ICD drivers named /usr/lib64/libvulkan_radeon.so
[Vulkan Loader] LAYER:          Searching for implicit layer manifest files
[Vulkan Loader] LAYER:             In following locations:
[Vulkan Loader] LAYER:                /home/hans/.config/vulkan/implicit_layer.d
[Vulkan Loader] LAYER:                /home/hans/.config/kdedefaults/vulkan/implicit_layer.d
[Vulkan Loader] LAYER:                /etc/xdg/vulkan/implicit_layer.d
[Vulkan Loader] LAYER:                /etc/vulkan/implicit_layer.d
[Vulkan Loader] LAYER:                /home/hans/.local/share/vulkan/implicit_layer.d
[Vulkan Loader] LAYER:                /home/hans/.local/share/flatpak/exports/share/vulkan/implicit_layer.d
[Vulkan Loader] LAYER:                /var/lib/flatpak/exports/share/vulkan/implicit_layer.d
[Vulkan Loader] LAYER:                /usr/local/share/vulkan/implicit_layer.d
[Vulkan Loader] LAYER:                /usr/share/vulkan/implicit_layer.d
[Vulkan Loader] LAYER:                /etc/eselect/wine/share/vulkan/implicit_layer.d
[Vulkan Loader] LAYER:             Found the following files:
[Vulkan Loader] LAYER:                /etc/vulkan/implicit_layer.d/nvidia_layers.json
[Vulkan Loader] LAYER:                /home/hans/.local/share/vulkan/implicit_layer.d/steamoverlay_i386.json
[Vulkan Loader] LAYER:                /home/hans/.local/share/vulkan/implicit_layer.d/steamoverlay_x86_64.json
[Vulkan Loader] LAYER:                /home/hans/.local/share/vulkan/implicit_layer.d/steamfossilize_i386.json
[Vulkan Loader] LAYER:                /home/hans/.local/share/vulkan/implicit_layer.d/steamfossilize_x86_64.json
[Vulkan Loader] LAYER:                /usr/share/vulkan/implicit_layer.d/VkLayer_MESA_anti_lag.json
[Vulkan Loader] LAYER:                /usr/share/vulkan/implicit_layer.d/MangoHud.x86_64.json
[Vulkan Loader] LAYER:                /usr/share/vulkan/implicit_layer.d/MangoHud.x86.json
[Vulkan Loader] LAYER:                /usr/share/vulkan/implicit_layer.d/VkLayer_MESA_device_select.json
[Vulkan Loader] LAYER:                /usr/share/vulkan/implicit_layer.d/VkLayer_LSFGVK_frame_generation.json
[Vulkan Loader] INFO:           Found manifest file /etc/vulkan/implicit_layer.d/nvidia_layers.json (file version 1.0.1)
[Vulkan Loader] INFO:           Found manifest file /home/hans/.local/share/vulkan/implicit_layer.d/steamoverlay_i386.json (file version 1.0.0)
[Vulkan Loader] INFO:           Found manifest file /home/hans/.local/share/vulkan/implicit_layer.d/steamoverlay_x86_64.json (file version 1.0.0)
[Vulkan Loader] INFO:           Found manifest file /home/hans/.local/share/vulkan/implicit_layer.d/steamfossilize_i386.json (file version 1.0.0)
[Vulkan Loader] INFO:           Found manifest file /home/hans/.local/share/vulkan/implicit_layer.d/steamfossilize_x86_64.json (file version 1.0.0)
[Vulkan Loader] INFO:           Found manifest file /usr/share/vulkan/implicit_layer.d/VkLayer_MESA_anti_lag.json (file version 1.2.1)
[Vulkan Loader] INFO:           Found manifest file /usr/share/vulkan/implicit_layer.d/MangoHud.x86_64.json (file version 1.0.0)
[Vulkan Loader] INFO:           Found manifest file /usr/share/vulkan/implicit_layer.d/MangoHud.x86.json (file version 1.0.0)
[Vulkan Loader] INFO:           Found manifest file /usr/share/vulkan/implicit_layer.d/VkLayer_MESA_device_select.json (file version 1.0.0)
[Vulkan Loader] INFO:           Found manifest file /usr/share/vulkan/implicit_layer.d/VkLayer_LSFGVK_frame_generation.json (file version 1.1.0)
[Vulkan Loader] INFO:           No valid vk_loader_settings.json file found, no loader settings will be active
[Vulkan Loader] LAYER:          Searching for implicit layer manifest files
[Vulkan Loader] LAYER:             In following locations:
[Vulkan Loader] LAYER:                /home/hans/.config/vulkan/implicit_layer.d
[Vulkan Loader] LAYER:                /home/hans/.config/kdedefaults/vulkan/implicit_layer.d
[Vulkan Loader] LAYER:                /etc/xdg/vulkan/implicit_layer.d
[Vulkan Loader] LAYER:                /etc/vulkan/implicit_layer.d
[Vulkan Loader] LAYER:                /home/hans/.local/share/vulkan/implicit_layer.d
[Vulkan Loader] LAYER:                /home/hans/.local/share/flatpak/exports/share/vulkan/implicit_layer.d
[Vulkan Loader] LAYER:                /var/lib/flatpak/exports/share/vulkan/implicit_layer.d
[Vulkan Loader] LAYER:                /usr/local/share/vulkan/implicit_layer.d
[Vulkan Loader] LAYER:                /usr/share/vulkan/implicit_layer.d
[Vulkan Loader] LAYER:                /etc/eselect/wine/share/vulkan/implicit_layer.d
[Vulkan Loader] LAYER:             Found the following files:
[Vulkan Loader] LAYER:                /etc/vulkan/implicit_layer.d/nvidia_layers.json
[Vulkan Loader] LAYER:                /home/hans/.local/share/vulkan/implicit_layer.d/steamoverlay_i386.json
[Vulkan Loader] LAYER:                /home/hans/.local/share/vulkan/implicit_layer.d/steamoverlay_x86_64.json
[Vulkan Loader] LAYER:                /home/hans/.local/share/vulkan/implicit_layer.d/steamfossilize_i386.json
[Vulkan Loader] LAYER:                /home/hans/.local/share/vulkan/implicit_layer.d/steamfossilize_x86_64.json
[Vulkan Loader] LAYER:                /usr/share/vulkan/implicit_layer.d/VkLayer_MESA_anti_lag.json
[Vulkan Loader] LAYER:                /usr/share/vulkan/implicit_layer.d/MangoHud.x86_64.json
[Vulkan Loader] LAYER:                /usr/share/vulkan/implicit_layer.d/MangoHud.x86.json
[Vulkan Loader] LAYER:                /usr/share/vulkan/implicit_layer.d/VkLayer_MESA_device_select.json
[Vulkan Loader] LAYER:                /usr/share/vulkan/implicit_layer.d/VkLayer_LSFGVK_frame_generation.json
[Vulkan Loader] INFO:           Found manifest file /etc/vulkan/implicit_layer.d/nvidia_layers.json (file version 1.0.1)
[Vulkan Loader] INFO:           Found manifest file /home/hans/.local/share/vulkan/implicit_layer.d/steamoverlay_i386.json (file version 1.0.0)
[Vulkan Loader] INFO:           Found manifest file /home/hans/.local/share/vulkan/implicit_layer.d/steamoverlay_x86_64.json (file version 1.0.0)
[Vulkan Loader] INFO:           Found manifest file /home/hans/.local/share/vulkan/implicit_layer.d/steamfossilize_i386.json (file version 1.0.0)
[Vulkan Loader] INFO:           Found manifest file /home/hans/.local/share/vulkan/implicit_layer.d/steamfossilize_x86_64.json (file version 1.0.0)
[Vulkan Loader] INFO:           Found manifest file /usr/share/vulkan/implicit_layer.d/VkLayer_MESA_anti_lag.json (file version 1.2.1)
[Vulkan Loader] INFO:           Found manifest file /usr/share/vulkan/implicit_layer.d/MangoHud.x86_64.json (file version 1.0.0)
[Vulkan Loader] INFO:           Found manifest file /usr/share/vulkan/implicit_layer.d/MangoHud.x86.json (file version 1.0.0)
[Vulkan Loader] INFO:           Found manifest file /usr/share/vulkan/implicit_layer.d/VkLayer_MESA_device_select.json (file version 1.0.0)
[Vulkan Loader] INFO:           Found manifest file /usr/share/vulkan/implicit_layer.d/VkLayer_LSFGVK_frame_generation.json (file version 1.1.0)
[Vulkan Loader] LAYER:          Searching for explicit layer manifest files
[Vulkan Loader] LAYER:             In following locations:
[Vulkan Loader] LAYER:                /home/hans/.config/vulkan/explicit_layer.d
[Vulkan Loader] LAYER:                /home/hans/.config/kdedefaults/vulkan/explicit_layer.d
[Vulkan Loader] LAYER:                /etc/xdg/vulkan/explicit_layer.d
[Vulkan Loader] LAYER:                /etc/vulkan/explicit_layer.d
[Vulkan Loader] LAYER:                /home/hans/.local/share/vulkan/explicit_layer.d
[Vulkan Loader] LAYER:                /home/hans/.local/share/flatpak/exports/share/vulkan/explicit_layer.d
[Vulkan Loader] LAYER:                /var/lib/flatpak/exports/share/vulkan/explicit_layer.d
[Vulkan Loader] LAYER:                /usr/local/share/vulkan/explicit_layer.d
[Vulkan Loader] LAYER:                /usr/share/vulkan/explicit_layer.d
[Vulkan Loader] LAYER:                /etc/eselect/wine/share/vulkan/explicit_layer.d
[Vulkan Loader] LAYER:             Found the following files:
[Vulkan Loader] LAYER:                /usr/share/vulkan/explicit_layer.d/VkLayer_MESA_overlay.json
[Vulkan Loader] LAYER:                /usr/share/vulkan/explicit_layer.d/VkLayer_khronos_validation.json
[Vulkan Loader] INFO:           Found manifest file /usr/share/vulkan/explicit_layer.d/VkLayer_MESA_overlay.json (file version 1.0.0)
[Vulkan Loader] INFO:           Found manifest file /usr/share/vulkan/explicit_layer.d/VkLayer_khronos_validation.json (file version 1.2.0)
[Vulkan Loader] DRIVER:         Searching for driver manifest files
[Vulkan Loader] DRIVER:            In following locations:
[Vulkan Loader] DRIVER:               /home/hans/.config/vulkan/icd.d
[Vulkan Loader] DRIVER:               /home/hans/.config/kdedefaults/vulkan/icd.d
[Vulkan Loader] DRIVER:               /etc/xdg/vulkan/icd.d
[Vulkan Loader] DRIVER:               /etc/vulkan/icd.d
[Vulkan Loader] DRIVER:               /home/hans/.local/share/vulkan/icd.d
[Vulkan Loader] DRIVER:               /home/hans/.local/share/flatpak/exports/share/vulkan/icd.d
[Vulkan Loader] DRIVER:               /var/lib/flatpak/exports/share/vulkan/icd.d
[Vulkan Loader] DRIVER:               /usr/local/share/vulkan/icd.d
[Vulkan Loader] DRIVER:               /usr/share/vulkan/icd.d
[Vulkan Loader] DRIVER:               /etc/eselect/wine/share/vulkan/icd.d
[Vulkan Loader] DRIVER:            Found the following files:
[Vulkan Loader] DRIVER:               /etc/vulkan/icd.d/nvidia_icd.json
[Vulkan Loader] DRIVER:               /usr/share/vulkan/icd.d/intel_icd.i686.json
[Vulkan Loader] DRIVER:               /usr/share/vulkan/icd.d/intel_hasvk_icd.i686.json
[Vulkan Loader] DRIVER:               /usr/share/vulkan/icd.d/radeon_icd.i686.json
[Vulkan Loader] DRIVER:               /usr/share/vulkan/icd.d/intel_icd.x86_64.json
[Vulkan Loader] DRIVER:               /usr/share/vulkan/icd.d/intel_hasvk_icd.x86_64.json
[Vulkan Loader] DRIVER:               /usr/share/vulkan/icd.d/radeon_icd.x86_64.json
[Vulkan Loader] DRIVER:         Found ICD manifest file /etc/vulkan/icd.d/nvidia_icd.json, version 1.0.1
[Vulkan Loader] DEBUG | DRIVER: Searching for ICD drivers named libGLX_nvidia.so.0
[Vulkan Loader] DRIVER:         Found ICD manifest file /usr/share/vulkan/icd.d/intel_icd.i686.json, version 1.0.1
[Vulkan Loader] DEBUG | DRIVER: Searching for ICD drivers named /usr/lib/libvulkan_intel.so
[Vulkan Loader] INFO:           loader_parse_icd_manifest: Driver library architecture doesn't match the current running architecture, skipping this driver
[Vulkan Loader] DRIVER:         Found ICD manifest file /usr/share/vulkan/icd.d/intel_hasvk_icd.i686.json, version 1.0.1
[Vulkan Loader] DEBUG | DRIVER: Searching for ICD drivers named /usr/lib/libvulkan_intel_hasvk.so
[Vulkan Loader] INFO:           loader_parse_icd_manifest: Driver library architecture doesn't match the current running architecture, skipping this driver
[Vulkan Loader] DRIVER:         Found ICD manifest file /usr/share/vulkan/icd.d/radeon_icd.i686.json, version 1.0.1
[Vulkan Loader] DEBUG | DRIVER: Searching for ICD drivers named /usr/lib/libvulkan_radeon.so
[Vulkan Loader] INFO:           loader_parse_icd_manifest: Driver library architecture doesn't match the current running architecture, skipping this driver
[Vulkan Loader] DRIVER:         Found ICD manifest file /usr/share/vulkan/icd.d/intel_icd.x86_64.json, version 1.0.1
[Vulkan Loader] DEBUG | DRIVER: Searching for ICD drivers named /usr/lib64/libvulkan_intel.so
[Vulkan Loader] DRIVER:         Found ICD manifest file /usr/share/vulkan/icd.d/intel_hasvk_icd.x86_64.json, version 1.0.1
[Vulkan Loader] DEBUG | DRIVER: Searching for ICD drivers named /usr/lib64/libvulkan_intel_hasvk.so
[Vulkan Loader] DRIVER:         Found ICD manifest file /usr/share/vulkan/icd.d/radeon_icd.x86_64.json, version 1.0.1
[Vulkan Loader] DEBUG | DRIVER: Searching for ICD drivers named /usr/lib64/libvulkan_radeon.so
[Vulkan Loader] DEBUG | LAYER:  Loading layer library /usr/share/vulkan/implicit_layer.d/../../../lib/liblsfg-vk-layer.so
lsfg-vk: using profile with name '4x FG / 85% [Performance]' (identified via wine executable)
[Vulkan Loader] INFO | LAYER:   Insert instance layer "VK_LAYER_LSFGVK_frame_generation" (/usr/lib/liblsfg-vk-layer.so)
[Vulkan Loader] DEBUG | LAYER:  Loading layer library libVkLayer_MESA_device_select.so
[Vulkan Loader] INFO | LAYER:   Insert instance layer "VK_LAYER_MESA_device_select" (/usr/lib64/libVkLayer_MESA_device_select.so)
[Vulkan Loader] INFO:           /usr/lib/mangohud/lib32/libMangoHud.so: wrong ELF class: ELFCLASS32
[Vulkan Loader] DEBUG | LAYER:  Loading layer library /usr/lib/mangohud/lib64/libMangoHud.so
[Vulkan Loader] INFO | LAYER:   Insert instance layer "VK_LAYER_MANGOHUD_overlay_x86_64" (/usr/lib/mangohud/lib64/libMangoHud.so)
[Vulkan Loader] INFO | LAYER:   Requested layer "VK_LAYER_MANGOHUD_overlay_x86" was wrong bit-type.
[Vulkan Loader] LAYER:          vkCreateInstance layer callstack setup to:
[Vulkan Loader] LAYER:             <Application>
[Vulkan Loader] LAYER:               ||
[Vulkan Loader] LAYER:             <Loader>
[Vulkan Loader] LAYER:               ||
[Vulkan Loader] LAYER:             VK_LAYER_MANGOHUD_overlay_x86_64
[Vulkan Loader] LAYER:                     Type: Implicit
[Vulkan Loader] LAYER:                     Enabled By: Implicit Layer
[Vulkan Loader] LAYER:                         Disable Env Var:  DISABLE_MANGOHUD
[Vulkan Loader] LAYER:                         This layer was enabled because Env Var MANGOHUD was set to Value 1
[Vulkan Loader] LAYER:                     Manifest: /usr/share/vulkan/implicit_layer.d/MangoHud.x86_64.json
[Vulkan Loader] LAYER:                     Library:  /usr/lib/mangohud/lib64/libMangoHud.so
[Vulkan Loader] LAYER:               ||
[Vulkan Loader] LAYER:             VK_LAYER_MESA_device_select
[Vulkan Loader] LAYER:                     Type: Implicit
[Vulkan Loader] LAYER:                     Enabled By: Implicit Layer
[Vulkan Loader] LAYER:                         Disable Env Var:  NODEVICE_SELECT
[Vulkan Loader] LAYER:                     Manifest: /usr/share/vulkan/implicit_layer.d/VkLayer_MESA_device_select.json
[Vulkan Loader] LAYER:                     Library:  /usr/lib64/libVkLayer_MESA_device_select.so
[Vulkan Loader] LAYER:               ||
[Vulkan Loader] LAYER:             VK_LAYER_LSFGVK_frame_generation
[Vulkan Loader] LAYER:                     Type: Implicit
[Vulkan Loader] LAYER:                     Enabled By: Implicit Layer
[Vulkan Loader] LAYER:                         Disable Env Var:  DISABLE_LSFGVK
[Vulkan Loader] LAYER:                     Manifest: /usr/share/vulkan/implicit_layer.d/VkLayer_LSFGVK_frame_generation.json
[Vulkan Loader] LAYER:                     Library:  /usr/lib/liblsfg-vk-layer.so
[Vulkan Loader] LAYER:               ||
[Vulkan Loader] LAYER:             <Drivers>
[Vulkan Loader] INFO | DRIVER:  linux_read_sorted_physical_devices:
[Vulkan Loader] INFO | DRIVER:       Original order:
[Vulkan Loader] INFO | DRIVER:             [0] NVIDIA GeForce RTX 4080
[Vulkan Loader] INFO | DRIVER:       Sorted order:
[Vulkan Loader] INFO | DRIVER:             [0] NVIDIA GeForce RTX 4080  
[Vulkan Loader] INFO | DRIVER:  linux_read_sorted_physical_devices:
[Vulkan Loader] INFO | DRIVER:       Original order:
[Vulkan Loader] INFO | DRIVER:             [0] NVIDIA GeForce RTX 4080
[Vulkan Loader] INFO | DRIVER:       Sorted order:
[Vulkan Loader] INFO | DRIVER:             [0] NVIDIA GeForce RTX 4080  
[Vulkan Loader] DEBUG | DRIVER: Copying old device 0 into new device 0
[Vulkan Loader] INFO | DRIVER:  linux_read_sorted_physical_devices:
[Vulkan Loader] INFO | DRIVER:       Original order:
[Vulkan Loader] INFO | DRIVER:             [0] NVIDIA GeForce RTX 4080
[Vulkan Loader] INFO | DRIVER:       Sorted order:
[Vulkan Loader] INFO | DRIVER:             [0] NVIDIA GeForce RTX 4080  
[Vulkan Loader] DEBUG | DRIVER: Copying old device 0 into new device 0
[Vulkan Loader] INFO | DRIVER:  linux_read_sorted_physical_devices:
[Vulkan Loader] INFO | DRIVER:       Original order:
[Vulkan Loader] INFO | DRIVER:             [0] NVIDIA GeForce RTX 4080
[Vulkan Loader] INFO | DRIVER:       Sorted order:
[Vulkan Loader] INFO | DRIVER:             [0] NVIDIA GeForce RTX 4080  
[Vulkan Loader] DEBUG | DRIVER: Copying old device 0 into new device 0
[Vulkan Loader] INFO | DRIVER:  linux_read_sorted_physical_devices:
[Vulkan Loader] INFO | DRIVER:       Original order:
[Vulkan Loader] INFO | DRIVER:             [0] NVIDIA GeForce RTX 4080
[Vulkan Loader] INFO | DRIVER:       Sorted order:
[Vulkan Loader] INFO | DRIVER:             [0] NVIDIA GeForce RTX 4080  
[Vulkan Loader] DEBUG | DRIVER: Copying old device 0 into new device 0
[Vulkan Loader] INFO | DRIVER:  linux_read_sorted_physical_devices:
[Vulkan Loader] INFO | DRIVER:       Original order:
[Vulkan Loader] INFO | DRIVER:             [0] NVIDIA GeForce RTX 4080
[Vulkan Loader] INFO | DRIVER:       Sorted order:
[Vulkan Loader] INFO | DRIVER:             [0] NVIDIA GeForce RTX 4080  
[Vulkan Loader] DEBUG | DRIVER: Copying old device 0 into new device 0
[Vulkan Loader] INFO | DRIVER:  linux_read_sorted_physical_devices:
[Vulkan Loader] INFO | DRIVER:       Original order:
[Vulkan Loader] INFO | DRIVER:             [0] NVIDIA GeForce RTX 4080
[Vulkan Loader] INFO | DRIVER:       Sorted order:
[Vulkan Loader] INFO | DRIVER:             [0] NVIDIA GeForce RTX 4080  
[Vulkan Loader] DEBUG | DRIVER: Copying old device 0 into new device 0
[Vulkan Loader] INFO | DRIVER:  linux_read_sorted_physical_devices:
[Vulkan Loader] INFO | DRIVER:       Original order:
[Vulkan Loader] INFO | DRIVER:             [0] NVIDIA GeForce RTX 4080
[Vulkan Loader] INFO | DRIVER:       Sorted order:
[Vulkan Loader] INFO | DRIVER:             [0] NVIDIA GeForce RTX 4080  
[Vulkan Loader] DEBUG | DRIVER: Copying old device 0 into new device 0
[Vulkan Loader] INFO | DRIVER:  Removing driver /usr/lib64/libvulkan_radeon.so due to not having any physical devices
[Vulkan Loader] INFO | DRIVER:  Removing driver /usr/lib64/libvulkan_intel_hasvk.so due to not having any physical devices
[Vulkan Loader] INFO | DRIVER:  Removing driver /usr/lib64/libvulkan_intel.so due to not having any physical devices
[Vulkan Loader] INFO | LAYER:   Inserted device layer "VK_LAYER_LSFGVK_frame_generation" (/usr/lib/liblsfg-vk-layer.so)
[Vulkan Loader] INFO | LAYER:   Failed to find vkGetDeviceProcAddr in layer "/usr/lib64/libVkLayer_MESA_device_select.so"
[Vulkan Loader] INFO | LAYER:   Inserted device layer "VK_LAYER_MANGOHUD_overlay_x86_64" (/usr/lib/mangohud/lib64/libMangoHud.so)
[Vulkan Loader] DRIVER:         vkCreateDevice layer callstack setup to:
[Vulkan Loader] DRIVER:            <Application>
[Vulkan Loader] DRIVER:              ||
[Vulkan Loader] DRIVER:            <Loader>
[Vulkan Loader] DRIVER:              ||
[Vulkan Loader] LAYER:             VK_LAYER_MANGOHUD_overlay_x86_64
[Vulkan Loader] LAYER:                     Type: Implicit
[Vulkan Loader] LAYER:                     Enabled By: Implicit Layer
[Vulkan Loader] LAYER:                         Disable Env Var:  DISABLE_MANGOHUD
[Vulkan Loader] LAYER:                     Manifest: /usr/share/vulkan/implicit_layer.d/MangoHud.x86_64.json
[Vulkan Loader] LAYER:                     Library:  /usr/lib/mangohud/lib64/libMangoHud.so
[Vulkan Loader] LAYER:               ||
[Vulkan Loader] LAYER:             VK_LAYER_LSFGVK_frame_generation
[Vulkan Loader] LAYER:                     Type: Implicit
[Vulkan Loader] LAYER:                     Enabled By: Implicit Layer
[Vulkan Loader] LAYER:                         Disable Env Var:  DISABLE_LSFGVK
[Vulkan Loader] LAYER:                     Manifest: /usr/share/vulkan/implicit_layer.d/VkLayer_LSFGVK_frame_generation.json
[Vulkan Loader] LAYER:                     Library:  /usr/lib/liblsfg-vk-layer.so
[Vulkan Loader] LAYER:               ||
[Vulkan Loader] DRIVER:            <Device>
[Vulkan Loader] DRIVER:                Using "NVIDIA GeForce RTX 4080" with driver: "/usr/lib64/libGLX_nvidia.so.590.48.01"
err:   readMonitorEdidFromKey: Failed to get EDID reg key size
err:   DXGI: Failed to parse display metadata + colorimetry info, using blank.
[Vulkan Loader] INFO | LAYER:   Inserted device layer "VK_LAYER_LSFGVK_frame_generation" (/usr/lib/liblsfg-vk-layer.so)
[Vulkan Loader] INFO | LAYER:   Failed to find vkGetDeviceProcAddr in layer "/usr/lib64/libVkLayer_MESA_device_select.so"
[Vulkan Loader] INFO | LAYER:   Inserted device layer "VK_LAYER_MANGOHUD_overlay_x86_64" (/usr/lib/mangohud/lib64/libMangoHud.so)
[Vulkan Loader] DRIVER:         vkCreateDevice layer callstack setup to:
[Vulkan Loader] DRIVER:            <Application>
[Vulkan Loader] DRIVER:              ||
[Vulkan Loader] DRIVER:            <Loader>
[Vulkan Loader] DRIVER:              ||
[Vulkan Loader] LAYER:             VK_LAYER_MANGOHUD_overlay_x86_64
[Vulkan Loader] LAYER:                     Type: Implicit
[Vulkan Loader] LAYER:                     Enabled By: Implicit Layer
[Vulkan Loader] LAYER:                         Disable Env Var:  DISABLE_MANGOHUD
[Vulkan Loader] LAYER:                     Manifest: /usr/share/vulkan/implicit_layer.d/MangoHud.x86_64.json
[Vulkan Loader] LAYER:                     Library:  /usr/lib/mangohud/lib64/libMangoHud.so
[Vulkan Loader] LAYER:               ||
[Vulkan Loader] LAYER:             VK_LAYER_LSFGVK_frame_generation
[Vulkan Loader] LAYER:                     Type: Implicit
[Vulkan Loader] LAYER:                     Enabled By: Implicit Layer
[Vulkan Loader] LAYER:                         Disable Env Var:  DISABLE_LSFGVK
[Vulkan Loader] LAYER:                     Manifest: /usr/share/vulkan/implicit_layer.d/VkLayer_LSFGVK_frame_generation.json
[Vulkan Loader] LAYER:                     Library:  /usr/lib/liblsfg-vk-layer.so
[Vulkan Loader] LAYER:               ||
[Vulkan Loader] DRIVER:            <Device>
[Vulkan Loader] DRIVER:                Using "NVIDIA GeForce RTX 4080" with driver: "/usr/lib64/libGLX_nvidia.so.590.48.01"
warn:  CreateDXGIFactory2: Ignoring flags
err:   readMonitorEdidFromKey: Failed to get EDID reg key size
err:   DXGI: Failed to parse display metadata + colorimetry info, using blank.
[Vulkan Loader] INFO:           No valid vk_loader_settings.json file found, no loader settings will be active
[Vulkan Loader] LAYER:          Searching for implicit layer manifest files
[Vulkan Loader] LAYER:             In following locations:
[Vulkan Loader] LAYER:                /home/hans/.config/vulkan/implicit_layer.d
[Vulkan Loader] LAYER:                /home/hans/.config/kdedefaults/vulkan/implicit_layer.d
[Vulkan Loader] LAYER:                /etc/xdg/vulkan/implicit_layer.d
[Vulkan Loader] LAYER:                /etc/vulkan/implicit_layer.d
[Vulkan Loader] LAYER:                /home/hans/.local/share/vulkan/implicit_layer.d
[Vulkan Loader] LAYER:                /home/hans/.local/share/flatpak/exports/share/vulkan/implicit_layer.d
[Vulkan Loader] LAYER:                /var/lib/flatpak/exports/share/vulkan/implicit_layer.d
[Vulkan Loader] LAYER:                /usr/local/share/vulkan/implicit_layer.d
[Vulkan Loader] LAYER:                /usr/share/vulkan/implicit_layer.d
[Vulkan Loader] LAYER:                /etc/eselect/wine/share/vulkan/implicit_layer.d
[Vulkan Loader] LAYER:             Found the following files:
[Vulkan Loader] LAYER:                /etc/vulkan/implicit_layer.d/nvidia_layers.json
[Vulkan Loader] LAYER:                /home/hans/.local/share/vulkan/implicit_layer.d/steamoverlay_i386.json
[Vulkan Loader] LAYER:                /home/hans/.local/share/vulkan/implicit_layer.d/steamoverlay_x86_64.json
[Vulkan Loader] LAYER:                /home/hans/.local/share/vulkan/implicit_layer.d/steamfossilize_i386.json
[Vulkan Loader] LAYER:                /home/hans/.local/share/vulkan/implicit_layer.d/steamfossilize_x86_64.json
[Vulkan Loader] LAYER:                /usr/share/vulkan/implicit_layer.d/VkLayer_MESA_anti_lag.json
[Vulkan Loader] LAYER:                /usr/share/vulkan/implicit_layer.d/MangoHud.x86_64.json
[Vulkan Loader] LAYER:                /usr/share/vulkan/implicit_layer.d/MangoHud.x86.json
[Vulkan Loader] LAYER:                /usr/share/vulkan/implicit_layer.d/VkLayer_MESA_device_select.json
[Vulkan Loader] LAYER:                /usr/share/vulkan/implicit_layer.d/VkLayer_LSFGVK_frame_generation.json
[Vulkan Loader] INFO:           Found manifest file /etc/vulkan/implicit_layer.d/nvidia_layers.json (file version 1.0.1)
[Vulkan Loader] INFO:           Found manifest file /home/hans/.local/share/vulkan/implicit_layer.d/steamoverlay_i386.json (file version 1.0.0)
[Vulkan Loader] INFO:           Found manifest file /home/hans/.local/share/vulkan/implicit_layer.d/steamoverlay_x86_64.json (file version 1.0.0)
[Vulkan Loader] INFO:           Found manifest file /home/hans/.local/share/vulkan/implicit_layer.d/steamfossilize_i386.json (file version 1.0.0)
[Vulkan Loader] INFO:           Found manifest file /home/hans/.local/share/vulkan/implicit_layer.d/steamfossilize_x86_64.json (file version 1.0.0)
[Vulkan Loader] INFO:           Found manifest file /usr/share/vulkan/implicit_layer.d/VkLayer_MESA_anti_lag.json (file version 1.2.1)
[Vulkan Loader] INFO:           Found manifest file /usr/share/vulkan/implicit_layer.d/MangoHud.x86_64.json (file version 1.0.0)
[Vulkan Loader] INFO:           Found manifest file /usr/share/vulkan/implicit_layer.d/MangoHud.x86.json (file version 1.0.0)
[Vulkan Loader] INFO:           Found manifest file /usr/share/vulkan/implicit_layer.d/VkLayer_MESA_device_select.json (file version 1.0.0)
[Vulkan Loader] INFO:           Found manifest file /usr/share/vulkan/implicit_layer.d/VkLayer_LSFGVK_frame_generation.json (file version 1.1.0)
[Vulkan Loader] INFO:           No valid vk_loader_settings.json file found, no loader settings will be active
[Vulkan Loader] LAYER:          Searching for implicit layer manifest files
[Vulkan Loader] LAYER:             In following locations:
[Vulkan Loader] LAYER:                /home/hans/.config/vulkan/implicit_layer.d
[Vulkan Loader] LAYER:                /home/hans/.config/kdedefaults/vulkan/implicit_layer.d
[Vulkan Loader] LAYER:                /etc/xdg/vulkan/implicit_layer.d
[Vulkan Loader] LAYER:                /etc/vulkan/implicit_layer.d
[Vulkan Loader] LAYER:                /home/hans/.local/share/vulkan/implicit_layer.d
[Vulkan Loader] LAYER:                /home/hans/.local/share/flatpak/exports/share/vulkan/implicit_layer.d
[Vulkan Loader] LAYER:                /var/lib/flatpak/exports/share/vulkan/implicit_layer.d
[Vulkan Loader] LAYER:                /usr/local/share/vulkan/implicit_layer.d
[Vulkan Loader] LAYER:                /usr/share/vulkan/implicit_layer.d
[Vulkan Loader] LAYER:                /etc/eselect/wine/share/vulkan/implicit_layer.d
[Vulkan Loader] LAYER:             Found the following files:
[Vulkan Loader] LAYER:                /etc/vulkan/implicit_layer.d/nvidia_layers.json
[Vulkan Loader] LAYER:                /home/hans/.local/share/vulkan/implicit_layer.d/steamoverlay_i386.json
[Vulkan Loader] LAYER:                /home/hans/.local/share/vulkan/implicit_layer.d/steamoverlay_x86_64.json
[Vulkan Loader] LAYER:                /home/hans/.local/share/vulkan/implicit_layer.d/steamfossilize_i386.json
[Vulkan Loader] LAYER:                /home/hans/.local/share/vulkan/implicit_layer.d/steamfossilize_x86_64.json
[Vulkan Loader] LAYER:                /usr/share/vulkan/implicit_layer.d/VkLayer_MESA_anti_lag.json
[Vulkan Loader] LAYER:                /usr/share/vulkan/implicit_layer.d/MangoHud.x86_64.json
[Vulkan Loader] LAYER:                /usr/share/vulkan/implicit_layer.d/MangoHud.x86.json
[Vulkan Loader] LAYER:                /usr/share/vulkan/implicit_layer.d/VkLayer_MESA_device_select.json
[Vulkan Loader] LAYER:                /usr/share/vulkan/implicit_layer.d/VkLayer_LSFGVK_frame_generation.json
[Vulkan Loader] INFO:           Found manifest file /etc/vulkan/implicit_layer.d/nvidia_layers.json (file version 1.0.1)
[Vulkan Loader] INFO:           Found manifest file /home/hans/.local/share/vulkan/implicit_layer.d/steamoverlay_i386.json (file version 1.0.0)
[Vulkan Loader] INFO:           Found manifest file /home/hans/.local/share/vulkan/implicit_layer.d/steamoverlay_x86_64.json (file version 1.0.0)
[Vulkan Loader] INFO:           Found manifest file /home/hans/.local/share/vulkan/implicit_layer.d/steamfossilize_i386.json (file version 1.0.0)
[Vulkan Loader] INFO:           Found manifest file /home/hans/.local/share/vulkan/implicit_layer.d/steamfossilize_x86_64.json (file version 1.0.0)
[Vulkan Loader] INFO:           Found manifest file /usr/share/vulkan/implicit_layer.d/VkLayer_MESA_anti_lag.json (file version 1.2.1)
[Vulkan Loader] INFO:           Found manifest file /usr/share/vulkan/implicit_layer.d/MangoHud.x86_64.json (file version 1.0.0)
[Vulkan Loader] INFO:           Found manifest file /usr/share/vulkan/implicit_layer.d/MangoHud.x86.json (file version 1.0.0)
[Vulkan Loader] INFO:           Found manifest file /usr/share/vulkan/implicit_layer.d/VkLayer_MESA_device_select.json (file version 1.0.0)
[Vulkan Loader] INFO:           Found manifest file /usr/share/vulkan/implicit_layer.d/VkLayer_LSFGVK_frame_generation.json (file version 1.1.0)
[Vulkan Loader] DRIVER:         Searching for driver manifest files
[Vulkan Loader] DRIVER:            In following locations:
[Vulkan Loader] DRIVER:               /home/hans/.config/vulkan/icd.d
[Vulkan Loader] DRIVER:               /home/hans/.config/kdedefaults/vulkan/icd.d
[Vulkan Loader] DRIVER:               /etc/xdg/vulkan/icd.d
[Vulkan Loader] DRIVER:               /etc/vulkan/icd.d
[Vulkan Loader] DRIVER:               /home/hans/.local/share/vulkan/icd.d
[Vulkan Loader] DRIVER:               /home/hans/.local/share/flatpak/exports/share/vulkan/icd.d
[Vulkan Loader] DRIVER:               /var/lib/flatpak/exports/share/vulkan/icd.d
[Vulkan Loader] DRIVER:               /usr/local/share/vulkan/icd.d
[Vulkan Loader] DRIVER:               /usr/share/vulkan/icd.d
[Vulkan Loader] DRIVER:               /etc/eselect/wine/share/vulkan/icd.d
[Vulkan Loader] DRIVER:            Found the following files:
[Vulkan Loader] DRIVER:               /etc/vulkan/icd.d/nvidia_icd.json
[Vulkan Loader] DRIVER:               /usr/share/vulkan/icd.d/intel_icd.i686.json
[Vulkan Loader] DRIVER:               /usr/share/vulkan/icd.d/intel_hasvk_icd.i686.json
[Vulkan Loader] DRIVER:               /usr/share/vulkan/icd.d/radeon_icd.i686.json
[Vulkan Loader] DRIVER:               /usr/share/vulkan/icd.d/intel_icd.x86_64.json
[Vulkan Loader] DRIVER:               /usr/share/vulkan/icd.d/intel_hasvk_icd.x86_64.json
[Vulkan Loader] DRIVER:               /usr/share/vulkan/icd.d/radeon_icd.x86_64.json
[Vulkan Loader] DRIVER:         Found ICD manifest file /etc/vulkan/icd.d/nvidia_icd.json, version 1.0.1
[Vulkan Loader] DEBUG | DRIVER: Searching for ICD drivers named libGLX_nvidia.so.0
[Vulkan Loader] DRIVER:         Found ICD manifest file /usr/share/vulkan/icd.d/intel_icd.i686.json, version 1.0.1
[Vulkan Loader] DEBUG | DRIVER: Searching for ICD drivers named /usr/lib/libvulkan_intel.so
[Vulkan Loader] INFO:           loader_parse_icd_manifest: Driver library architecture doesn't match the current running architecture, skipping this driver
[Vulkan Loader] DRIVER:         Found ICD manifest file /usr/share/vulkan/icd.d/intel_hasvk_icd.i686.json, version 1.0.1
[Vulkan Loader] DEBUG | DRIVER: Searching for ICD drivers named /usr/lib/libvulkan_intel_hasvk.so
[Vulkan Loader] INFO:           loader_parse_icd_manifest: Driver library architecture doesn't match the current running architecture, skipping this driver
[Vulkan Loader] DRIVER:         Found ICD manifest file /usr/share/vulkan/icd.d/radeon_icd.i686.json, version 1.0.1
[Vulkan Loader] DEBUG | DRIVER: Searching for ICD drivers named /usr/lib/libvulkan_radeon.so
[Vulkan Loader] INFO:           loader_parse_icd_manifest: Driver library architecture doesn't match the current running architecture, skipping this driver
[Vulkan Loader] DRIVER:         Found ICD manifest file /usr/share/vulkan/icd.d/intel_icd.x86_64.json, version 1.0.1
[Vulkan Loader] DEBUG | DRIVER: Searching for ICD drivers named /usr/lib64/libvulkan_intel.so
[Vulkan Loader] DRIVER:         Found ICD manifest file /usr/share/vulkan/icd.d/intel_hasvk_icd.x86_64.json, version 1.0.1
[Vulkan Loader] DEBUG | DRIVER: Searching for ICD drivers named /usr/lib64/libvulkan_intel_hasvk.so
[Vulkan Loader] DRIVER:         Found ICD manifest file /usr/share/vulkan/icd.d/radeon_icd.x86_64.json, version 1.0.1
[Vulkan Loader] DEBUG | DRIVER: Searching for ICD drivers named /usr/lib64/libvulkan_radeon.so
[Vulkan Loader] LAYER:          Searching for implicit layer manifest files
[Vulkan Loader] LAYER:             In following locations:
[Vulkan Loader] LAYER:                /home/hans/.config/vulkan/implicit_layer.d
[Vulkan Loader] LAYER:                /home/hans/.config/kdedefaults/vulkan/implicit_layer.d
[Vulkan Loader] LAYER:                /etc/xdg/vulkan/implicit_layer.d
[Vulkan Loader] LAYER:                /etc/vulkan/implicit_layer.d
[Vulkan Loader] LAYER:                /home/hans/.local/share/vulkan/implicit_layer.d
[Vulkan Loader] LAYER:                /home/hans/.local/share/flatpak/exports/share/vulkan/implicit_layer.d
[Vulkan Loader] LAYER:                /var/lib/flatpak/exports/share/vulkan/implicit_layer.d
[Vulkan Loader] LAYER:                /usr/local/share/vulkan/implicit_layer.d
[Vulkan Loader] LAYER:                /usr/share/vulkan/implicit_layer.d
[Vulkan Loader] LAYER:                /etc/eselect/wine/share/vulkan/implicit_layer.d
[Vulkan Loader] LAYER:             Found the following files:
[Vulkan Loader] LAYER:                /etc/vulkan/implicit_layer.d/nvidia_layers.json
[Vulkan Loader] LAYER:                /home/hans/.local/share/vulkan/implicit_layer.d/steamoverlay_i386.json
[Vulkan Loader] LAYER:                /home/hans/.local/share/vulkan/implicit_layer.d/steamoverlay_x86_64.json
[Vulkan Loader] LAYER:                /home/hans/.local/share/vulkan/implicit_layer.d/steamfossilize_i386.json
[Vulkan Loader] LAYER:                /home/hans/.local/share/vulkan/implicit_layer.d/steamfossilize_x86_64.json
[Vulkan Loader] LAYER:                /usr/share/vulkan/implicit_layer.d/VkLayer_MESA_anti_lag.json
[Vulkan Loader] LAYER:                /usr/share/vulkan/implicit_layer.d/MangoHud.x86_64.json
[Vulkan Loader] LAYER:                /usr/share/vulkan/implicit_layer.d/MangoHud.x86.json
[Vulkan Loader] LAYER:                /usr/share/vulkan/implicit_layer.d/VkLayer_MESA_device_select.json
[Vulkan Loader] LAYER:                /usr/share/vulkan/implicit_layer.d/VkLayer_LSFGVK_frame_generation.json
[Vulkan Loader] INFO:           Found manifest file /etc/vulkan/implicit_layer.d/nvidia_layers.json (file version 1.0.1)
[Vulkan Loader] INFO:           Found manifest file /home/hans/.local/share/vulkan/implicit_layer.d/steamoverlay_i386.json (file version 1.0.0)
[Vulkan Loader] INFO:           Found manifest file /home/hans/.local/share/vulkan/implicit_layer.d/steamoverlay_x86_64.json (file version 1.0.0)
[Vulkan Loader] INFO:           Found manifest file /home/hans/.local/share/vulkan/implicit_layer.d/steamfossilize_i386.json (file version 1.0.0)
[Vulkan Loader] INFO:           Found manifest file /home/hans/.local/share/vulkan/implicit_layer.d/steamfossilize_x86_64.json (file version 1.0.0)
[Vulkan Loader] INFO:           Found manifest file /usr/share/vulkan/implicit_layer.d/VkLayer_MESA_anti_lag.json (file version 1.2.1)
[Vulkan Loader] INFO:           Found manifest file /usr/share/vulkan/implicit_layer.d/MangoHud.x86_64.json (file version 1.0.0)
[Vulkan Loader] INFO:           Found manifest file /usr/share/vulkan/implicit_layer.d/MangoHud.x86.json (file version 1.0.0)
[Vulkan Loader] INFO:           Found manifest file /usr/share/vulkan/implicit_layer.d/VkLayer_MESA_device_select.json (file version 1.0.0)
[Vulkan Loader] INFO:           Found manifest file /usr/share/vulkan/implicit_layer.d/VkLayer_LSFGVK_frame_generation.json (file version 1.1.0)
[Vulkan Loader] INFO:           No valid vk_loader_settings.json file found, no loader settings will be active
[Vulkan Loader] LAYER:          Searching for implicit layer manifest files
[Vulkan Loader] LAYER:             In following locations:
[Vulkan Loader] LAYER:                /home/hans/.config/vulkan/implicit_layer.d
[Vulkan Loader] LAYER:                /home/hans/.config/kdedefaults/vulkan/implicit_layer.d
[Vulkan Loader] LAYER:                /etc/xdg/vulkan/implicit_layer.d
[Vulkan Loader] LAYER:                /etc/vulkan/implicit_layer.d
[Vulkan Loader] LAYER:                /home/hans/.local/share/vulkan/implicit_layer.d
[Vulkan Loader] LAYER:                /home/hans/.local/share/flatpak/exports/share/vulkan/implicit_layer.d
[Vulkan Loader] LAYER:                /var/lib/flatpak/exports/share/vulkan/implicit_layer.d
[Vulkan Loader] LAYER:                /usr/local/share/vulkan/implicit_layer.d
[Vulkan Loader] LAYER:                /usr/share/vulkan/implicit_layer.d
[Vulkan Loader] LAYER:                /etc/eselect/wine/share/vulkan/implicit_layer.d
[Vulkan Loader] LAYER:             Found the following files:
[Vulkan Loader] LAYER:                /etc/vulkan/implicit_layer.d/nvidia_layers.json
[Vulkan Loader] LAYER:                /home/hans/.local/share/vulkan/implicit_layer.d/steamoverlay_i386.json
[Vulkan Loader] LAYER:                /home/hans/.local/share/vulkan/implicit_layer.d/steamoverlay_x86_64.json
[Vulkan Loader] LAYER:                /home/hans/.local/share/vulkan/implicit_layer.d/steamfossilize_i386.json
[Vulkan Loader] LAYER:                /home/hans/.local/share/vulkan/implicit_layer.d/steamfossilize_x86_64.json
[Vulkan Loader] LAYER:                /usr/share/vulkan/implicit_layer.d/VkLayer_MESA_anti_lag.json
[Vulkan Loader] LAYER:                /usr/share/vulkan/implicit_layer.d/MangoHud.x86_64.json
[Vulkan Loader] LAYER:                /usr/share/vulkan/implicit_layer.d/MangoHud.x86.json
[Vulkan Loader] LAYER:                /usr/share/vulkan/implicit_layer.d/VkLayer_MESA_device_select.json
[Vulkan Loader] LAYER:                /usr/share/vulkan/implicit_layer.d/VkLayer_LSFGVK_frame_generation.json
[Vulkan Loader] INFO:           Found manifest file /etc/vulkan/implicit_layer.d/nvidia_layers.json (file version 1.0.1)
[Vulkan Loader] INFO:           Found manifest file /home/hans/.local/share/vulkan/implicit_layer.d/steamoverlay_i386.json (file version 1.0.0)
[Vulkan Loader] INFO:           Found manifest file /home/hans/.local/share/vulkan/implicit_layer.d/steamoverlay_x86_64.json (file version 1.0.0)
[Vulkan Loader] INFO:           Found manifest file /home/hans/.local/share/vulkan/implicit_layer.d/steamfossilize_i386.json (file version 1.0.0)
[Vulkan Loader] INFO:           Found manifest file /home/hans/.local/share/vulkan/implicit_layer.d/steamfossilize_x86_64.json (file version 1.0.0)
[Vulkan Loader] INFO:           Found manifest file /usr/share/vulkan/implicit_layer.d/VkLayer_MESA_anti_lag.json (file version 1.2.1)
[Vulkan Loader] INFO:           Found manifest file /usr/share/vulkan/implicit_layer.d/MangoHud.x86_64.json (file version 1.0.0)
[Vulkan Loader] INFO:           Found manifest file /usr/share/vulkan/implicit_layer.d/MangoHud.x86.json (file version 1.0.0)
[Vulkan Loader] INFO:           Found manifest file /usr/share/vulkan/implicit_layer.d/VkLayer_MESA_device_select.json (file version 1.0.0)
[Vulkan Loader] INFO:           Found manifest file /usr/share/vulkan/implicit_layer.d/VkLayer_LSFGVK_frame_generation.json (file version 1.1.0)
[Vulkan Loader] DRIVER:         Searching for driver manifest files
[Vulkan Loader] DRIVER:            In following locations:
[Vulkan Loader] DRIVER:               /home/hans/.config/vulkan/icd.d
[Vulkan Loader] DRIVER:               /home/hans/.config/kdedefaults/vulkan/icd.d
[Vulkan Loader] DRIVER:               /etc/xdg/vulkan/icd.d
[Vulkan Loader] DRIVER:               /etc/vulkan/icd.d
[Vulkan Loader] DRIVER:               /home/hans/.local/share/vulkan/icd.d
[Vulkan Loader] DRIVER:               /home/hans/.local/share/flatpak/exports/share/vulkan/icd.d
[Vulkan Loader] DRIVER:               /var/lib/flatpak/exports/share/vulkan/icd.d
[Vulkan Loader] DRIVER:               /usr/local/share/vulkan/icd.d
[Vulkan Loader] DRIVER:               /usr/share/vulkan/icd.d
[Vulkan Loader] DRIVER:               /etc/eselect/wine/share/vulkan/icd.d
[Vulkan Loader] DRIVER:            Found the following files:
[Vulkan Loader] DRIVER:               /etc/vulkan/icd.d/nvidia_icd.json
[Vulkan Loader] DRIVER:               /usr/share/vulkan/icd.d/intel_icd.i686.json
[Vulkan Loader] DRIVER:               /usr/share/vulkan/icd.d/intel_hasvk_icd.i686.json
[Vulkan Loader] DRIVER:               /usr/share/vulkan/icd.d/radeon_icd.i686.json
[Vulkan Loader] DRIVER:               /usr/share/vulkan/icd.d/intel_icd.x86_64.json
[Vulkan Loader] DRIVER:               /usr/share/vulkan/icd.d/intel_hasvk_icd.x86_64.json
[Vulkan Loader] DRIVER:               /usr/share/vulkan/icd.d/radeon_icd.x86_64.json
[Vulkan Loader] DRIVER:         Found ICD manifest file /etc/vulkan/icd.d/nvidia_icd.json, version 1.0.1
[Vulkan Loader] DEBUG | DRIVER: Searching for ICD drivers named libGLX_nvidia.so.0
[Vulkan Loader] DRIVER:         Found ICD manifest file /usr/share/vulkan/icd.d/intel_icd.i686.json, version 1.0.1
[Vulkan Loader] DEBUG | DRIVER: Searching for ICD drivers named /usr/lib/libvulkan_intel.so
[Vulkan Loader] INFO:           loader_parse_icd_manifest: Driver library architecture doesn't match the current running architecture, skipping this driver
[Vulkan Loader] DRIVER:         Found ICD manifest file /usr/share/vulkan/icd.d/intel_hasvk_icd.i686.json, version 1.0.1
[Vulkan Loader] DEBUG | DRIVER: Searching for ICD drivers named /usr/lib/libvulkan_intel_hasvk.so
[Vulkan Loader] INFO:           loader_parse_icd_manifest: Driver library architecture doesn't match the current running architecture, skipping this driver
[Vulkan Loader] DRIVER:         Found ICD manifest file /usr/share/vulkan/icd.d/radeon_icd.i686.json, version 1.0.1
[Vulkan Loader] DEBUG | DRIVER: Searching for ICD drivers named /usr/lib/libvulkan_radeon.so
[Vulkan Loader] INFO:           loader_parse_icd_manifest: Driver library architecture doesn't match the current running architecture, skipping this driver
[Vulkan Loader] DRIVER:         Found ICD manifest file /usr/share/vulkan/icd.d/intel_icd.x86_64.json, version 1.0.1
[Vulkan Loader] DEBUG | DRIVER: Searching for ICD drivers named /usr/lib64/libvulkan_intel.so
[Vulkan Loader] DRIVER:         Found ICD manifest file /usr/share/vulkan/icd.d/intel_hasvk_icd.x86_64.json, version 1.0.1
[Vulkan Loader] DEBUG | DRIVER: Searching for ICD drivers named /usr/lib64/libvulkan_intel_hasvk.so
[Vulkan Loader] DRIVER:         Found ICD manifest file /usr/share/vulkan/icd.d/radeon_icd.x86_64.json, version 1.0.1
[Vulkan Loader] DEBUG | DRIVER: Searching for ICD drivers named /usr/lib64/libvulkan_radeon.so
[Vulkan Loader] LAYER:          Searching for implicit layer manifest files
[Vulkan Loader] LAYER:             In following locations:
[Vulkan Loader] LAYER:                /home/hans/.config/vulkan/implicit_layer.d
[Vulkan Loader] LAYER:                /home/hans/.config/kdedefaults/vulkan/implicit_layer.d
[Vulkan Loader] LAYER:                /etc/xdg/vulkan/implicit_layer.d
[Vulkan Loader] LAYER:                /etc/vulkan/implicit_layer.d
[Vulkan Loader] LAYER:                /home/hans/.local/share/vulkan/implicit_layer.d
[Vulkan Loader] LAYER:                /home/hans/.local/share/flatpak/exports/share/vulkan/implicit_layer.d
[Vulkan Loader] LAYER:                /var/lib/flatpak/exports/share/vulkan/implicit_layer.d
[Vulkan Loader] LAYER:                /usr/local/share/vulkan/implicit_layer.d
[Vulkan Loader] LAYER:                /usr/share/vulkan/implicit_layer.d
[Vulkan Loader] LAYER:                /etc/eselect/wine/share/vulkan/implicit_layer.d
[Vulkan Loader] LAYER:             Found the following files:
[Vulkan Loader] LAYER:                /etc/vulkan/implicit_layer.d/nvidia_layers.json
[Vulkan Loader] LAYER:                /home/hans/.local/share/vulkan/implicit_layer.d/steamoverlay_i386.json
[Vulkan Loader] LAYER:                /home/hans/.local/share/vulkan/implicit_layer.d/steamoverlay_x86_64.json
[Vulkan Loader] LAYER:                /home/hans/.local/share/vulkan/implicit_layer.d/steamfossilize_i386.json
[Vulkan Loader] LAYER:                /home/hans/.local/share/vulkan/implicit_layer.d/steamfossilize_x86_64.json
[Vulkan Loader] LAYER:                /usr/share/vulkan/implicit_layer.d/VkLayer_MESA_anti_lag.json
[Vulkan Loader] LAYER:                /usr/share/vulkan/implicit_layer.d/MangoHud.x86_64.json
[Vulkan Loader] LAYER:                /usr/share/vulkan/implicit_layer.d/MangoHud.x86.json
[Vulkan Loader] LAYER:                /usr/share/vulkan/implicit_layer.d/VkLayer_MESA_device_select.json
[Vulkan Loader] LAYER:                /usr/share/vulkan/implicit_layer.d/VkLayer_LSFGVK_frame_generation.json
[Vulkan Loader] INFO:           Found manifest file /etc/vulkan/implicit_layer.d/nvidia_layers.json (file version 1.0.1)
[Vulkan Loader] INFO:           Found manifest file /home/hans/.local/share/vulkan/implicit_layer.d/steamoverlay_i386.json (file version 1.0.0)
[Vulkan Loader] INFO:           Found manifest file /home/hans/.local/share/vulkan/implicit_layer.d/steamoverlay_x86_64.json (file version 1.0.0)
[Vulkan Loader] INFO:           Found manifest file /home/hans/.local/share/vulkan/implicit_layer.d/steamfossilize_i386.json (file version 1.0.0)
[Vulkan Loader] INFO:           Found manifest file /home/hans/.local/share/vulkan/implicit_layer.d/steamfossilize_x86_64.json (file version 1.0.0)
[Vulkan Loader] INFO:           Found manifest file /usr/share/vulkan/implicit_layer.d/VkLayer_MESA_anti_lag.json (file version 1.2.1)
[Vulkan Loader] INFO:           Found manifest file /usr/share/vulkan/implicit_layer.d/MangoHud.x86_64.json (file version 1.0.0)
[Vulkan Loader] INFO:           Found manifest file /usr/share/vulkan/implicit_layer.d/MangoHud.x86.json (file version 1.0.0)
[Vulkan Loader] INFO:           Found manifest file /usr/share/vulkan/implicit_layer.d/VkLayer_MESA_device_select.json (file version 1.0.0)
[Vulkan Loader] INFO:           Found manifest file /usr/share/vulkan/implicit_layer.d/VkLayer_LSFGVK_frame_generation.json (file version 1.1.0)
[Vulkan Loader] INFO:           No valid vk_loader_settings.json file found, no loader settings will be active
[Vulkan Loader] LAYER:          Searching for implicit layer manifest files
[Vulkan Loader] LAYER:             In following locations:
[Vulkan Loader] LAYER:                /home/hans/.config/vulkan/implicit_layer.d
[Vulkan Loader] LAYER:                /home/hans/.config/kdedefaults/vulkan/implicit_layer.d
[Vulkan Loader] LAYER:                /etc/xdg/vulkan/implicit_layer.d
[Vulkan Loader] LAYER:                /etc/vulkan/implicit_layer.d
[Vulkan Loader] LAYER:                /home/hans/.local/share/vulkan/implicit_layer.d
[Vulkan Loader] LAYER:                /home/hans/.local/share/flatpak/exports/share/vulkan/implicit_layer.d
[Vulkan Loader] LAYER:                /var/lib/flatpak/exports/share/vulkan/implicit_layer.d
[Vulkan Loader] LAYER:                /usr/local/share/vulkan/implicit_layer.d
[Vulkan Loader] LAYER:                /usr/share/vulkan/implicit_layer.d
[Vulkan Loader] LAYER:                /etc/eselect/wine/share/vulkan/implicit_layer.d
[Vulkan Loader] LAYER:             Found the following files:
[Vulkan Loader] LAYER:                /etc/vulkan/implicit_layer.d/nvidia_layers.json
[Vulkan Loader] LAYER:                /home/hans/.local/share/vulkan/implicit_layer.d/steamoverlay_i386.json
[Vulkan Loader] LAYER:                /home/hans/.local/share/vulkan/implicit_layer.d/steamoverlay_x86_64.json
[Vulkan Loader] LAYER:                /home/hans/.local/share/vulkan/implicit_layer.d/steamfossilize_i386.json
[Vulkan Loader] LAYER:                /home/hans/.local/share/vulkan/implicit_layer.d/steamfossilize_x86_64.json
[Vulkan Loader] LAYER:                /usr/share/vulkan/implicit_layer.d/VkLayer_MESA_anti_lag.json
[Vulkan Loader] LAYER:                /usr/share/vulkan/implicit_layer.d/MangoHud.x86_64.json
[Vulkan Loader] LAYER:                /usr/share/vulkan/implicit_layer.d/MangoHud.x86.json
[Vulkan Loader] LAYER:                /usr/share/vulkan/implicit_layer.d/VkLayer_MESA_device_select.json
[Vulkan Loader] LAYER:                /usr/share/vulkan/implicit_layer.d/VkLayer_LSFGVK_frame_generation.json
[Vulkan Loader] INFO:           Found manifest file /etc/vulkan/implicit_layer.d/nvidia_layers.json (file version 1.0.1)
[Vulkan Loader] INFO:           Found manifest file /home/hans/.local/share/vulkan/implicit_layer.d/steamoverlay_i386.json (file version 1.0.0)
[Vulkan Loader] INFO:           Found manifest file /home/hans/.local/share/vulkan/implicit_layer.d/steamoverlay_x86_64.json (file version 1.0.0)
[Vulkan Loader] INFO:           Found manifest file /home/hans/.local/share/vulkan/implicit_layer.d/steamfossilize_i386.json (file version 1.0.0)
[Vulkan Loader] INFO:           Found manifest file /home/hans/.local/share/vulkan/implicit_layer.d/steamfossilize_x86_64.json (file version 1.0.0)
[Vulkan Loader] INFO:           Found manifest file /usr/share/vulkan/implicit_layer.d/VkLayer_MESA_anti_lag.json (file version 1.2.1)
[Vulkan Loader] INFO:           Found manifest file /usr/share/vulkan/implicit_layer.d/MangoHud.x86_64.json (file version 1.0.0)
[Vulkan Loader] INFO:           Found manifest file /usr/share/vulkan/implicit_layer.d/MangoHud.x86.json (file version 1.0.0)
[Vulkan Loader] INFO:           Found manifest file /usr/share/vulkan/implicit_layer.d/VkLayer_MESA_device_select.json (file version 1.0.0)
[Vulkan Loader] INFO:           Found manifest file /usr/share/vulkan/implicit_layer.d/VkLayer_LSFGVK_frame_generation.json (file version 1.1.0)
[Vulkan Loader] DRIVER:         Searching for driver manifest files
[Vulkan Loader] DRIVER:            In following locations:
[Vulkan Loader] DRIVER:               /home/hans/.config/vulkan/icd.d
[Vulkan Loader] DRIVER:               /home/hans/.config/kdedefaults/vulkan/icd.d
[Vulkan Loader] DRIVER:               /etc/xdg/vulkan/icd.d
[Vulkan Loader] DRIVER:               /etc/vulkan/icd.d
[Vulkan Loader] DRIVER:               /home/hans/.local/share/vulkan/icd.d
[Vulkan Loader] DRIVER:               /home/hans/.local/share/flatpak/exports/share/vulkan/icd.d
[Vulkan Loader] DRIVER:               /var/lib/flatpak/exports/share/vulkan/icd.d
[Vulkan Loader] DRIVER:               /usr/local/share/vulkan/icd.d
[Vulkan Loader] DRIVER:               /usr/share/vulkan/icd.d
[Vulkan Loader] DRIVER:               /etc/eselect/wine/share/vulkan/icd.d
[Vulkan Loader] DRIVER:            Found the following files:
[Vulkan Loader] DRIVER:               /etc/vulkan/icd.d/nvidia_icd.json
[Vulkan Loader] DRIVER:               /usr/share/vulkan/icd.d/intel_icd.i686.json
[Vulkan Loader] DRIVER:               /usr/share/vulkan/icd.d/intel_hasvk_icd.i686.json
[Vulkan Loader] DRIVER:               /usr/share/vulkan/icd.d/radeon_icd.i686.json
[Vulkan Loader] DRIVER:               /usr/share/vulkan/icd.d/intel_icd.x86_64.json
[Vulkan Loader] DRIVER:               /usr/share/vulkan/icd.d/intel_hasvk_icd.x86_64.json
[Vulkan Loader] DRIVER:               /usr/share/vulkan/icd.d/radeon_icd.x86_64.json
[Vulkan Loader] DRIVER:         Found ICD manifest file /etc/vulkan/icd.d/nvidia_icd.json, version 1.0.1
[Vulkan Loader] DEBUG | DRIVER: Searching for ICD drivers named libGLX_nvidia.so.0
[Vulkan Loader] DRIVER:         Found ICD manifest file /usr/share/vulkan/icd.d/intel_icd.i686.json, version 1.0.1
[Vulkan Loader] DEBUG | DRIVER: Searching for ICD drivers named /usr/lib/libvulkan_intel.so
[Vulkan Loader] INFO:           loader_parse_icd_manifest: Driver library architecture doesn't match the current running architecture, skipping this driver
[Vulkan Loader] DRIVER:         Found ICD manifest file /usr/share/vulkan/icd.d/intel_hasvk_icd.i686.json, version 1.0.1
[Vulkan Loader] DEBUG | DRIVER: Searching for ICD drivers named /usr/lib/libvulkan_intel_hasvk.so
[Vulkan Loader] INFO:           loader_parse_icd_manifest: Driver library architecture doesn't match the current running architecture, skipping this driver
[Vulkan Loader] DRIVER:         Found ICD manifest file /usr/share/vulkan/icd.d/radeon_icd.i686.json, version 1.0.1
[Vulkan Loader] DEBUG | DRIVER: Searching for ICD drivers named /usr/lib/libvulkan_radeon.so
[Vulkan Loader] INFO:           loader_parse_icd_manifest: Driver library architecture doesn't match the current running architecture, skipping this driver
[Vulkan Loader] DRIVER:         Found ICD manifest file /usr/share/vulkan/icd.d/intel_icd.x86_64.json, version 1.0.1
[Vulkan Loader] DEBUG | DRIVER: Searching for ICD drivers named /usr/lib64/libvulkan_intel.so
[Vulkan Loader] DRIVER:         Found ICD manifest file /usr/share/vulkan/icd.d/intel_hasvk_icd.x86_64.json, version 1.0.1
[Vulkan Loader] DEBUG | DRIVER: Searching for ICD drivers named /usr/lib64/libvulkan_intel_hasvk.so
[Vulkan Loader] DRIVER:         Found ICD manifest file /usr/share/vulkan/icd.d/radeon_icd.x86_64.json, version 1.0.1
[Vulkan Loader] DEBUG | DRIVER: Searching for ICD drivers named /usr/lib64/libvulkan_radeon.so
[Vulkan Loader] LAYER:          Searching for implicit layer manifest files
[Vulkan Loader] LAYER:             In following locations:
[Vulkan Loader] LAYER:                /home/hans/.config/vulkan/implicit_layer.d
[Vulkan Loader] LAYER:                /home/hans/.config/kdedefaults/vulkan/implicit_layer.d
[Vulkan Loader] LAYER:                /etc/xdg/vulkan/implicit_layer.d
[Vulkan Loader] LAYER:                /etc/vulkan/implicit_layer.d
[Vulkan Loader] LAYER:                /home/hans/.local/share/vulkan/implicit_layer.d
[Vulkan Loader] LAYER:                /home/hans/.local/share/flatpak/exports/share/vulkan/implicit_layer.d
[Vulkan Loader] LAYER:                /var/lib/flatpak/exports/share/vulkan/implicit_layer.d
[Vulkan Loader] LAYER:                /usr/local/share/vulkan/implicit_layer.d
[Vulkan Loader] LAYER:                /usr/share/vulkan/implicit_layer.d
[Vulkan Loader] LAYER:                /etc/eselect/wine/share/vulkan/implicit_layer.d
[Vulkan Loader] LAYER:             Found the following files:
[Vulkan Loader] LAYER:                /etc/vulkan/implicit_layer.d/nvidia_layers.json
[Vulkan Loader] LAYER:                /home/hans/.local/share/vulkan/implicit_layer.d/steamoverlay_i386.json
[Vulkan Loader] LAYER:                /home/hans/.local/share/vulkan/implicit_layer.d/steamoverlay_x86_64.json
[Vulkan Loader] LAYER:                /home/hans/.local/share/vulkan/implicit_layer.d/steamfossilize_i386.json
[Vulkan Loader] LAYER:                /home/hans/.local/share/vulkan/implicit_layer.d/steamfossilize_x86_64.json
[Vulkan Loader] LAYER:                /usr/share/vulkan/implicit_layer.d/VkLayer_MESA_anti_lag.json
[Vulkan Loader] LAYER:                /usr/share/vulkan/implicit_layer.d/MangoHud.x86_64.json
[Vulkan Loader] LAYER:                /usr/share/vulkan/implicit_layer.d/MangoHud.x86.json
[Vulkan Loader] LAYER:                /usr/share/vulkan/implicit_layer.d/VkLayer_MESA_device_select.json
[Vulkan Loader] LAYER:                /usr/share/vulkan/implicit_layer.d/VkLayer_LSFGVK_frame_generation.json
[Vulkan Loader] INFO:           Found manifest file /etc/vulkan/implicit_layer.d/nvidia_layers.json (file version 1.0.1)
[Vulkan Loader] INFO:           Found manifest file /home/hans/.local/share/vulkan/implicit_layer.d/steamoverlay_i386.json (file version 1.0.0)
[Vulkan Loader] INFO:           Found manifest file /home/hans/.local/share/vulkan/implicit_layer.d/steamoverlay_x86_64.json (file version 1.0.0)
[Vulkan Loader] INFO:           Found manifest file /home/hans/.local/share/vulkan/implicit_layer.d/steamfossilize_i386.json (file version 1.0.0)
[Vulkan Loader] INFO:           Found manifest file /home/hans/.local/share/vulkan/implicit_layer.d/steamfossilize_x86_64.json (file version 1.0.0)
[Vulkan Loader] INFO:           Found manifest file /usr/share/vulkan/implicit_layer.d/VkLayer_MESA_anti_lag.json (file version 1.2.1)
[Vulkan Loader] INFO:           Found manifest file /usr/share/vulkan/implicit_layer.d/MangoHud.x86_64.json (file version 1.0.0)
[Vulkan Loader] INFO:           Found manifest file /usr/share/vulkan/implicit_layer.d/MangoHud.x86.json (file version 1.0.0)
[Vulkan Loader] INFO:           Found manifest file /usr/share/vulkan/implicit_layer.d/VkLayer_MESA_device_select.json (file version 1.0.0)
[Vulkan Loader] INFO:           Found manifest file /usr/share/vulkan/implicit_layer.d/VkLayer_LSFGVK_frame_generation.json (file version 1.1.0)
[Vulkan Loader] INFO:           No valid vk_loader_settings.json file found, no loader settings will be active
[Vulkan Loader] LAYER:          Searching for implicit layer manifest files
[Vulkan Loader] LAYER:             In following locations:
[Vulkan Loader] LAYER:                /home/hans/.config/vulkan/implicit_layer.d
[Vulkan Loader] LAYER:                /home/hans/.config/kdedefaults/vulkan/implicit_layer.d
[Vulkan Loader] LAYER:                /etc/xdg/vulkan/implicit_layer.d
[Vulkan Loader] LAYER:                /etc/vulkan/implicit_layer.d
[Vulkan Loader] LAYER:                /home/hans/.local/share/vulkan/implicit_layer.d
[Vulkan Loader] LAYER:                /home/hans/.local/share/flatpak/exports/share/vulkan/implicit_layer.d
[Vulkan Loader] LAYER:                /var/lib/flatpak/exports/share/vulkan/implicit_layer.d
[Vulkan Loader] LAYER:                /usr/local/share/vulkan/implicit_layer.d
[Vulkan Loader] LAYER:                /usr/share/vulkan/implicit_layer.d
[Vulkan Loader] LAYER:                /etc/eselect/wine/share/vulkan/implicit_layer.d
[Vulkan Loader] LAYER:             Found the following files:
[Vulkan Loader] LAYER:                /etc/vulkan/implicit_layer.d/nvidia_layers.json
[Vulkan Loader] LAYER:                /home/hans/.local/share/vulkan/implicit_layer.d/steamoverlay_i386.json
[Vulkan Loader] LAYER:                /home/hans/.local/share/vulkan/implicit_layer.d/steamoverlay_x86_64.json
[Vulkan Loader] LAYER:                /home/hans/.local/share/vulkan/implicit_layer.d/steamfossilize_i386.json
[Vulkan Loader] LAYER:                /home/hans/.local/share/vulkan/implicit_layer.d/steamfossilize_x86_64.json
[Vulkan Loader] LAYER:                /usr/share/vulkan/implicit_layer.d/VkLayer_MESA_anti_lag.json
[Vulkan Loader] LAYER:                /usr/share/vulkan/implicit_layer.d/MangoHud.x86_64.json
[Vulkan Loader] LAYER:                /usr/share/vulkan/implicit_layer.d/MangoHud.x86.json
[Vulkan Loader] LAYER:                /usr/share/vulkan/implicit_layer.d/VkLayer_MESA_device_select.json
[Vulkan Loader] LAYER:                /usr/share/vulkan/implicit_layer.d/VkLayer_LSFGVK_frame_generation.json
[Vulkan Loader] INFO:           Found manifest file /etc/vulkan/implicit_layer.d/nvidia_layers.json (file version 1.0.1)
[Vulkan Loader] INFO:           Found manifest file /home/hans/.local/share/vulkan/implicit_layer.d/steamoverlay_i386.json (file version 1.0.0)
[Vulkan Loader] INFO:           Found manifest file /home/hans/.local/share/vulkan/implicit_layer.d/steamoverlay_x86_64.json (file version 1.0.0)
[Vulkan Loader] INFO:           Found manifest file /home/hans/.local/share/vulkan/implicit_layer.d/steamfossilize_i386.json (file version 1.0.0)
[Vulkan Loader] INFO:           Found manifest file /home/hans/.local/share/vulkan/implicit_layer.d/steamfossilize_x86_64.json (file version 1.0.0)
[Vulkan Loader] INFO:           Found manifest file /usr/share/vulkan/implicit_layer.d/VkLayer_MESA_anti_lag.json (file version 1.2.1)
[Vulkan Loader] INFO:           Found manifest file /usr/share/vulkan/implicit_layer.d/MangoHud.x86_64.json (file version 1.0.0)
[Vulkan Loader] INFO:           Found manifest file /usr/share/vulkan/implicit_layer.d/MangoHud.x86.json (file version 1.0.0)
[Vulkan Loader] INFO:           Found manifest file /usr/share/vulkan/implicit_layer.d/VkLayer_MESA_device_select.json (file version 1.0.0)
[Vulkan Loader] INFO:           Found manifest file /usr/share/vulkan/implicit_layer.d/VkLayer_LSFGVK_frame_generation.json (file version 1.1.0)
[Vulkan Loader] DRIVER:         Searching for driver manifest files
[Vulkan Loader] DRIVER:            In following locations:
[Vulkan Loader] DRIVER:               /home/hans/.config/vulkan/icd.d
[Vulkan Loader] DRIVER:               /home/hans/.config/kdedefaults/vulkan/icd.d
[Vulkan Loader] DRIVER:               /etc/xdg/vulkan/icd.d
[Vulkan Loader] DRIVER:               /etc/vulkan/icd.d
[Vulkan Loader] DRIVER:               /home/hans/.local/share/vulkan/icd.d
[Vulkan Loader] DRIVER:               /home/hans/.local/share/flatpak/exports/share/vulkan/icd.d
[Vulkan Loader] DRIVER:               /var/lib/flatpak/exports/share/vulkan/icd.d
[Vulkan Loader] DRIVER:               /usr/local/share/vulkan/icd.d
[Vulkan Loader] DRIVER:               /usr/share/vulkan/icd.d
[Vulkan Loader] DRIVER:               /etc/eselect/wine/share/vulkan/icd.d
[Vulkan Loader] DRIVER:            Found the following files:
[Vulkan Loader] DRIVER:               /etc/vulkan/icd.d/nvidia_icd.json
[Vulkan Loader] DRIVER:               /usr/share/vulkan/icd.d/intel_icd.i686.json
[Vulkan Loader] DRIVER:               /usr/share/vulkan/icd.d/intel_hasvk_icd.i686.json
[Vulkan Loader] DRIVER:               /usr/share/vulkan/icd.d/radeon_icd.i686.json
[Vulkan Loader] DRIVER:               /usr/share/vulkan/icd.d/intel_icd.x86_64.json
[Vulkan Loader] DRIVER:               /usr/share/vulkan/icd.d/intel_hasvk_icd.x86_64.json
[Vulkan Loader] DRIVER:               /usr/share/vulkan/icd.d/radeon_icd.x86_64.json
[Vulkan Loader] DRIVER:         Found ICD manifest file /etc/vulkan/icd.d/nvidia_icd.json, version 1.0.1
[Vulkan Loader] DEBUG | DRIVER: Searching for ICD drivers named libGLX_nvidia.so.0
[Vulkan Loader] DRIVER:         Found ICD manifest file /usr/share/vulkan/icd.d/intel_icd.i686.json, version 1.0.1
[Vulkan Loader] DEBUG | DRIVER: Searching for ICD drivers named /usr/lib/libvulkan_intel.so
[Vulkan Loader] INFO:           loader_parse_icd_manifest: Driver library architecture doesn't match the current running architecture, skipping this driver
[Vulkan Loader] DRIVER:         Found ICD manifest file /usr/share/vulkan/icd.d/intel_hasvk_icd.i686.json, version 1.0.1
[Vulkan Loader] DEBUG | DRIVER: Searching for ICD drivers named /usr/lib/libvulkan_intel_hasvk.so
[Vulkan Loader] INFO:           loader_parse_icd_manifest: Driver library architecture doesn't match the current running architecture, skipping this driver
[Vulkan Loader] DRIVER:         Found ICD manifest file /usr/share/vulkan/icd.d/radeon_icd.i686.json, version 1.0.1
[Vulkan Loader] DEBUG | DRIVER: Searching for ICD drivers named /usr/lib/libvulkan_radeon.so
[Vulkan Loader] INFO:           loader_parse_icd_manifest: Driver library architecture doesn't match the current running architecture, skipping this driver
[Vulkan Loader] DRIVER:         Found ICD manifest file /usr/share/vulkan/icd.d/intel_icd.x86_64.json, version 1.0.1
[Vulkan Loader] DEBUG | DRIVER: Searching for ICD drivers named /usr/lib64/libvulkan_intel.so
[Vulkan Loader] DRIVER:         Found ICD manifest file /usr/share/vulkan/icd.d/intel_hasvk_icd.x86_64.json, version 1.0.1
[Vulkan Loader] DEBUG | DRIVER: Searching for ICD drivers named /usr/lib64/libvulkan_intel_hasvk.so
[Vulkan Loader] DRIVER:         Found ICD manifest file /usr/share/vulkan/icd.d/radeon_icd.x86_64.json, version 1.0.1
[Vulkan Loader] DEBUG | DRIVER: Searching for ICD drivers named /usr/lib64/libvulkan_radeon.so
[Vulkan Loader] LAYER:          Searching for implicit layer manifest files
[Vulkan Loader] LAYER:             In following locations:
[Vulkan Loader] LAYER:                /home/hans/.config/vulkan/implicit_layer.d
[Vulkan Loader] LAYER:                /home/hans/.config/kdedefaults/vulkan/implicit_layer.d
[Vulkan Loader] LAYER:                /etc/xdg/vulkan/implicit_layer.d
[Vulkan Loader] LAYER:                /etc/vulkan/implicit_layer.d
[Vulkan Loader] LAYER:                /home/hans/.local/share/vulkan/implicit_layer.d
[Vulkan Loader] LAYER:                /home/hans/.local/share/flatpak/exports/share/vulkan/implicit_layer.d
[Vulkan Loader] LAYER:                /var/lib/flatpak/exports/share/vulkan/implicit_layer.d
[Vulkan Loader] LAYER:                /usr/local/share/vulkan/implicit_layer.d
[Vulkan Loader] LAYER:                /usr/share/vulkan/implicit_layer.d
[Vulkan Loader] LAYER:                /etc/eselect/wine/share/vulkan/implicit_layer.d
[Vulkan Loader] LAYER:             Found the following files:
[Vulkan Loader] LAYER:                /etc/vulkan/implicit_layer.d/nvidia_layers.json
[Vulkan Loader] LAYER:                /home/hans/.local/share/vulkan/implicit_layer.d/steamoverlay_i386.json
[Vulkan Loader] LAYER:                /home/hans/.local/share/vulkan/implicit_layer.d/steamoverlay_x86_64.json
[Vulkan Loader] LAYER:                /home/hans/.local/share/vulkan/implicit_layer.d/steamfossilize_i386.json
[Vulkan Loader] LAYER:                /home/hans/.local/share/vulkan/implicit_layer.d/steamfossilize_x86_64.json
[Vulkan Loader] LAYER:                /usr/share/vulkan/implicit_layer.d/VkLayer_MESA_anti_lag.json
[Vulkan Loader] LAYER:                /usr/share/vulkan/implicit_layer.d/MangoHud.x86_64.json
[Vulkan Loader] LAYER:                /usr/share/vulkan/implicit_layer.d/MangoHud.x86.json
[Vulkan Loader] LAYER:                /usr/share/vulkan/implicit_layer.d/VkLayer_MESA_device_select.json
[Vulkan Loader] LAYER:                /usr/share/vulkan/implicit_layer.d/VkLayer_LSFGVK_frame_generation.json
[Vulkan Loader] INFO:           Found manifest file /etc/vulkan/implicit_layer.d/nvidia_layers.json (file version 1.0.1)
[Vulkan Loader] INFO:           Found manifest file /home/hans/.local/share/vulkan/implicit_layer.d/steamoverlay_i386.json (file version 1.0.0)
[Vulkan Loader] INFO:           Found manifest file /home/hans/.local/share/vulkan/implicit_layer.d/steamoverlay_x86_64.json (file version 1.0.0)
[Vulkan Loader] INFO:           Found manifest file /home/hans/.local/share/vulkan/implicit_layer.d/steamfossilize_i386.json (file version 1.0.0)
[Vulkan Loader] INFO:           Found manifest file /home/hans/.local/share/vulkan/implicit_layer.d/steamfossilize_x86_64.json (file version 1.0.0)
[Vulkan Loader] INFO:           Found manifest file /usr/share/vulkan/implicit_layer.d/VkLayer_MESA_anti_lag.json (file version 1.2.1)
[Vulkan Loader] INFO:           Found manifest file /usr/share/vulkan/implicit_layer.d/MangoHud.x86_64.json (file version 1.0.0)
[Vulkan Loader] INFO:           Found manifest file /usr/share/vulkan/implicit_layer.d/MangoHud.x86.json (file version 1.0.0)
[Vulkan Loader] INFO:           Found manifest file /usr/share/vulkan/implicit_layer.d/VkLayer_MESA_device_select.json (file version 1.0.0)
[Vulkan Loader] INFO:           Found manifest file /usr/share/vulkan/implicit_layer.d/VkLayer_LSFGVK_frame_generation.json (file version 1.1.0)
[Vulkan Loader] INFO:           No valid vk_loader_settings.json file found, no loader settings will be active
[Vulkan Loader] LAYER:          Searching for implicit layer manifest files
[Vulkan Loader] LAYER:             In following locations:
[Vulkan Loader] LAYER:                /home/hans/.config/vulkan/implicit_layer.d
[Vulkan Loader] LAYER:                /home/hans/.config/kdedefaults/vulkan/implicit_layer.d
[Vulkan Loader] LAYER:                /etc/xdg/vulkan/implicit_layer.d
[Vulkan Loader] LAYER:                /etc/vulkan/implicit_layer.d
[Vulkan Loader] LAYER:                /home/hans/.local/share/vulkan/implicit_layer.d
[Vulkan Loader] LAYER:                /home/hans/.local/share/flatpak/exports/share/vulkan/implicit_layer.d
[Vulkan Loader] LAYER:                /var/lib/flatpak/exports/share/vulkan/implicit_layer.d
[Vulkan Loader] LAYER:                /usr/local/share/vulkan/implicit_layer.d
[Vulkan Loader] LAYER:                /usr/share/vulkan/implicit_layer.d
[Vulkan Loader] LAYER:                /etc/eselect/wine/share/vulkan/implicit_layer.d
[Vulkan Loader] LAYER:             Found the following files:
[Vulkan Loader] LAYER:                /etc/vulkan/implicit_layer.d/nvidia_layers.json
[Vulkan Loader] LAYER:                /home/hans/.local/share/vulkan/implicit_layer.d/steamoverlay_i386.json
[Vulkan Loader] LAYER:                /home/hans/.local/share/vulkan/implicit_layer.d/steamoverlay_x86_64.json
[Vulkan Loader] LAYER:                /home/hans/.local/share/vulkan/implicit_layer.d/steamfossilize_i386.json
[Vulkan Loader] LAYER:                /home/hans/.local/share/vulkan/implicit_layer.d/steamfossilize_x86_64.json
[Vulkan Loader] LAYER:                /usr/share/vulkan/implicit_layer.d/VkLayer_MESA_anti_lag.json
[Vulkan Loader] LAYER:                /usr/share/vulkan/implicit_layer.d/MangoHud.x86_64.json
[Vulkan Loader] LAYER:                /usr/share/vulkan/implicit_layer.d/MangoHud.x86.json
[Vulkan Loader] LAYER:                /usr/share/vulkan/implicit_layer.d/VkLayer_MESA_device_select.json
[Vulkan Loader] LAYER:                /usr/share/vulkan/implicit_layer.d/VkLayer_LSFGVK_frame_generation.json
[Vulkan Loader] INFO:           Found manifest file /etc/vulkan/implicit_layer.d/nvidia_layers.json (file version 1.0.1)
[Vulkan Loader] INFO:           Found manifest file /home/hans/.local/share/vulkan/implicit_layer.d/steamoverlay_i386.json (file version 1.0.0)
[Vulkan Loader] INFO:           Found manifest file /home/hans/.local/share/vulkan/implicit_layer.d/steamoverlay_x86_64.json (file version 1.0.0)
[Vulkan Loader] INFO:           Found manifest file /home/hans/.local/share/vulkan/implicit_layer.d/steamfossilize_i386.json (file version 1.0.0)
[Vulkan Loader] INFO:           Found manifest file /home/hans/.local/share/vulkan/implicit_layer.d/steamfossilize_x86_64.json (file version 1.0.0)
[Vulkan Loader] INFO:           Found manifest file /usr/share/vulkan/implicit_layer.d/VkLayer_MESA_anti_lag.json (file version 1.2.1)
[Vulkan Loader] INFO:           Found manifest file /usr/share/vulkan/implicit_layer.d/MangoHud.x86_64.json (file version 1.0.0)
[Vulkan Loader] INFO:           Found manifest file /usr/share/vulkan/implicit_layer.d/MangoHud.x86.json (file version 1.0.0)
[Vulkan Loader] INFO:           Found manifest file /usr/share/vulkan/implicit_layer.d/VkLayer_MESA_device_select.json (file version 1.0.0)
[Vulkan Loader] INFO:           Found manifest file /usr/share/vulkan/implicit_layer.d/VkLayer_LSFGVK_frame_generation.json (file version 1.1.0)
[Vulkan Loader] LAYER:          Searching for explicit layer manifest files
[Vulkan Loader] LAYER:             In following locations:
[Vulkan Loader] LAYER:                /home/hans/.config/vulkan/explicit_layer.d
[Vulkan Loader] LAYER:                /home/hans/.config/kdedefaults/vulkan/explicit_layer.d
[Vulkan Loader] LAYER:                /etc/xdg/vulkan/explicit_layer.d
[Vulkan Loader] LAYER:                /etc/vulkan/explicit_layer.d
[Vulkan Loader] LAYER:                /home/hans/.local/share/vulkan/explicit_layer.d
[Vulkan Loader] LAYER:                /home/hans/.local/share/flatpak/exports/share/vulkan/explicit_layer.d
[Vulkan Loader] LAYER:                /var/lib/flatpak/exports/share/vulkan/explicit_layer.d
[Vulkan Loader] LAYER:                /usr/local/share/vulkan/explicit_layer.d
[Vulkan Loader] LAYER:                /usr/share/vulkan/explicit_layer.d
[Vulkan Loader] LAYER:                /etc/eselect/wine/share/vulkan/explicit_layer.d
[Vulkan Loader] LAYER:             Found the following files:
[Vulkan Loader] LAYER:                /usr/share/vulkan/explicit_layer.d/VkLayer_MESA_overlay.json
[Vulkan Loader] LAYER:                /usr/share/vulkan/explicit_layer.d/VkLayer_khronos_validation.json
[Vulkan Loader] INFO:           Found manifest file /usr/share/vulkan/explicit_layer.d/VkLayer_MESA_overlay.json (file version 1.0.0)
[Vulkan Loader] INFO:           Found manifest file /usr/share/vulkan/explicit_layer.d/VkLayer_khronos_validation.json (file version 1.2.0)
[Vulkan Loader] DRIVER:         Searching for driver manifest files
[Vulkan Loader] DRIVER:            In following locations:
[Vulkan Loader] DRIVER:               /home/hans/.config/vulkan/icd.d
[Vulkan Loader] DRIVER:               /home/hans/.config/kdedefaults/vulkan/icd.d
[Vulkan Loader] DRIVER:               /etc/xdg/vulkan/icd.d
[Vulkan Loader] DRIVER:               /etc/vulkan/icd.d
[Vulkan Loader] DRIVER:               /home/hans/.local/share/vulkan/icd.d
[Vulkan Loader] DRIVER:               /home/hans/.local/share/flatpak/exports/share/vulkan/icd.d
[Vulkan Loader] DRIVER:               /var/lib/flatpak/exports/share/vulkan/icd.d
[Vulkan Loader] DRIVER:               /usr/local/share/vulkan/icd.d
[Vulkan Loader] DRIVER:               /usr/share/vulkan/icd.d
[Vulkan Loader] DRIVER:               /etc/eselect/wine/share/vulkan/icd.d
[Vulkan Loader] DRIVER:            Found the following files:
[Vulkan Loader] DRIVER:               /etc/vulkan/icd.d/nvidia_icd.json
[Vulkan Loader] DRIVER:               /usr/share/vulkan/icd.d/intel_icd.i686.json
[Vulkan Loader] DRIVER:               /usr/share/vulkan/icd.d/intel_hasvk_icd.i686.json
[Vulkan Loader] DRIVER:               /usr/share/vulkan/icd.d/radeon_icd.i686.json
[Vulkan Loader] DRIVER:               /usr/share/vulkan/icd.d/intel_icd.x86_64.json
[Vulkan Loader] DRIVER:               /usr/share/vulkan/icd.d/intel_hasvk_icd.x86_64.json
[Vulkan Loader] DRIVER:               /usr/share/vulkan/icd.d/radeon_icd.x86_64.json
[Vulkan Loader] DRIVER:         Found ICD manifest file /etc/vulkan/icd.d/nvidia_icd.json, version 1.0.1
[Vulkan Loader] DEBUG | DRIVER: Searching for ICD drivers named libGLX_nvidia.so.0
[Vulkan Loader] DRIVER:         Found ICD manifest file /usr/share/vulkan/icd.d/intel_icd.i686.json, version 1.0.1
[Vulkan Loader] DEBUG | DRIVER: Searching for ICD drivers named /usr/lib/libvulkan_intel.so
[Vulkan Loader] INFO:           loader_parse_icd_manifest: Driver library architecture doesn't match the current running architecture, skipping this driver
[Vulkan Loader] DRIVER:         Found ICD manifest file /usr/share/vulkan/icd.d/intel_hasvk_icd.i686.json, version 1.0.1
[Vulkan Loader] DEBUG | DRIVER: Searching for ICD drivers named /usr/lib/libvulkan_intel_hasvk.so
[Vulkan Loader] INFO:           loader_parse_icd_manifest: Driver library architecture doesn't match the current running architecture, skipping this driver
[Vulkan Loader] DRIVER:         Found ICD manifest file /usr/share/vulkan/icd.d/radeon_icd.i686.json, version 1.0.1
[Vulkan Loader] DEBUG | DRIVER: Searching for ICD drivers named /usr/lib/libvulkan_radeon.so
[Vulkan Loader] INFO:           loader_parse_icd_manifest: Driver library architecture doesn't match the current running architecture, skipping this driver
[Vulkan Loader] DRIVER:         Found ICD manifest file /usr/share/vulkan/icd.d/intel_icd.x86_64.json, version 1.0.1
[Vulkan Loader] DEBUG | DRIVER: Searching for ICD drivers named /usr/lib64/libvulkan_intel.so
[Vulkan Loader] DRIVER:         Found ICD manifest file /usr/share/vulkan/icd.d/intel_hasvk_icd.x86_64.json, version 1.0.1
[Vulkan Loader] DEBUG | DRIVER: Searching for ICD drivers named /usr/lib64/libvulkan_intel_hasvk.so
[Vulkan Loader] DRIVER:         Found ICD manifest file /usr/share/vulkan/icd.d/radeon_icd.x86_64.json, version 1.0.1
[Vulkan Loader] DEBUG | DRIVER: Searching for ICD drivers named /usr/lib64/libvulkan_radeon.so
[Vulkan Loader] DEBUG | LAYER:  Loading layer library /usr/share/vulkan/implicit_layer.d/../../../lib/liblsfg-vk-layer.so
[Vulkan Loader] INFO | LAYER:   Insert instance layer "VK_LAYER_LSFGVK_frame_generation" (/usr/lib/liblsfg-vk-layer.so)
[Vulkan Loader] DEBUG | LAYER:  Loading layer library libVkLayer_MESA_device_select.so
[Vulkan Loader] INFO | LAYER:   Insert instance layer "VK_LAYER_MESA_device_select" (/usr/lib64/libVkLayer_MESA_device_select.so)
[Vulkan Loader] INFO:           /usr/lib/mangohud/lib32/libMangoHud.so: wrong ELF class: ELFCLASS32
[Vulkan Loader] DEBUG | LAYER:  Loading layer library /usr/lib/mangohud/lib64/libMangoHud.so
[Vulkan Loader] INFO | LAYER:   Insert instance layer "VK_LAYER_MANGOHUD_overlay_x86_64" (/usr/lib/mangohud/lib64/libMangoHud.so)
[Vulkan Loader] INFO | LAYER:   Requested layer "VK_LAYER_MANGOHUD_overlay_x86" was wrong bit-type.
[Vulkan Loader] LAYER:          vkCreateInstance layer callstack setup to:
[Vulkan Loader] LAYER:             <Application>
[Vulkan Loader] LAYER:               ||
[Vulkan Loader] LAYER:             <Loader>
[Vulkan Loader] LAYER:               ||
[Vulkan Loader] LAYER:             VK_LAYER_MANGOHUD_overlay_x86_64
[Vulkan Loader] LAYER:                     Type: Implicit
[Vulkan Loader] LAYER:                     Enabled By: Implicit Layer
[Vulkan Loader] LAYER:                         Disable Env Var:  DISABLE_MANGOHUD
[Vulkan Loader] LAYER:                         This layer was enabled because Env Var MANGOHUD was set to Value 1
[Vulkan Loader] LAYER:                     Manifest: /usr/share/vulkan/implicit_layer.d/MangoHud.x86_64.json
[Vulkan Loader] LAYER:                     Library:  /usr/lib/mangohud/lib64/libMangoHud.so
[Vulkan Loader] LAYER:               ||
[Vulkan Loader] LAYER:             VK_LAYER_MESA_device_select
[Vulkan Loader] LAYER:                     Type: Implicit
[Vulkan Loader] LAYER:                     Enabled By: Implicit Layer
[Vulkan Loader] LAYER:                         Disable Env Var:  NODEVICE_SELECT
[Vulkan Loader] LAYER:                     Manifest: /usr/share/vulkan/implicit_layer.d/VkLayer_MESA_device_select.json
[Vulkan Loader] LAYER:                     Library:  /usr/lib64/libVkLayer_MESA_device_select.so
[Vulkan Loader] LAYER:               ||
[Vulkan Loader] LAYER:             VK_LAYER_LSFGVK_frame_generation
[Vulkan Loader] LAYER:                     Type: Implicit
[Vulkan Loader] LAYER:                     Enabled By: Implicit Layer
[Vulkan Loader] LAYER:                         Disable Env Var:  DISABLE_LSFGVK
[Vulkan Loader] LAYER:                     Manifest: /usr/share/vulkan/implicit_layer.d/VkLayer_LSFGVK_frame_generation.json
[Vulkan Loader] LAYER:                     Library:  /usr/lib/liblsfg-vk-layer.so
[Vulkan Loader] LAYER:               ||
[Vulkan Loader] LAYER:             <Drivers>
[Vulkan Loader] INFO | DRIVER:  linux_read_sorted_physical_devices:
[Vulkan Loader] INFO | DRIVER:       Original order:
[Vulkan Loader] INFO | DRIVER:             [0] NVIDIA GeForce RTX 4080
[Vulkan Loader] INFO | DRIVER:       Sorted order:
[Vulkan Loader] INFO | DRIVER:             [0] NVIDIA GeForce RTX 4080  
[Vulkan Loader] INFO | DRIVER:  linux_read_sorted_physical_devices:
[Vulkan Loader] INFO | DRIVER:       Original order:
[Vulkan Loader] INFO | DRIVER:             [0] NVIDIA GeForce RTX 4080
[Vulkan Loader] INFO | DRIVER:       Sorted order:
[Vulkan Loader] INFO | DRIVER:             [0] NVIDIA GeForce RTX 4080  
[Vulkan Loader] DEBUG | DRIVER: Copying old device 0 into new device 0
[Vulkan Loader] INFO | DRIVER:  linux_read_sorted_physical_devices:
[Vulkan Loader] INFO | DRIVER:       Original order:
[Vulkan Loader] INFO | DRIVER:             [0] NVIDIA GeForce RTX 4080
[Vulkan Loader] INFO | DRIVER:       Sorted order:
[Vulkan Loader] INFO | DRIVER:             [0] NVIDIA GeForce RTX 4080  
[Vulkan Loader] DEBUG | DRIVER: Copying old device 0 into new device 0
[Vulkan Loader] INFO | DRIVER:  linux_read_sorted_physical_devices:
[Vulkan Loader] INFO | DRIVER:       Original order:
[Vulkan Loader] INFO | DRIVER:             [0] NVIDIA GeForce RTX 4080
[Vulkan Loader] INFO | DRIVER:       Sorted order:
[Vulkan Loader] INFO | DRIVER:             [0] NVIDIA GeForce RTX 4080  
[Vulkan Loader] DEBUG | DRIVER: Copying old device 0 into new device 0
[Vulkan Loader] INFO | DRIVER:  linux_read_sorted_physical_devices:
[Vulkan Loader] INFO | DRIVER:       Original order:
[Vulkan Loader] INFO | DRIVER:             [0] NVIDIA GeForce RTX 4080
[Vulkan Loader] INFO | DRIVER:       Sorted order:
[Vulkan Loader] INFO | DRIVER:             [0] NVIDIA GeForce RTX 4080  
[Vulkan Loader] DEBUG | DRIVER: Copying old device 0 into new device 0
[Vulkan Loader] INFO | DRIVER:  linux_read_sorted_physical_devices:
[Vulkan Loader] INFO | DRIVER:       Original order:
[Vulkan Loader] INFO | DRIVER:             [0] NVIDIA GeForce RTX 4080
[Vulkan Loader] INFO | DRIVER:       Sorted order:
[Vulkan Loader] INFO | DRIVER:             [0] NVIDIA GeForce RTX 4080  
[Vulkan Loader] DEBUG | DRIVER: Copying old device 0 into new device 0
[Vulkan Loader] INFO | DRIVER:  linux_read_sorted_physical_devices:
[Vulkan Loader] INFO | DRIVER:       Original order:
[Vulkan Loader] INFO | DRIVER:             [0] NVIDIA GeForce RTX 4080
[Vulkan Loader] INFO | DRIVER:       Sorted order:
[Vulkan Loader] INFO | DRIVER:             [0] NVIDIA GeForce RTX 4080  
[Vulkan Loader] DEBUG | DRIVER: Copying old device 0 into new device 0
[Vulkan Loader] INFO | DRIVER:  linux_read_sorted_physical_devices:
[Vulkan Loader] INFO | DRIVER:       Original order:
[Vulkan Loader] INFO | DRIVER:             [0] NVIDIA GeForce RTX 4080
[Vulkan Loader] INFO | DRIVER:       Sorted order:
[Vulkan Loader] INFO | DRIVER:             [0] NVIDIA GeForce RTX 4080  
[Vulkan Loader] DEBUG | DRIVER: Copying old device 0 into new device 0
[Vulkan Loader] INFO | DRIVER:  Removing driver /usr/lib64/libvulkan_radeon.so due to not having any physical devices
[Vulkan Loader] INFO | DRIVER:  Removing driver /usr/lib64/libvulkan_intel_hasvk.so due to not having any physical devices
[Vulkan Loader] INFO | DRIVER:  Removing driver /usr/lib64/libvulkan_intel.so due to not having any physical devices
0400:fixme:vulkan:wine_vkCreateDebugUtilsMessengerEXT Support for allocation callbacks not implemented yet
0400:fixme:vulkan:wine_vkCreateDebugUtilsMessengerEXT Support for allocation callbacks not implemented yet
0400:fixme:vulkan:wine_vkCreateDebugUtilsMessengerEXT Support for allocation callbacks not implemented yet
0400:fixme:vulkan:wine_vkCreateDebugUtilsMessengerEXT Support for allocation callbacks not implemented yet
0400:fixme:vulkan:wine_vkCreateDebugUtilsMessengerEXT Support for allocation callbacks not implemented yet
[Vulkan Loader] INFO | LAYER:   Inserted device layer "VK_LAYER_LSFGVK_frame_generation" (/usr/lib/liblsfg-vk-layer.so)
[Vulkan Loader] INFO | LAYER:   Failed to find vkGetDeviceProcAddr in layer "/usr/lib64/libVkLayer_MESA_device_select.so"
[Vulkan Loader] INFO | LAYER:   Inserted device layer "VK_LAYER_MANGOHUD_overlay_x86_64" (/usr/lib/mangohud/lib64/libMangoHud.so)
[Vulkan Loader] DRIVER:         vkCreateDevice layer callstack setup to:
[Vulkan Loader] DRIVER:            <Application>
[Vulkan Loader] DRIVER:              ||
[Vulkan Loader] DRIVER:            <Loader>
[Vulkan Loader] DRIVER:              ||
[Vulkan Loader] LAYER:             VK_LAYER_MANGOHUD_overlay_x86_64
[Vulkan Loader] LAYER:                     Type: Implicit
[Vulkan Loader] LAYER:                     Enabled By: Implicit Layer
[Vulkan Loader] LAYER:                         Disable Env Var:  DISABLE_MANGOHUD
[Vulkan Loader] LAYER:                     Manifest: /usr/share/vulkan/implicit_layer.d/MangoHud.x86_64.json
[Vulkan Loader] LAYER:                     Library:  /usr/lib/mangohud/lib64/libMangoHud.so
[Vulkan Loader] LAYER:               ||
[Vulkan Loader] LAYER:             VK_LAYER_LSFGVK_frame_generation
[Vulkan Loader] LAYER:                     Type: Implicit
[Vulkan Loader] LAYER:                     Enabled By: Implicit Layer
[Vulkan Loader] LAYER:                         Disable Env Var:  DISABLE_LSFGVK
[Vulkan Loader] LAYER:                     Manifest: /usr/share/vulkan/implicit_layer.d/VkLayer_LSFGVK_frame_generation.json
[Vulkan Loader] LAYER:                     Library:  /usr/lib/liblsfg-vk-layer.so
[Vulkan Loader] LAYER:               ||
[Vulkan Loader] DRIVER:            <Device>
[Vulkan Loader] DRIVER:                Using "NVIDIA GeForce RTX 4080" with driver: "/usr/lib64/libGLX_nvidia.so.590.48.01"
0400:fixme:vulkan:wine_vkCreateCommandPool Support for allocation callbacks not implemented yet
0400:fixme:vulkan:wine_vkCreateCommandPool Support for allocation callbacks not implemented yet
0400:fixme:vulkan:wine_vkCreateCommandPool Support for allocation callbacks not implemented yet
6382.915:03fc:0400:info:vkd3d-proton:vkd3d_instance_apply_application_workarounds: Program name: "StarCitizen.exe" (hash: 90236cdceb471c3f)
6382.915:03fc:0400:info:vkd3d-proton:vkd3d_instance_deduce_config_flags_from_environment: shader_cache is used, global_pipeline_cache is enforced.
6382.915:03fc:0400:info:vkd3d-proton:vkd3d_config_flags_init_once: VKD3D_CONFIG=''.
[Vulkan Loader] INFO:           No valid vk_loader_settings.json file found, no loader settings will be active
[Vulkan Loader] LAYER:          Searching for implicit layer manifest files
[Vulkan Loader] LAYER:             In following locations:
[Vulkan Loader] LAYER:                /home/hans/.config/vulkan/implicit_layer.d
[Vulkan Loader] LAYER:                /home/hans/.config/kdedefaults/vulkan/implicit_layer.d
[Vulkan Loader] LAYER:                /etc/xdg/vulkan/implicit_layer.d
[Vulkan Loader] LAYER:                /etc/vulkan/implicit_layer.d
[Vulkan Loader] LAYER:                /home/hans/.local/share/vulkan/implicit_layer.d
[Vulkan Loader] LAYER:                /home/hans/.local/share/flatpak/exports/share/vulkan/implicit_layer.d
[Vulkan Loader] LAYER:                /var/lib/flatpak/exports/share/vulkan/implicit_layer.d
[Vulkan Loader] LAYER:                /usr/local/share/vulkan/implicit_layer.d
[Vulkan Loader] LAYER:                /usr/share/vulkan/implicit_layer.d
[Vulkan Loader] LAYER:                /etc/eselect/wine/share/vulkan/implicit_layer.d
[Vulkan Loader] LAYER:             Found the following files:
[Vulkan Loader] LAYER:                /etc/vulkan/implicit_layer.d/nvidia_layers.json
[Vulkan Loader] LAYER:                /home/hans/.local/share/vulkan/implicit_layer.d/steamoverlay_i386.json
[Vulkan Loader] LAYER:                /home/hans/.local/share/vulkan/implicit_layer.d/steamoverlay_x86_64.json
[Vulkan Loader] LAYER:                /home/hans/.local/share/vulkan/implicit_layer.d/steamfossilize_i386.json
[Vulkan Loader] LAYER:                /home/hans/.local/share/vulkan/implicit_layer.d/steamfossilize_x86_64.json
[Vulkan Loader] LAYER:                /usr/share/vulkan/implicit_layer.d/VkLayer_MESA_anti_lag.json
[Vulkan Loader] LAYER:                /usr/share/vulkan/implicit_layer.d/MangoHud.x86_64.json
[Vulkan Loader] LAYER:                /usr/share/vulkan/implicit_layer.d/MangoHud.x86.json
[Vulkan Loader] LAYER:                /usr/share/vulkan/implicit_layer.d/VkLayer_MESA_device_select.json
[Vulkan Loader] LAYER:                /usr/share/vulkan/implicit_layer.d/VkLayer_LSFGVK_frame_generation.json
[Vulkan Loader] INFO:           Found manifest file /etc/vulkan/implicit_layer.d/nvidia_layers.json (file version 1.0.1)
[Vulkan Loader] INFO:           Found manifest file /home/hans/.local/share/vulkan/implicit_layer.d/steamoverlay_i386.json (file version 1.0.0)
[Vulkan Loader] INFO:           Found manifest file /home/hans/.local/share/vulkan/implicit_layer.d/steamoverlay_x86_64.json (file version 1.0.0)
[Vulkan Loader] INFO:           Found manifest file /home/hans/.local/share/vulkan/implicit_layer.d/steamfossilize_i386.json (file version 1.0.0)
[Vulkan Loader] INFO:           Found manifest file /home/hans/.local/share/vulkan/implicit_layer.d/steamfossilize_x86_64.json (file version 1.0.0)
[Vulkan Loader] INFO:           Found manifest file /usr/share/vulkan/implicit_layer.d/VkLayer_MESA_anti_lag.json (file version 1.2.1)
[Vulkan Loader] INFO:           Found manifest file /usr/share/vulkan/implicit_layer.d/MangoHud.x86_64.json (file version 1.0.0)
[Vulkan Loader] INFO:           Found manifest file /usr/share/vulkan/implicit_layer.d/MangoHud.x86.json (file version 1.0.0)
[Vulkan Loader] INFO:           Found manifest file /usr/share/vulkan/implicit_layer.d/VkLayer_MESA_device_select.json (file version 1.0.0)
[Vulkan Loader] INFO:           Found manifest file /usr/share/vulkan/implicit_layer.d/VkLayer_LSFGVK_frame_generation.json (file version 1.1.0)
[Vulkan Loader] DRIVER:         Searching for driver manifest files
[Vulkan Loader] DRIVER:            In following locations:
[Vulkan Loader] DRIVER:               /home/hans/.config/vulkan/icd.d
[Vulkan Loader] DRIVER:               /home/hans/.config/kdedefaults/vulkan/icd.d
[Vulkan Loader] DRIVER:               /etc/xdg/vulkan/icd.d
[Vulkan Loader] DRIVER:               /etc/vulkan/icd.d
[Vulkan Loader] DRIVER:               /home/hans/.local/share/vulkan/icd.d
[Vulkan Loader] DRIVER:               /home/hans/.local/share/flatpak/exports/share/vulkan/icd.d
[Vulkan Loader] DRIVER:               /var/lib/flatpak/exports/share/vulkan/icd.d
[Vulkan Loader] DRIVER:               /usr/local/share/vulkan/icd.d
[Vulkan Loader] DRIVER:               /usr/share/vulkan/icd.d
[Vulkan Loader] DRIVER:               /etc/eselect/wine/share/vulkan/icd.d
[Vulkan Loader] DRIVER:            Found the following files:
[Vulkan Loader] DRIVER:               /etc/vulkan/icd.d/nvidia_icd.json
[Vulkan Loader] DRIVER:               /usr/share/vulkan/icd.d/intel_icd.i686.json
[Vulkan Loader] DRIVER:               /usr/share/vulkan/icd.d/intel_hasvk_icd.i686.json
[Vulkan Loader] DRIVER:               /usr/share/vulkan/icd.d/radeon_icd.i686.json
[Vulkan Loader] DRIVER:               /usr/share/vulkan/icd.d/intel_icd.x86_64.json
[Vulkan Loader] DRIVER:               /usr/share/vulkan/icd.d/intel_hasvk_icd.x86_64.json
[Vulkan Loader] DRIVER:               /usr/share/vulkan/icd.d/radeon_icd.x86_64.json
[Vulkan Loader] DRIVER:         Found ICD manifest file /etc/vulkan/icd.d/nvidia_icd.json, version 1.0.1
[Vulkan Loader] DEBUG | DRIVER: Searching for ICD drivers named libGLX_nvidia.so.0
[Vulkan Loader] DRIVER:         Found ICD manifest file /usr/share/vulkan/icd.d/intel_icd.i686.json, version 1.0.1
[Vulkan Loader] DEBUG | DRIVER: Searching for ICD drivers named /usr/lib/libvulkan_intel.so
[Vulkan Loader] INFO:           loader_parse_icd_manifest: Driver library architecture doesn't match the current running architecture, skipping this driver
[Vulkan Loader] DRIVER:         Found ICD manifest file /usr/share/vulkan/icd.d/intel_hasvk_icd.i686.json, version 1.0.1
[Vulkan Loader] DEBUG | DRIVER: Searching for ICD drivers named /usr/lib/libvulkan_intel_hasvk.so
[Vulkan Loader] INFO:           loader_parse_icd_manifest: Driver library architecture doesn't match the current running architecture, skipping this driver
[Vulkan Loader] DRIVER:         Found ICD manifest file /usr/share/vulkan/icd.d/radeon_icd.i686.json, version 1.0.1
[Vulkan Loader] DEBUG | DRIVER: Searching for ICD drivers named /usr/lib/libvulkan_radeon.so
[Vulkan Loader] INFO:           loader_parse_icd_manifest: Driver library architecture doesn't match the current running architecture, skipping this driver
[Vulkan Loader] DRIVER:         Found ICD manifest file /usr/share/vulkan/icd.d/intel_icd.x86_64.json, version 1.0.1
[Vulkan Loader] DEBUG | DRIVER: Searching for ICD drivers named /usr/lib64/libvulkan_intel.so
[Vulkan Loader] DRIVER:         Found ICD manifest file /usr/share/vulkan/icd.d/intel_hasvk_icd.x86_64.json, version 1.0.1
[Vulkan Loader] DEBUG | DRIVER: Searching for ICD drivers named /usr/lib64/libvulkan_intel_hasvk.so
[Vulkan Loader] DRIVER:         Found ICD manifest file /usr/share/vulkan/icd.d/radeon_icd.x86_64.json, version 1.0.1
[Vulkan Loader] DEBUG | DRIVER: Searching for ICD drivers named /usr/lib64/libvulkan_radeon.so
[Vulkan Loader] LAYER:          Searching for implicit layer manifest files
[Vulkan Loader] LAYER:             In following locations:
[Vulkan Loader] LAYER:                /home/hans/.config/vulkan/implicit_layer.d
[Vulkan Loader] LAYER:                /home/hans/.config/kdedefaults/vulkan/implicit_layer.d
[Vulkan Loader] LAYER:                /etc/xdg/vulkan/implicit_layer.d
[Vulkan Loader] LAYER:                /etc/vulkan/implicit_layer.d
[Vulkan Loader] LAYER:                /home/hans/.local/share/vulkan/implicit_layer.d
[Vulkan Loader] LAYER:                /home/hans/.local/share/flatpak/exports/share/vulkan/implicit_layer.d
[Vulkan Loader] LAYER:                /var/lib/flatpak/exports/share/vulkan/implicit_layer.d
[Vulkan Loader] LAYER:                /usr/local/share/vulkan/implicit_layer.d
[Vulkan Loader] LAYER:                /usr/share/vulkan/implicit_layer.d
[Vulkan Loader] LAYER:                /etc/eselect/wine/share/vulkan/implicit_layer.d
[Vulkan Loader] LAYER:             Found the following files:
[Vulkan Loader] LAYER:                /etc/vulkan/implicit_layer.d/nvidia_layers.json
[Vulkan Loader] LAYER:                /home/hans/.local/share/vulkan/implicit_layer.d/steamoverlay_i386.json
[Vulkan Loader] LAYER:                /home/hans/.local/share/vulkan/implicit_layer.d/steamoverlay_x86_64.json
[Vulkan Loader] LAYER:                /home/hans/.local/share/vulkan/implicit_layer.d/steamfossilize_i386.json
[Vulkan Loader] LAYER:                /home/hans/.local/share/vulkan/implicit_layer.d/steamfossilize_x86_64.json
[Vulkan Loader] LAYER:                /usr/share/vulkan/implicit_layer.d/VkLayer_MESA_anti_lag.json
[Vulkan Loader] LAYER:                /usr/share/vulkan/implicit_layer.d/MangoHud.x86_64.json
[Vulkan Loader] LAYER:                /usr/share/vulkan/implicit_layer.d/MangoHud.x86.json
[Vulkan Loader] LAYER:                /usr/share/vulkan/implicit_layer.d/VkLayer_MESA_device_select.json
[Vulkan Loader] LAYER:                /usr/share/vulkan/implicit_layer.d/VkLayer_LSFGVK_frame_generation.json
[Vulkan Loader] INFO:           Found manifest file /etc/vulkan/implicit_layer.d/nvidia_layers.json (file version 1.0.1)
[Vulkan Loader] INFO:           Found manifest file /home/hans/.local/share/vulkan/implicit_layer.d/steamoverlay_i386.json (file version 1.0.0)
[Vulkan Loader] INFO:           Found manifest file /home/hans/.local/share/vulkan/implicit_layer.d/steamoverlay_x86_64.json (file version 1.0.0)
[Vulkan Loader] INFO:           Found manifest file /home/hans/.local/share/vulkan/implicit_layer.d/steamfossilize_i386.json (file version 1.0.0)
[Vulkan Loader] INFO:           Found manifest file /home/hans/.local/share/vulkan/implicit_layer.d/steamfossilize_x86_64.json (file version 1.0.0)
[Vulkan Loader] INFO:           Found manifest file /usr/share/vulkan/implicit_layer.d/VkLayer_MESA_anti_lag.json (file version 1.2.1)
[Vulkan Loader] INFO:           Found manifest file /usr/share/vulkan/implicit_layer.d/MangoHud.x86_64.json (file version 1.0.0)
[Vulkan Loader] INFO:           Found manifest file /usr/share/vulkan/implicit_layer.d/MangoHud.x86.json (file version 1.0.0)
[Vulkan Loader] INFO:           Found manifest file /usr/share/vulkan/implicit_layer.d/VkLayer_MESA_device_select.json (file version 1.0.0)
[Vulkan Loader] INFO:           Found manifest file /usr/share/vulkan/implicit_layer.d/VkLayer_LSFGVK_frame_generation.json (file version 1.1.0)
[Vulkan Loader] INFO:           No valid vk_loader_settings.json file found, no loader settings will be active
[Vulkan Loader] LAYER:          Searching for implicit layer manifest files
[Vulkan Loader] LAYER:             In following locations:
[Vulkan Loader] LAYER:                /home/hans/.config/vulkan/implicit_layer.d
[Vulkan Loader] LAYER:                /home/hans/.config/kdedefaults/vulkan/implicit_layer.d
[Vulkan Loader] LAYER:                /etc/xdg/vulkan/implicit_layer.d
[Vulkan Loader] LAYER:                /etc/vulkan/implicit_layer.d
[Vulkan Loader] LAYER:                /home/hans/.local/share/vulkan/implicit_layer.d
[Vulkan Loader] LAYER:                /home/hans/.local/share/flatpak/exports/share/vulkan/implicit_layer.d
[Vulkan Loader] LAYER:                /var/lib/flatpak/exports/share/vulkan/implicit_layer.d
[Vulkan Loader] LAYER:                /usr/local/share/vulkan/implicit_layer.d
[Vulkan Loader] LAYER:                /usr/share/vulkan/implicit_layer.d
[Vulkan Loader] LAYER:                /etc/eselect/wine/share/vulkan/implicit_layer.d
[Vulkan Loader] LAYER:             Found the following files:
[Vulkan Loader] LAYER:                /etc/vulkan/implicit_layer.d/nvidia_layers.json
[Vulkan Loader] LAYER:                /home/hans/.local/share/vulkan/implicit_layer.d/steamoverlay_i386.json
[Vulkan Loader] LAYER:                /home/hans/.local/share/vulkan/implicit_layer.d/steamoverlay_x86_64.json
[Vulkan Loader] LAYER:                /home/hans/.local/share/vulkan/implicit_layer.d/steamfossilize_i386.json
[Vulkan Loader] LAYER:                /home/hans/.local/share/vulkan/implicit_layer.d/steamfossilize_x86_64.json
[Vulkan Loader] LAYER:                /usr/share/vulkan/implicit_layer.d/VkLayer_MESA_anti_lag.json
[Vulkan Loader] LAYER:                /usr/share/vulkan/implicit_layer.d/MangoHud.x86_64.json
[Vulkan Loader] LAYER:                /usr/share/vulkan/implicit_layer.d/MangoHud.x86.json
[Vulkan Loader] LAYER:                /usr/share/vulkan/implicit_layer.d/VkLayer_MESA_device_select.json
[Vulkan Loader] LAYER:                /usr/share/vulkan/implicit_layer.d/VkLayer_LSFGVK_frame_generation.json
[Vulkan Loader] INFO:           Found manifest file /etc/vulkan/implicit_layer.d/nvidia_layers.json (file version 1.0.1)
[Vulkan Loader] INFO:           Found manifest file /home/hans/.local/share/vulkan/implicit_layer.d/steamoverlay_i386.json (file version 1.0.0)
[Vulkan Loader] INFO:           Found manifest file /home/hans/.local/share/vulkan/implicit_layer.d/steamoverlay_x86_64.json (file version 1.0.0)
[Vulkan Loader] INFO:           Found manifest file /home/hans/.local/share/vulkan/implicit_layer.d/steamfossilize_i386.json (file version 1.0.0)
[Vulkan Loader] INFO:           Found manifest file /home/hans/.local/share/vulkan/implicit_layer.d/steamfossilize_x86_64.json (file version 1.0.0)
[Vulkan Loader] INFO:           Found manifest file /usr/share/vulkan/implicit_layer.d/VkLayer_MESA_anti_lag.json (file version 1.2.1)
[Vulkan Loader] INFO:           Found manifest file /usr/share/vulkan/implicit_layer.d/MangoHud.x86_64.json (file version 1.0.0)
[Vulkan Loader] INFO:           Found manifest file /usr/share/vulkan/implicit_layer.d/MangoHud.x86.json (file version 1.0.0)
[Vulkan Loader] INFO:           Found manifest file /usr/share/vulkan/implicit_layer.d/VkLayer_MESA_device_select.json (file version 1.0.0)
[Vulkan Loader] INFO:           Found manifest file /usr/share/vulkan/implicit_layer.d/VkLayer_LSFGVK_frame_generation.json (file version 1.1.0)
[Vulkan Loader] DRIVER:         Searching for driver manifest files
[Vulkan Loader] DRIVER:            In following locations:
[Vulkan Loader] DRIVER:               /home/hans/.config/vulkan/icd.d
[Vulkan Loader] DRIVER:               /home/hans/.config/kdedefaults/vulkan/icd.d
[Vulkan Loader] DRIVER:               /etc/xdg/vulkan/icd.d
[Vulkan Loader] DRIVER:               /etc/vulkan/icd.d
[Vulkan Loader] DRIVER:               /home/hans/.local/share/vulkan/icd.d
[Vulkan Loader] DRIVER:               /home/hans/.local/share/flatpak/exports/share/vulkan/icd.d
[Vulkan Loader] DRIVER:               /var/lib/flatpak/exports/share/vulkan/icd.d
[Vulkan Loader] DRIVER:               /usr/local/share/vulkan/icd.d
[Vulkan Loader] DRIVER:               /usr/share/vulkan/icd.d
[Vulkan Loader] DRIVER:               /etc/eselect/wine/share/vulkan/icd.d
[Vulkan Loader] DRIVER:            Found the following files:
[Vulkan Loader] DRIVER:               /etc/vulkan/icd.d/nvidia_icd.json
[Vulkan Loader] DRIVER:               /usr/share/vulkan/icd.d/intel_icd.i686.json
[Vulkan Loader] DRIVER:               /usr/share/vulkan/icd.d/intel_hasvk_icd.i686.json
[Vulkan Loader] DRIVER:               /usr/share/vulkan/icd.d/radeon_icd.i686.json
[Vulkan Loader] DRIVER:               /usr/share/vulkan/icd.d/intel_icd.x86_64.json
[Vulkan Loader] DRIVER:               /usr/share/vulkan/icd.d/intel_hasvk_icd.x86_64.json
[Vulkan Loader] DRIVER:               /usr/share/vulkan/icd.d/radeon_icd.x86_64.json
[Vulkan Loader] DRIVER:         Found ICD manifest file /etc/vulkan/icd.d/nvidia_icd.json, version 1.0.1
[Vulkan Loader] DEBUG | DRIVER: Searching for ICD drivers named libGLX_nvidia.so.0
[Vulkan Loader] DRIVER:         Found ICD manifest file /usr/share/vulkan/icd.d/intel_icd.i686.json, version 1.0.1
[Vulkan Loader] DEBUG | DRIVER: Searching for ICD drivers named /usr/lib/libvulkan_intel.so
[Vulkan Loader] INFO:           loader_parse_icd_manifest: Driver library architecture doesn't match the current running architecture, skipping this driver
[Vulkan Loader] DRIVER:         Found ICD manifest file /usr/share/vulkan/icd.d/intel_hasvk_icd.i686.json, version 1.0.1
[Vulkan Loader] DEBUG | DRIVER: Searching for ICD drivers named /usr/lib/libvulkan_intel_hasvk.so
[Vulkan Loader] INFO:           loader_parse_icd_manifest: Driver library architecture doesn't match the current running architecture, skipping this driver
[Vulkan Loader] DRIVER:         Found ICD manifest file /usr/share/vulkan/icd.d/radeon_icd.i686.json, version 1.0.1
[Vulkan Loader] DEBUG | DRIVER: Searching for ICD drivers named /usr/lib/libvulkan_radeon.so
[Vulkan Loader] INFO:           loader_parse_icd_manifest: Driver library architecture doesn't match the current running architecture, skipping this driver
[Vulkan Loader] DRIVER:         Found ICD manifest file /usr/share/vulkan/icd.d/intel_icd.x86_64.json, version 1.0.1
[Vulkan Loader] DEBUG | DRIVER: Searching for ICD drivers named /usr/lib64/libvulkan_intel.so
[Vulkan Loader] DRIVER:         Found ICD manifest file /usr/share/vulkan/icd.d/intel_hasvk_icd.x86_64.json, version 1.0.1
[Vulkan Loader] DEBUG | DRIVER: Searching for ICD drivers named /usr/lib64/libvulkan_intel_hasvk.so
[Vulkan Loader] DRIVER:         Found ICD manifest file /usr/share/vulkan/icd.d/radeon_icd.x86_64.json, version 1.0.1
[Vulkan Loader] DEBUG | DRIVER: Searching for ICD drivers named /usr/lib64/libvulkan_radeon.so
[Vulkan Loader] LAYER:          Searching for implicit layer manifest files
[Vulkan Loader] LAYER:             In following locations:
[Vulkan Loader] LAYER:                /home/hans/.config/vulkan/implicit_layer.d
[Vulkan Loader] LAYER:                /home/hans/.config/kdedefaults/vulkan/implicit_layer.d
[Vulkan Loader] LAYER:                /etc/xdg/vulkan/implicit_layer.d
[Vulkan Loader] LAYER:                /etc/vulkan/implicit_layer.d
[Vulkan Loader] LAYER:                /home/hans/.local/share/vulkan/implicit_layer.d
[Vulkan Loader] LAYER:                /home/hans/.local/share/flatpak/exports/share/vulkan/implicit_layer.d
[Vulkan Loader] LAYER:                /var/lib/flatpak/exports/share/vulkan/implicit_layer.d
[Vulkan Loader] LAYER:                /usr/local/share/vulkan/implicit_layer.d
[Vulkan Loader] LAYER:                /usr/share/vulkan/implicit_layer.d
[Vulkan Loader] LAYER:                /etc/eselect/wine/share/vulkan/implicit_layer.d
[Vulkan Loader] LAYER:             Found the following files:
[Vulkan Loader] LAYER:                /etc/vulkan/implicit_layer.d/nvidia_layers.json
[Vulkan Loader] LAYER:                /home/hans/.local/share/vulkan/implicit_layer.d/steamoverlay_i386.json
[Vulkan Loader] LAYER:                /home/hans/.local/share/vulkan/implicit_layer.d/steamoverlay_x86_64.json
[Vulkan Loader] LAYER:                /home/hans/.local/share/vulkan/implicit_layer.d/steamfossilize_i386.json
[Vulkan Loader] LAYER:                /home/hans/.local/share/vulkan/implicit_layer.d/steamfossilize_x86_64.json
[Vulkan Loader] LAYER:                /usr/share/vulkan/implicit_layer.d/VkLayer_MESA_anti_lag.json
[Vulkan Loader] LAYER:                /usr/share/vulkan/implicit_layer.d/MangoHud.x86_64.json
[Vulkan Loader] LAYER:                /usr/share/vulkan/implicit_layer.d/MangoHud.x86.json
[Vulkan Loader] LAYER:                /usr/share/vulkan/implicit_layer.d/VkLayer_MESA_device_select.json
[Vulkan Loader] LAYER:                /usr/share/vulkan/implicit_layer.d/VkLayer_LSFGVK_frame_generation.json
[Vulkan Loader] INFO:           Found manifest file /etc/vulkan/implicit_layer.d/nvidia_layers.json (file version 1.0.1)
[Vulkan Loader] INFO:           Found manifest file /home/hans/.local/share/vulkan/implicit_layer.d/steamoverlay_i386.json (file version 1.0.0)
[Vulkan Loader] INFO:           Found manifest file /home/hans/.local/share/vulkan/implicit_layer.d/steamoverlay_x86_64.json (file version 1.0.0)
[Vulkan Loader] INFO:           Found manifest file /home/hans/.local/share/vulkan/implicit_layer.d/steamfossilize_i386.json (file version 1.0.0)
[Vulkan Loader] INFO:           Found manifest file /home/hans/.local/share/vulkan/implicit_layer.d/steamfossilize_x86_64.json (file version 1.0.0)
[Vulkan Loader] INFO:           Found manifest file /usr/share/vulkan/implicit_layer.d/VkLayer_MESA_anti_lag.json (file version 1.2.1)
[Vulkan Loader] INFO:           Found manifest file /usr/share/vulkan/implicit_layer.d/MangoHud.x86_64.json (file version 1.0.0)
[Vulkan Loader] INFO:           Found manifest file /usr/share/vulkan/implicit_layer.d/MangoHud.x86.json (file version 1.0.0)
[Vulkan Loader] INFO:           Found manifest file /usr/share/vulkan/implicit_layer.d/VkLayer_MESA_device_select.json (file version 1.0.0)
[Vulkan Loader] INFO:           Found manifest file /usr/share/vulkan/implicit_layer.d/VkLayer_LSFGVK_frame_generation.json (file version 1.1.0)
[Vulkan Loader] INFO:           No valid vk_loader_settings.json file found, no loader settings will be active
[Vulkan Loader] LAYER:          Searching for implicit layer manifest files
[Vulkan Loader] LAYER:             In following locations:
[Vulkan Loader] LAYER:                /home/hans/.config/vulkan/implicit_layer.d
[Vulkan Loader] LAYER:                /home/hans/.config/kdedefaults/vulkan/implicit_layer.d
[Vulkan Loader] LAYER:                /etc/xdg/vulkan/implicit_layer.d
[Vulkan Loader] LAYER:                /etc/vulkan/implicit_layer.d
[Vulkan Loader] LAYER:                /home/hans/.local/share/vulkan/implicit_layer.d
[Vulkan Loader] LAYER:                /home/hans/.local/share/flatpak/exports/share/vulkan/implicit_layer.d
[Vulkan Loader] LAYER:                /var/lib/flatpak/exports/share/vulkan/implicit_layer.d
[Vulkan Loader] LAYER:                /usr/local/share/vulkan/implicit_layer.d
[Vulkan Loader] LAYER:                /usr/share/vulkan/implicit_layer.d
[Vulkan Loader] LAYER:                /etc/eselect/wine/share/vulkan/implicit_layer.d
[Vulkan Loader] LAYER:             Found the following files:
[Vulkan Loader] LAYER:                /etc/vulkan/implicit_layer.d/nvidia_layers.json
[Vulkan Loader] LAYER:                /home/hans/.local/share/vulkan/implicit_layer.d/steamoverlay_i386.json
[Vulkan Loader] LAYER:                /home/hans/.local/share/vulkan/implicit_layer.d/steamoverlay_x86_64.json
[Vulkan Loader] LAYER:                /home/hans/.local/share/vulkan/implicit_layer.d/steamfossilize_i386.json
[Vulkan Loader] LAYER:                /home/hans/.local/share/vulkan/implicit_layer.d/steamfossilize_x86_64.json
[Vulkan Loader] LAYER:                /usr/share/vulkan/implicit_layer.d/VkLayer_MESA_anti_lag.json
[Vulkan Loader] LAYER:                /usr/share/vulkan/implicit_layer.d/MangoHud.x86_64.json
[Vulkan Loader] LAYER:                /usr/share/vulkan/implicit_layer.d/MangoHud.x86.json
[Vulkan Loader] LAYER:                /usr/share/vulkan/implicit_layer.d/VkLayer_MESA_device_select.json
[Vulkan Loader] LAYER:                /usr/share/vulkan/implicit_layer.d/VkLayer_LSFGVK_frame_generation.json
[Vulkan Loader] INFO:           Found manifest file /etc/vulkan/implicit_layer.d/nvidia_layers.json (file version 1.0.1)
[Vulkan Loader] INFO:           Found manifest file /home/hans/.local/share/vulkan/implicit_layer.d/steamoverlay_i386.json (file version 1.0.0)
[Vulkan Loader] INFO:           Found manifest file /home/hans/.local/share/vulkan/implicit_layer.d/steamoverlay_x86_64.json (file version 1.0.0)
[Vulkan Loader] INFO:           Found manifest file /home/hans/.local/share/vulkan/implicit_layer.d/steamfossilize_i386.json (file version 1.0.0)
[Vulkan Loader] INFO:           Found manifest file /home/hans/.local/share/vulkan/implicit_layer.d/steamfossilize_x86_64.json (file version 1.0.0)
[Vulkan Loader] INFO:           Found manifest file /usr/share/vulkan/implicit_layer.d/VkLayer_MESA_anti_lag.json (file version 1.2.1)
[Vulkan Loader] INFO:           Found manifest file /usr/share/vulkan/implicit_layer.d/MangoHud.x86_64.json (file version 1.0.0)
[Vulkan Loader] INFO:           Found manifest file /usr/share/vulkan/implicit_layer.d/MangoHud.x86.json (file version 1.0.0)
[Vulkan Loader] INFO:           Found manifest file /usr/share/vulkan/implicit_layer.d/VkLayer_MESA_device_select.json (file version 1.0.0)
[Vulkan Loader] INFO:           Found manifest file /usr/share/vulkan/implicit_layer.d/VkLayer_LSFGVK_frame_generation.json (file version 1.1.0)
[Vulkan Loader] DRIVER:         Searching for driver manifest files
[Vulkan Loader] DRIVER:            In following locations:
[Vulkan Loader] DRIVER:               /home/hans/.config/vulkan/icd.d
[Vulkan Loader] DRIVER:               /home/hans/.config/kdedefaults/vulkan/icd.d
[Vulkan Loader] DRIVER:               /etc/xdg/vulkan/icd.d
[Vulkan Loader] DRIVER:               /etc/vulkan/icd.d
[Vulkan Loader] DRIVER:               /home/hans/.local/share/vulkan/icd.d
[Vulkan Loader] DRIVER:               /home/hans/.local/share/flatpak/exports/share/vulkan/icd.d
[Vulkan Loader] DRIVER:               /var/lib/flatpak/exports/share/vulkan/icd.d
[Vulkan Loader] DRIVER:               /usr/local/share/vulkan/icd.d
[Vulkan Loader] DRIVER:               /usr/share/vulkan/icd.d
[Vulkan Loader] DRIVER:               /etc/eselect/wine/share/vulkan/icd.d
[Vulkan Loader] DRIVER:            Found the following files:
[Vulkan Loader] DRIVER:               /etc/vulkan/icd.d/nvidia_icd.json
[Vulkan Loader] DRIVER:               /usr/share/vulkan/icd.d/intel_icd.i686.json
[Vulkan Loader] DRIVER:               /usr/share/vulkan/icd.d/intel_hasvk_icd.i686.json
[Vulkan Loader] DRIVER:               /usr/share/vulkan/icd.d/radeon_icd.i686.json
[Vulkan Loader] DRIVER:               /usr/share/vulkan/icd.d/intel_icd.x86_64.json
[Vulkan Loader] DRIVER:               /usr/share/vulkan/icd.d/intel_hasvk_icd.x86_64.json
[Vulkan Loader] DRIVER:               /usr/share/vulkan/icd.d/radeon_icd.x86_64.json
[Vulkan Loader] DRIVER:         Found ICD manifest file /etc/vulkan/icd.d/nvidia_icd.json, version 1.0.1
[Vulkan Loader] DEBUG | DRIVER: Searching for ICD drivers named libGLX_nvidia.so.0
[Vulkan Loader] DRIVER:         Found ICD manifest file /usr/share/vulkan/icd.d/intel_icd.i686.json, version 1.0.1
[Vulkan Loader] DEBUG | DRIVER: Searching for ICD drivers named /usr/lib/libvulkan_intel.so
[Vulkan Loader] INFO:           loader_parse_icd_manifest: Driver library architecture doesn't match the current running architecture, skipping this driver
[Vulkan Loader] DRIVER:         Found ICD manifest file /usr/share/vulkan/icd.d/intel_hasvk_icd.i686.json, version 1.0.1
[Vulkan Loader] DEBUG | DRIVER: Searching for ICD drivers named /usr/lib/libvulkan_intel_hasvk.so
[Vulkan Loader] INFO:           loader_parse_icd_manifest: Driver library architecture doesn't match the current running architecture, skipping this driver
[Vulkan Loader] DRIVER:         Found ICD manifest file /usr/share/vulkan/icd.d/radeon_icd.i686.json, version 1.0.1
[Vulkan Loader] DEBUG | DRIVER: Searching for ICD drivers named /usr/lib/libvulkan_radeon.so
[Vulkan Loader] INFO:           loader_parse_icd_manifest: Driver library architecture doesn't match the current running architecture, skipping this driver
[Vulkan Loader] DRIVER:         Found ICD manifest file /usr/share/vulkan/icd.d/intel_icd.x86_64.json, version 1.0.1
[Vulkan Loader] DEBUG | DRIVER: Searching for ICD drivers named /usr/lib64/libvulkan_intel.so
[Vulkan Loader] DRIVER:         Found ICD manifest file /usr/share/vulkan/icd.d/intel_hasvk_icd.x86_64.json, version 1.0.1
[Vulkan Loader] DEBUG | DRIVER: Searching for ICD drivers named /usr/lib64/libvulkan_intel_hasvk.so
[Vulkan Loader] DRIVER:         Found ICD manifest file /usr/share/vulkan/icd.d/radeon_icd.x86_64.json, version 1.0.1
[Vulkan Loader] DEBUG | DRIVER: Searching for ICD drivers named /usr/lib64/libvulkan_radeon.so
[Vulkan Loader] LAYER:          Searching for implicit layer manifest files
[Vulkan Loader] LAYER:             In following locations:
[Vulkan Loader] LAYER:                /home/hans/.config/vulkan/implicit_layer.d
[Vulkan Loader] LAYER:                /home/hans/.config/kdedefaults/vulkan/implicit_layer.d
[Vulkan Loader] LAYER:                /etc/xdg/vulkan/implicit_layer.d
[Vulkan Loader] LAYER:                /etc/vulkan/implicit_layer.d
[Vulkan Loader] LAYER:                /home/hans/.local/share/vulkan/implicit_layer.d
[Vulkan Loader] LAYER:                /home/hans/.local/share/flatpak/exports/share/vulkan/implicit_layer.d
[Vulkan Loader] LAYER:                /var/lib/flatpak/exports/share/vulkan/implicit_layer.d
[Vulkan Loader] LAYER:                /usr/local/share/vulkan/implicit_layer.d
[Vulkan Loader] LAYER:                /usr/share/vulkan/implicit_layer.d
[Vulkan Loader] LAYER:                /etc/eselect/wine/share/vulkan/implicit_layer.d
[Vulkan Loader] LAYER:             Found the following files:
[Vulkan Loader] LAYER:                /etc/vulkan/implicit_layer.d/nvidia_layers.json
[Vulkan Loader] LAYER:                /home/hans/.local/share/vulkan/implicit_layer.d/steamoverlay_i386.json
[Vulkan Loader] LAYER:                /home/hans/.local/share/vulkan/implicit_layer.d/steamoverlay_x86_64.json
[Vulkan Loader] LAYER:                /home/hans/.local/share/vulkan/implicit_layer.d/steamfossilize_i386.json
[Vulkan Loader] LAYER:                /home/hans/.local/share/vulkan/implicit_layer.d/steamfossilize_x86_64.json
[Vulkan Loader] LAYER:                /usr/share/vulkan/implicit_layer.d/VkLayer_MESA_anti_lag.json
[Vulkan Loader] LAYER:                /usr/share/vulkan/implicit_layer.d/MangoHud.x86_64.json
[Vulkan Loader] LAYER:                /usr/share/vulkan/implicit_layer.d/MangoHud.x86.json
[Vulkan Loader] LAYER:                /usr/share/vulkan/implicit_layer.d/VkLayer_MESA_device_select.json
[Vulkan Loader] LAYER:                /usr/share/vulkan/implicit_layer.d/VkLayer_LSFGVK_frame_generation.json
[Vulkan Loader] INFO:           Found manifest file /etc/vulkan/implicit_layer.d/nvidia_layers.json (file version 1.0.1)
[Vulkan Loader] INFO:           Found manifest file /home/hans/.local/share/vulkan/implicit_layer.d/steamoverlay_i386.json (file version 1.0.0)
[Vulkan Loader] INFO:           Found manifest file /home/hans/.local/share/vulkan/implicit_layer.d/steamoverlay_x86_64.json (file version 1.0.0)
[Vulkan Loader] INFO:           Found manifest file /home/hans/.local/share/vulkan/implicit_layer.d/steamfossilize_i386.json (file version 1.0.0)
[Vulkan Loader] INFO:           Found manifest file /home/hans/.local/share/vulkan/implicit_layer.d/steamfossilize_x86_64.json (file version 1.0.0)
[Vulkan Loader] INFO:           Found manifest file /usr/share/vulkan/implicit_layer.d/VkLayer_MESA_anti_lag.json (file version 1.2.1)
[Vulkan Loader] INFO:           Found manifest file /usr/share/vulkan/implicit_layer.d/MangoHud.x86_64.json (file version 1.0.0)
[Vulkan Loader] INFO:           Found manifest file /usr/share/vulkan/implicit_layer.d/MangoHud.x86.json (file version 1.0.0)
[Vulkan Loader] INFO:           Found manifest file /usr/share/vulkan/implicit_layer.d/VkLayer_MESA_device_select.json (file version 1.0.0)
[Vulkan Loader] INFO:           Found manifest file /usr/share/vulkan/implicit_layer.d/VkLayer_LSFGVK_frame_generation.json (file version 1.1.0)
[Vulkan Loader] INFO:           No valid vk_loader_settings.json file found, no loader settings will be active
[Vulkan Loader] LAYER:          Searching for implicit layer manifest files
[Vulkan Loader] LAYER:             In following locations:
[Vulkan Loader] LAYER:                /home/hans/.config/vulkan/implicit_layer.d
[Vulkan Loader] LAYER:                /home/hans/.config/kdedefaults/vulkan/implicit_layer.d
[Vulkan Loader] LAYER:                /etc/xdg/vulkan/implicit_layer.d
[Vulkan Loader] LAYER:                /etc/vulkan/implicit_layer.d
[Vulkan Loader] LAYER:                /home/hans/.local/share/vulkan/implicit_layer.d
[Vulkan Loader] LAYER:                /home/hans/.local/share/flatpak/exports/share/vulkan/implicit_layer.d
[Vulkan Loader] LAYER:                /var/lib/flatpak/exports/share/vulkan/implicit_layer.d
[Vulkan Loader] LAYER:                /usr/local/share/vulkan/implicit_layer.d
[Vulkan Loader] LAYER:                /usr/share/vulkan/implicit_layer.d
[Vulkan Loader] LAYER:                /etc/eselect/wine/share/vulkan/implicit_layer.d
[Vulkan Loader] LAYER:             Found the following files:
[Vulkan Loader] LAYER:                /etc/vulkan/implicit_layer.d/nvidia_layers.json
[Vulkan Loader] LAYER:                /home/hans/.local/share/vulkan/implicit_layer.d/steamoverlay_i386.json
[Vulkan Loader] LAYER:                /home/hans/.local/share/vulkan/implicit_layer.d/steamoverlay_x86_64.json
[Vulkan Loader] LAYER:                /home/hans/.local/share/vulkan/implicit_layer.d/steamfossilize_i386.json
[Vulkan Loader] LAYER:                /home/hans/.local/share/vulkan/implicit_layer.d/steamfossilize_x86_64.json
[Vulkan Loader] LAYER:                /usr/share/vulkan/implicit_layer.d/VkLayer_MESA_anti_lag.json
[Vulkan Loader] LAYER:                /usr/share/vulkan/implicit_layer.d/MangoHud.x86_64.json
[Vulkan Loader] LAYER:                /usr/share/vulkan/implicit_layer.d/MangoHud.x86.json
[Vulkan Loader] LAYER:                /usr/share/vulkan/implicit_layer.d/VkLayer_MESA_device_select.json
[Vulkan Loader] LAYER:                /usr/share/vulkan/implicit_layer.d/VkLayer_LSFGVK_frame_generation.json
[Vulkan Loader] INFO:           Found manifest file /etc/vulkan/implicit_layer.d/nvidia_layers.json (file version 1.0.1)
[Vulkan Loader] INFO:           Found manifest file /home/hans/.local/share/vulkan/implicit_layer.d/steamoverlay_i386.json (file version 1.0.0)
[Vulkan Loader] INFO:           Found manifest file /home/hans/.local/share/vulkan/implicit_layer.d/steamoverlay_x86_64.json (file version 1.0.0)
[Vulkan Loader] INFO:           Found manifest file /home/hans/.local/share/vulkan/implicit_layer.d/steamfossilize_i386.json (file version 1.0.0)
[Vulkan Loader] INFO:           Found manifest file /home/hans/.local/share/vulkan/implicit_layer.d/steamfossilize_x86_64.json (file version 1.0.0)
[Vulkan Loader] INFO:           Found manifest file /usr/share/vulkan/implicit_layer.d/VkLayer_MESA_anti_lag.json (file version 1.2.1)
[Vulkan Loader] INFO:           Found manifest file /usr/share/vulkan/implicit_layer.d/MangoHud.x86_64.json (file version 1.0.0)
[Vulkan Loader] INFO:           Found manifest file /usr/share/vulkan/implicit_layer.d/MangoHud.x86.json (file version 1.0.0)
[Vulkan Loader] INFO:           Found manifest file /usr/share/vulkan/implicit_layer.d/VkLayer_MESA_device_select.json (file version 1.0.0)
[Vulkan Loader] INFO:           Found manifest file /usr/share/vulkan/implicit_layer.d/VkLayer_LSFGVK_frame_generation.json (file version 1.1.0)
[Vulkan Loader] DRIVER:         Searching for driver manifest files
[Vulkan Loader] DRIVER:            In following locations:
[Vulkan Loader] DRIVER:               /home/hans/.config/vulkan/icd.d
[Vulkan Loader] DRIVER:               /home/hans/.config/kdedefaults/vulkan/icd.d
[Vulkan Loader] DRIVER:               /etc/xdg/vulkan/icd.d
[Vulkan Loader] DRIVER:               /etc/vulkan/icd.d
[Vulkan Loader] DRIVER:               /home/hans/.local/share/vulkan/icd.d
[Vulkan Loader] DRIVER:               /home/hans/.local/share/flatpak/exports/share/vulkan/icd.d
[Vulkan Loader] DRIVER:               /var/lib/flatpak/exports/share/vulkan/icd.d
[Vulkan Loader] DRIVER:               /usr/local/share/vulkan/icd.d
[Vulkan Loader] DRIVER:               /usr/share/vulkan/icd.d
[Vulkan Loader] DRIVER:               /etc/eselect/wine/share/vulkan/icd.d
[Vulkan Loader] DRIVER:            Found the following files:
[Vulkan Loader] DRIVER:               /etc/vulkan/icd.d/nvidia_icd.json
[Vulkan Loader] DRIVER:               /usr/share/vulkan/icd.d/intel_icd.i686.json
[Vulkan Loader] DRIVER:               /usr/share/vulkan/icd.d/intel_hasvk_icd.i686.json
[Vulkan Loader] DRIVER:               /usr/share/vulkan/icd.d/radeon_icd.i686.json
[Vulkan Loader] DRIVER:               /usr/share/vulkan/icd.d/intel_icd.x86_64.json
[Vulkan Loader] DRIVER:               /usr/share/vulkan/icd.d/intel_hasvk_icd.x86_64.json
[Vulkan Loader] DRIVER:               /usr/share/vulkan/icd.d/radeon_icd.x86_64.json
[Vulkan Loader] DRIVER:         Found ICD manifest file /etc/vulkan/icd.d/nvidia_icd.json, version 1.0.1
[Vulkan Loader] DEBUG | DRIVER: Searching for ICD drivers named libGLX_nvidia.so.0
[Vulkan Loader] DRIVER:         Found ICD manifest file /usr/share/vulkan/icd.d/intel_icd.i686.json, version 1.0.1
[Vulkan Loader] DEBUG | DRIVER: Searching for ICD drivers named /usr/lib/libvulkan_intel.so
[Vulkan Loader] INFO:           loader_parse_icd_manifest: Driver library architecture doesn't match the current running architecture, skipping this driver
[Vulkan Loader] DRIVER:         Found ICD manifest file /usr/share/vulkan/icd.d/intel_hasvk_icd.i686.json, version 1.0.1
[Vulkan Loader] DEBUG | DRIVER: Searching for ICD drivers named /usr/lib/libvulkan_intel_hasvk.so
[Vulkan Loader] INFO:           loader_parse_icd_manifest: Driver library architecture doesn't match the current running architecture, skipping this driver
[Vulkan Loader] DRIVER:         Found ICD manifest file /usr/share/vulkan/icd.d/radeon_icd.i686.json, version 1.0.1
[Vulkan Loader] DEBUG | DRIVER: Searching for ICD drivers named /usr/lib/libvulkan_radeon.so
[Vulkan Loader] INFO:           loader_parse_icd_manifest: Driver library architecture doesn't match the current running architecture, skipping this driver
[Vulkan Loader] DRIVER:         Found ICD manifest file /usr/share/vulkan/icd.d/intel_icd.x86_64.json, version 1.0.1
[Vulkan Loader] DEBUG | DRIVER: Searching for ICD drivers named /usr/lib64/libvulkan_intel.so
[Vulkan Loader] DRIVER:         Found ICD manifest file /usr/share/vulkan/icd.d/intel_hasvk_icd.x86_64.json, version 1.0.1
[Vulkan Loader] DEBUG | DRIVER: Searching for ICD drivers named /usr/lib64/libvulkan_intel_hasvk.so
[Vulkan Loader] DRIVER:         Found ICD manifest file /usr/share/vulkan/icd.d/radeon_icd.x86_64.json, version 1.0.1
[Vulkan Loader] DEBUG | DRIVER: Searching for ICD drivers named /usr/lib64/libvulkan_radeon.so
[Vulkan Loader] LAYER:          Searching for implicit layer manifest files
[Vulkan Loader] LAYER:             In following locations:
[Vulkan Loader] LAYER:                /home/hans/.config/vulkan/implicit_layer.d
[Vulkan Loader] LAYER:                /home/hans/.config/kdedefaults/vulkan/implicit_layer.d
[Vulkan Loader] LAYER:                /etc/xdg/vulkan/implicit_layer.d
[Vulkan Loader] LAYER:                /etc/vulkan/implicit_layer.d
[Vulkan Loader] LAYER:                /home/hans/.local/share/vulkan/implicit_layer.d
[Vulkan Loader] LAYER:                /home/hans/.local/share/flatpak/exports/share/vulkan/implicit_layer.d
[Vulkan Loader] LAYER:                /var/lib/flatpak/exports/share/vulkan/implicit_layer.d
[Vulkan Loader] LAYER:                /usr/local/share/vulkan/implicit_layer.d
[Vulkan Loader] LAYER:                /usr/share/vulkan/implicit_layer.d
[Vulkan Loader] LAYER:                /etc/eselect/wine/share/vulkan/implicit_layer.d
[Vulkan Loader] LAYER:             Found the following files:
[Vulkan Loader] LAYER:                /etc/vulkan/implicit_layer.d/nvidia_layers.json
[Vulkan Loader] LAYER:                /home/hans/.local/share/vulkan/implicit_layer.d/steamoverlay_i386.json
[Vulkan Loader] LAYER:                /home/hans/.local/share/vulkan/implicit_layer.d/steamoverlay_x86_64.json
[Vulkan Loader] LAYER:                /home/hans/.local/share/vulkan/implicit_layer.d/steamfossilize_i386.json
[Vulkan Loader] LAYER:                /home/hans/.local/share/vulkan/implicit_layer.d/steamfossilize_x86_64.json
[Vulkan Loader] LAYER:                /usr/share/vulkan/implicit_layer.d/VkLayer_MESA_anti_lag.json
[Vulkan Loader] LAYER:                /usr/share/vulkan/implicit_layer.d/MangoHud.x86_64.json
[Vulkan Loader] LAYER:                /usr/share/vulkan/implicit_layer.d/MangoHud.x86.json
[Vulkan Loader] LAYER:                /usr/share/vulkan/implicit_layer.d/VkLayer_MESA_device_select.json
[Vulkan Loader] LAYER:                /usr/share/vulkan/implicit_layer.d/VkLayer_LSFGVK_frame_generation.json
[Vulkan Loader] INFO:           Found manifest file /etc/vulkan/implicit_layer.d/nvidia_layers.json (file version 1.0.1)
[Vulkan Loader] INFO:           Found manifest file /home/hans/.local/share/vulkan/implicit_layer.d/steamoverlay_i386.json (file version 1.0.0)
[Vulkan Loader] INFO:           Found manifest file /home/hans/.local/share/vulkan/implicit_layer.d/steamoverlay_x86_64.json (file version 1.0.0)
[Vulkan Loader] INFO:           Found manifest file /home/hans/.local/share/vulkan/implicit_layer.d/steamfossilize_i386.json (file version 1.0.0)
[Vulkan Loader] INFO:           Found manifest file /home/hans/.local/share/vulkan/implicit_layer.d/steamfossilize_x86_64.json (file version 1.0.0)
[Vulkan Loader] INFO:           Found manifest file /usr/share/vulkan/implicit_layer.d/VkLayer_MESA_anti_lag.json (file version 1.2.1)
[Vulkan Loader] INFO:           Found manifest file /usr/share/vulkan/implicit_layer.d/MangoHud.x86_64.json (file version 1.0.0)
[Vulkan Loader] INFO:           Found manifest file /usr/share/vulkan/implicit_layer.d/MangoHud.x86.json (file version 1.0.0)
[Vulkan Loader] INFO:           Found manifest file /usr/share/vulkan/implicit_layer.d/VkLayer_MESA_device_select.json (file version 1.0.0)
[Vulkan Loader] INFO:           Found manifest file /usr/share/vulkan/implicit_layer.d/VkLayer_LSFGVK_frame_generation.json (file version 1.1.0)
[Vulkan Loader] INFO:           No valid vk_loader_settings.json file found, no loader settings will be active
[Vulkan Loader] LAYER:          Searching for implicit layer manifest files
[Vulkan Loader] LAYER:             In following locations:
[Vulkan Loader] LAYER:                /home/hans/.config/vulkan/implicit_layer.d
[Vulkan Loader] LAYER:                /home/hans/.config/kdedefaults/vulkan/implicit_layer.d
[Vulkan Loader] LAYER:                /etc/xdg/vulkan/implicit_layer.d
[Vulkan Loader] LAYER:                /etc/vulkan/implicit_layer.d
[Vulkan Loader] LAYER:                /home/hans/.local/share/vulkan/implicit_layer.d
[Vulkan Loader] LAYER:                /home/hans/.local/share/flatpak/exports/share/vulkan/implicit_layer.d
[Vulkan Loader] LAYER:                /var/lib/flatpak/exports/share/vulkan/implicit_layer.d
[Vulkan Loader] LAYER:                /usr/local/share/vulkan/implicit_layer.d
[Vulkan Loader] LAYER:                /usr/share/vulkan/implicit_layer.d
[Vulkan Loader] LAYER:                /etc/eselect/wine/share/vulkan/implicit_layer.d
[Vulkan Loader] LAYER:             Found the following files:
[Vulkan Loader] LAYER:                /etc/vulkan/implicit_layer.d/nvidia_layers.json
[Vulkan Loader] LAYER:                /home/hans/.local/share/vulkan/implicit_layer.d/steamoverlay_i386.json
[Vulkan Loader] LAYER:                /home/hans/.local/share/vulkan/implicit_layer.d/steamoverlay_x86_64.json
[Vulkan Loader] LAYER:                /home/hans/.local/share/vulkan/implicit_layer.d/steamfossilize_i386.json
[Vulkan Loader] LAYER:                /home/hans/.local/share/vulkan/implicit_layer.d/steamfossilize_x86_64.json
[Vulkan Loader] LAYER:                /usr/share/vulkan/implicit_layer.d/VkLayer_MESA_anti_lag.json
[Vulkan Loader] LAYER:                /usr/share/vulkan/implicit_layer.d/MangoHud.x86_64.json
[Vulkan Loader] LAYER:                /usr/share/vulkan/implicit_layer.d/MangoHud.x86.json
[Vulkan Loader] LAYER:                /usr/share/vulkan/implicit_layer.d/VkLayer_MESA_device_select.json
[Vulkan Loader] LAYER:                /usr/share/vulkan/implicit_layer.d/VkLayer_LSFGVK_frame_generation.json
[Vulkan Loader] INFO:           Found manifest file /etc/vulkan/implicit_layer.d/nvidia_layers.json (file version 1.0.1)
[Vulkan Loader] INFO:           Found manifest file /home/hans/.local/share/vulkan/implicit_layer.d/steamoverlay_i386.json (file version 1.0.0)
[Vulkan Loader] INFO:           Found manifest file /home/hans/.local/share/vulkan/implicit_layer.d/steamoverlay_x86_64.json (file version 1.0.0)
[Vulkan Loader] INFO:           Found manifest file /home/hans/.local/share/vulkan/implicit_layer.d/steamfossilize_i386.json (file version 1.0.0)
[Vulkan Loader] INFO:           Found manifest file /home/hans/.local/share/vulkan/implicit_layer.d/steamfossilize_x86_64.json (file version 1.0.0)
[Vulkan Loader] INFO:           Found manifest file /usr/share/vulkan/implicit_layer.d/VkLayer_MESA_anti_lag.json (file version 1.2.1)
[Vulkan Loader] INFO:           Found manifest file /usr/share/vulkan/implicit_layer.d/MangoHud.x86_64.json (file version 1.0.0)
[Vulkan Loader] INFO:           Found manifest file /usr/share/vulkan/implicit_layer.d/MangoHud.x86.json (file version 1.0.0)
[Vulkan Loader] INFO:           Found manifest file /usr/share/vulkan/implicit_layer.d/VkLayer_MESA_device_select.json (file version 1.0.0)
[Vulkan Loader] INFO:           Found manifest file /usr/share/vulkan/implicit_layer.d/VkLayer_LSFGVK_frame_generation.json (file version 1.1.0)
6382.953:03fc:0400:info:vkd3d-proton:vkd3d_get_vk_version: vkd3d-proton - applicationVersion: 3.0.0.
6382.953:03fc:0400:info:vkd3d-proton:vkd3d_instance_init: vkd3d-proton - build: e3ef30dd638530f+.
[Vulkan Loader] INFO:           No valid vk_loader_settings.json file found, no loader settings will be active
[Vulkan Loader] LAYER:          Searching for implicit layer manifest files
[Vulkan Loader] LAYER:             In following locations:
[Vulkan Loader] LAYER:                /home/hans/.config/vulkan/implicit_layer.d
[Vulkan Loader] LAYER:                /home/hans/.config/kdedefaults/vulkan/implicit_layer.d
[Vulkan Loader] LAYER:                /etc/xdg/vulkan/implicit_layer.d
[Vulkan Loader] LAYER:                /etc/vulkan/implicit_layer.d
[Vulkan Loader] LAYER:                /home/hans/.local/share/vulkan/implicit_layer.d
[Vulkan Loader] LAYER:                /home/hans/.local/share/flatpak/exports/share/vulkan/implicit_layer.d
[Vulkan Loader] LAYER:                /var/lib/flatpak/exports/share/vulkan/implicit_layer.d
[Vulkan Loader] LAYER:                /usr/local/share/vulkan/implicit_layer.d
[Vulkan Loader] LAYER:                /usr/share/vulkan/implicit_layer.d
[Vulkan Loader] LAYER:                /etc/eselect/wine/share/vulkan/implicit_layer.d
[Vulkan Loader] LAYER:             Found the following files:
[Vulkan Loader] LAYER:                /etc/vulkan/implicit_layer.d/nvidia_layers.json
[Vulkan Loader] LAYER:                /home/hans/.local/share/vulkan/implicit_layer.d/steamoverlay_i386.json
[Vulkan Loader] LAYER:                /home/hans/.local/share/vulkan/implicit_layer.d/steamoverlay_x86_64.json
[Vulkan Loader] LAYER:                /home/hans/.local/share/vulkan/implicit_layer.d/steamfossilize_i386.json
[Vulkan Loader] LAYER:                /home/hans/.local/share/vulkan/implicit_layer.d/steamfossilize_x86_64.json
[Vulkan Loader] LAYER:                /usr/share/vulkan/implicit_layer.d/VkLayer_MESA_anti_lag.json
[Vulkan Loader] LAYER:                /usr/share/vulkan/implicit_layer.d/MangoHud.x86_64.json
[Vulkan Loader] LAYER:                /usr/share/vulkan/implicit_layer.d/MangoHud.x86.json
[Vulkan Loader] LAYER:                /usr/share/vulkan/implicit_layer.d/VkLayer_MESA_device_select.json
[Vulkan Loader] LAYER:                /usr/share/vulkan/implicit_layer.d/VkLayer_LSFGVK_frame_generation.json
[Vulkan Loader] INFO:           Found manifest file /etc/vulkan/implicit_layer.d/nvidia_layers.json (file version 1.0.1)
[Vulkan Loader] INFO:           Found manifest file /home/hans/.local/share/vulkan/implicit_layer.d/steamoverlay_i386.json (file version 1.0.0)
[Vulkan Loader] INFO:           Found manifest file /home/hans/.local/share/vulkan/implicit_layer.d/steamoverlay_x86_64.json (file version 1.0.0)
[Vulkan Loader] INFO:           Found manifest file /home/hans/.local/share/vulkan/implicit_layer.d/steamfossilize_i386.json (file version 1.0.0)
[Vulkan Loader] INFO:           Found manifest file /home/hans/.local/share/vulkan/implicit_layer.d/steamfossilize_x86_64.json (file version 1.0.0)
[Vulkan Loader] INFO:           Found manifest file /usr/share/vulkan/implicit_layer.d/VkLayer_MESA_anti_lag.json (file version 1.2.1)
[Vulkan Loader] INFO:           Found manifest file /usr/share/vulkan/implicit_layer.d/MangoHud.x86_64.json (file version 1.0.0)
[Vulkan Loader] INFO:           Found manifest file /usr/share/vulkan/implicit_layer.d/MangoHud.x86.json (file version 1.0.0)
[Vulkan Loader] INFO:           Found manifest file /usr/share/vulkan/implicit_layer.d/VkLayer_MESA_device_select.json (file version 1.0.0)
[Vulkan Loader] INFO:           Found manifest file /usr/share/vulkan/implicit_layer.d/VkLayer_LSFGVK_frame_generation.json (file version 1.1.0)
[Vulkan Loader] LAYER:          Searching for explicit layer manifest files
[Vulkan Loader] LAYER:             In following locations:
[Vulkan Loader] LAYER:                /home/hans/.config/vulkan/explicit_layer.d
[Vulkan Loader] LAYER:                /home/hans/.config/kdedefaults/vulkan/explicit_layer.d
[Vulkan Loader] LAYER:                /etc/xdg/vulkan/explicit_layer.d
[Vulkan Loader] LAYER:                /etc/vulkan/explicit_layer.d
[Vulkan Loader] LAYER:                /home/hans/.local/share/vulkan/explicit_layer.d
[Vulkan Loader] LAYER:                /home/hans/.local/share/flatpak/exports/share/vulkan/explicit_layer.d
[Vulkan Loader] LAYER:                /var/lib/flatpak/exports/share/vulkan/explicit_layer.d
[Vulkan Loader] LAYER:                /usr/local/share/vulkan/explicit_layer.d
[Vulkan Loader] LAYER:                /usr/share/vulkan/explicit_layer.d
[Vulkan Loader] LAYER:                /etc/eselect/wine/share/vulkan/explicit_layer.d
[Vulkan Loader] LAYER:             Found the following files:
[Vulkan Loader] LAYER:                /usr/share/vulkan/explicit_layer.d/VkLayer_MESA_overlay.json
[Vulkan Loader] LAYER:                /usr/share/vulkan/explicit_layer.d/VkLayer_khronos_validation.json
[Vulkan Loader] INFO:           Found manifest file /usr/share/vulkan/explicit_layer.d/VkLayer_MESA_overlay.json (file version 1.0.0)
[Vulkan Loader] INFO:           Found manifest file /usr/share/vulkan/explicit_layer.d/VkLayer_khronos_validation.json (file version 1.2.0)
[Vulkan Loader] DRIVER:         Searching for driver manifest files
[Vulkan Loader] DRIVER:            In following locations:
[Vulkan Loader] DRIVER:               /home/hans/.config/vulkan/icd.d
[Vulkan Loader] DRIVER:               /home/hans/.config/kdedefaults/vulkan/icd.d
[Vulkan Loader] DRIVER:               /etc/xdg/vulkan/icd.d
[Vulkan Loader] DRIVER:               /etc/vulkan/icd.d
[Vulkan Loader] DRIVER:               /home/hans/.local/share/vulkan/icd.d
[Vulkan Loader] DRIVER:               /home/hans/.local/share/flatpak/exports/share/vulkan/icd.d
[Vulkan Loader] DRIVER:               /var/lib/flatpak/exports/share/vulkan/icd.d
[Vulkan Loader] DRIVER:               /usr/local/share/vulkan/icd.d
[Vulkan Loader] DRIVER:               /usr/share/vulkan/icd.d
[Vulkan Loader] DRIVER:               /etc/eselect/wine/share/vulkan/icd.d
[Vulkan Loader] DRIVER:            Found the following files:
[Vulkan Loader] DRIVER:               /etc/vulkan/icd.d/nvidia_icd.json
[Vulkan Loader] DRIVER:               /usr/share/vulkan/icd.d/intel_icd.i686.json
[Vulkan Loader] DRIVER:               /usr/share/vulkan/icd.d/intel_hasvk_icd.i686.json
[Vulkan Loader] DRIVER:               /usr/share/vulkan/icd.d/radeon_icd.i686.json
[Vulkan Loader] DRIVER:               /usr/share/vulkan/icd.d/intel_icd.x86_64.json
[Vulkan Loader] DRIVER:               /usr/share/vulkan/icd.d/intel_hasvk_icd.x86_64.json
[Vulkan Loader] DRIVER:               /usr/share/vulkan/icd.d/radeon_icd.x86_64.json
[Vulkan Loader] DRIVER:         Found ICD manifest file /etc/vulkan/icd.d/nvidia_icd.json, version 1.0.1
[Vulkan Loader] DEBUG | DRIVER: Searching for ICD drivers named libGLX_nvidia.so.0
[Vulkan Loader] DRIVER:         Found ICD manifest file /usr/share/vulkan/icd.d/intel_icd.i686.json, version 1.0.1
[Vulkan Loader] DEBUG | DRIVER: Searching for ICD drivers named /usr/lib/libvulkan_intel.so
[Vulkan Loader] INFO:           loader_parse_icd_manifest: Driver library architecture doesn't match the current running architecture, skipping this driver
[Vulkan Loader] DRIVER:         Found ICD manifest file /usr/share/vulkan/icd.d/intel_hasvk_icd.i686.json, version 1.0.1
[Vulkan Loader] DEBUG | DRIVER: Searching for ICD drivers named /usr/lib/libvulkan_intel_hasvk.so
[Vulkan Loader] INFO:           loader_parse_icd_manifest: Driver library architecture doesn't match the current running architecture, skipping this driver
[Vulkan Loader] DRIVER:         Found ICD manifest file /usr/share/vulkan/icd.d/radeon_icd.i686.json, version 1.0.1
[Vulkan Loader] DEBUG | DRIVER: Searching for ICD drivers named /usr/lib/libvulkan_radeon.so
[Vulkan Loader] INFO:           loader_parse_icd_manifest: Driver library architecture doesn't match the current running architecture, skipping this driver
[Vulkan Loader] DRIVER:         Found ICD manifest file /usr/share/vulkan/icd.d/intel_icd.x86_64.json, version 1.0.1
[Vulkan Loader] DEBUG | DRIVER: Searching for ICD drivers named /usr/lib64/libvulkan_intel.so
[Vulkan Loader] DRIVER:         Found ICD manifest file /usr/share/vulkan/icd.d/intel_hasvk_icd.x86_64.json, version 1.0.1
[Vulkan Loader] DEBUG | DRIVER: Searching for ICD drivers named /usr/lib64/libvulkan_intel_hasvk.so
[Vulkan Loader] DRIVER:         Found ICD manifest file /usr/share/vulkan/icd.d/radeon_icd.x86_64.json, version 1.0.1
[Vulkan Loader] DEBUG | DRIVER: Searching for ICD drivers named /usr/lib64/libvulkan_radeon.so
[Vulkan Loader] DEBUG | LAYER:  Loading layer library /usr/share/vulkan/implicit_layer.d/../../../lib/liblsfg-vk-layer.so
[Vulkan Loader] INFO | LAYER:   Insert instance layer "VK_LAYER_LSFGVK_frame_generation" (/usr/lib/liblsfg-vk-layer.so)
[Vulkan Loader] DEBUG | LAYER:  Loading layer library libVkLayer_MESA_device_select.so
[Vulkan Loader] INFO | LAYER:   Insert instance layer "VK_LAYER_MESA_device_select" (/usr/lib64/libVkLayer_MESA_device_select.so)
[Vulkan Loader] INFO:           /usr/lib/mangohud/lib32/libMangoHud.so: wrong ELF class: ELFCLASS32
[Vulkan Loader] DEBUG | LAYER:  Loading layer library /usr/lib/mangohud/lib64/libMangoHud.so
[Vulkan Loader] INFO | LAYER:   Insert instance layer "VK_LAYER_MANGOHUD_overlay_x86_64" (/usr/lib/mangohud/lib64/libMangoHud.so)
[Vulkan Loader] INFO | LAYER:   Requested layer "VK_LAYER_MANGOHUD_overlay_x86" was wrong bit-type.
[Vulkan Loader] LAYER:          vkCreateInstance layer callstack setup to:
[Vulkan Loader] LAYER:             <Application>
[Vulkan Loader] LAYER:               ||
[Vulkan Loader] LAYER:             <Loader>
[Vulkan Loader] LAYER:               ||
[Vulkan Loader] LAYER:             VK_LAYER_MANGOHUD_overlay_x86_64
[Vulkan Loader] LAYER:                     Type: Implicit
[Vulkan Loader] LAYER:                     Enabled By: Implicit Layer
[Vulkan Loader] LAYER:                         Disable Env Var:  DISABLE_MANGOHUD
[Vulkan Loader] LAYER:                         This layer was enabled because Env Var MANGOHUD was set to Value 1
[Vulkan Loader] LAYER:                     Manifest: /usr/share/vulkan/implicit_layer.d/MangoHud.x86_64.json
[Vulkan Loader] LAYER:                     Library:  /usr/lib/mangohud/lib64/libMangoHud.so
[Vulkan Loader] LAYER:               ||
[Vulkan Loader] LAYER:             VK_LAYER_MESA_device_select
[Vulkan Loader] LAYER:                     Type: Implicit
[Vulkan Loader] LAYER:                     Enabled By: Implicit Layer
[Vulkan Loader] LAYER:                         Disable Env Var:  NODEVICE_SELECT
[Vulkan Loader] LAYER:                     Manifest: /usr/share/vulkan/implicit_layer.d/VkLayer_MESA_device_select.json
[Vulkan Loader] LAYER:                     Library:  /usr/lib64/libVkLayer_MESA_device_select.so
[Vulkan Loader] LAYER:               ||
[Vulkan Loader] LAYER:             VK_LAYER_LSFGVK_frame_generation
[Vulkan Loader] LAYER:                     Type: Implicit
[Vulkan Loader] LAYER:                     Enabled By: Implicit Layer
[Vulkan Loader] LAYER:                         Disable Env Var:  DISABLE_LSFGVK
[Vulkan Loader] LAYER:                     Manifest: /usr/share/vulkan/implicit_layer.d/VkLayer_LSFGVK_frame_generation.json
[Vulkan Loader] LAYER:                     Library:  /usr/lib/liblsfg-vk-layer.so
[Vulkan Loader] LAYER:               ||
[Vulkan Loader] LAYER:             <Drivers>
[Vulkan Loader] INFO | DRIVER:  linux_read_sorted_physical_devices:
[Vulkan Loader] INFO | DRIVER:       Original order:
[Vulkan Loader] INFO | DRIVER:             [0] NVIDIA GeForce RTX 4080
[Vulkan Loader] INFO | DRIVER:       Sorted order:
[Vulkan Loader] INFO | DRIVER:             [0] NVIDIA GeForce RTX 4080  
[Vulkan Loader] INFO | DRIVER:  linux_read_sorted_physical_devices:
[Vulkan Loader] INFO | DRIVER:       Original order:
[Vulkan Loader] INFO | DRIVER:             [0] NVIDIA GeForce RTX 4080
[Vulkan Loader] INFO | DRIVER:       Sorted order:
[Vulkan Loader] INFO | DRIVER:             [0] NVIDIA GeForce RTX 4080  
[Vulkan Loader] DEBUG | DRIVER: Copying old device 0 into new device 0
[Vulkan Loader] INFO | DRIVER:  linux_read_sorted_physical_devices:
[Vulkan Loader] INFO | DRIVER:       Original order:
[Vulkan Loader] INFO | DRIVER:             [0] NVIDIA GeForce RTX 4080
[Vulkan Loader] INFO | DRIVER:       Sorted order:
[Vulkan Loader] INFO | DRIVER:             [0] NVIDIA GeForce RTX 4080  
[Vulkan Loader] DEBUG | DRIVER: Copying old device 0 into new device 0
[Vulkan Loader] INFO | DRIVER:  linux_read_sorted_physical_devices:
[Vulkan Loader] INFO | DRIVER:       Original order:
[Vulkan Loader] INFO | DRIVER:             [0] NVIDIA GeForce RTX 4080
[Vulkan Loader] INFO | DRIVER:       Sorted order:
[Vulkan Loader] INFO | DRIVER:             [0] NVIDIA GeForce RTX 4080  
[Vulkan Loader] DEBUG | DRIVER: Copying old device 0 into new device 0
[Vulkan Loader] INFO | DRIVER:  linux_read_sorted_physical_devices:
[Vulkan Loader] INFO | DRIVER:       Original order:
[Vulkan Loader] INFO | DRIVER:             [0] NVIDIA GeForce RTX 4080
[Vulkan Loader] INFO | DRIVER:       Sorted order:
[Vulkan Loader] INFO | DRIVER:             [0] NVIDIA GeForce RTX 4080  
[Vulkan Loader] DEBUG | DRIVER: Copying old device 0 into new device 0
[Vulkan Loader] INFO | DRIVER:  linux_read_sorted_physical_devices:
[Vulkan Loader] INFO | DRIVER:       Original order:
[Vulkan Loader] INFO | DRIVER:             [0] NVIDIA GeForce RTX 4080
[Vulkan Loader] INFO | DRIVER:       Sorted order:
[Vulkan Loader] INFO | DRIVER:             [0] NVIDIA GeForce RTX 4080  
[Vulkan Loader] DEBUG | DRIVER: Copying old device 0 into new device 0
[Vulkan Loader] INFO | DRIVER:  linux_read_sorted_physical_devices:
[Vulkan Loader] INFO | DRIVER:       Original order:
[Vulkan Loader] INFO | DRIVER:             [0] NVIDIA GeForce RTX 4080
[Vulkan Loader] INFO | DRIVER:       Sorted order:
[Vulkan Loader] INFO | DRIVER:             [0] NVIDIA GeForce RTX 4080  
[Vulkan Loader] DEBUG | DRIVER: Copying old device 0 into new device 0
[Vulkan Loader] INFO | DRIVER:  linux_read_sorted_physical_devices:
[Vulkan Loader] INFO | DRIVER:       Original order:
[Vulkan Loader] INFO | DRIVER:             [0] NVIDIA GeForce RTX 4080
[Vulkan Loader] INFO | DRIVER:       Sorted order:
[Vulkan Loader] INFO | DRIVER:             [0] NVIDIA GeForce RTX 4080  
[Vulkan Loader] DEBUG | DRIVER: Copying old device 0 into new device 0
[Vulkan Loader] INFO | DRIVER:  Removing driver /usr/lib64/libvulkan_radeon.so due to not having any physical devices
[Vulkan Loader] INFO | DRIVER:  Removing driver /usr/lib64/libvulkan_intel_hasvk.so due to not having any physical devices
[Vulkan Loader] INFO | DRIVER:  Removing driver /usr/lib64/libvulkan_intel.so due to not having any physical devices
[Vulkan Loader] INFO | LAYER:   Inserted device layer "VK_LAYER_LSFGVK_frame_generation" (/usr/lib/liblsfg-vk-layer.so)
[Vulkan Loader] INFO | LAYER:   Failed to find vkGetDeviceProcAddr in layer "/usr/lib64/libVkLayer_MESA_device_select.so"
[Vulkan Loader] INFO | LAYER:   Inserted device layer "VK_LAYER_MANGOHUD_overlay_x86_64" (/usr/lib/mangohud/lib64/libMangoHud.so)
[Vulkan Loader] DRIVER:         vkCreateDevice layer callstack setup to:
[Vulkan Loader] DRIVER:            <Application>
[Vulkan Loader] DRIVER:              ||
[Vulkan Loader] DRIVER:            <Loader>
[Vulkan Loader] DRIVER:              ||
[Vulkan Loader] LAYER:             VK_LAYER_MANGOHUD_overlay_x86_64
[Vulkan Loader] LAYER:                     Type: Implicit
[Vulkan Loader] LAYER:                     Enabled By: Implicit Layer
[Vulkan Loader] LAYER:                         Disable Env Var:  DISABLE_MANGOHUD
[Vulkan Loader] LAYER:                     Manifest: /usr/share/vulkan/implicit_layer.d/MangoHud.x86_64.json
[Vulkan Loader] LAYER:                     Library:  /usr/lib/mangohud/lib64/libMangoHud.so
[Vulkan Loader] LAYER:               ||
[Vulkan Loader] LAYER:             VK_LAYER_LSFGVK_frame_generation
[Vulkan Loader] LAYER:                     Type: Implicit
[Vulkan Loader] LAYER:                     Enabled By: Implicit Layer
[Vulkan Loader] LAYER:                         Disable Env Var:  DISABLE_LSFGVK
[Vulkan Loader] LAYER:                     Manifest: /usr/share/vulkan/implicit_layer.d/VkLayer_LSFGVK_frame_generation.json
[Vulkan Loader] LAYER:                     Library:  /usr/lib/liblsfg-vk-layer.so
[Vulkan Loader] LAYER:               ||
[Vulkan Loader] DRIVER:            <Device>
[Vulkan Loader] DRIVER:                Using "NVIDIA GeForce RTX 4080" with driver: "/usr/lib64/libGLX_nvidia.so.590.48.01"
6383.364:03fc:0400:info:vkd3d-proton:vkd3d_memory_info_decide_hvv_usage: Topology: No more than 1 device local heap, HVV access is viable.
6383.364:03fc:0400:info:vkd3d-proton:vkd3d_memory_info_upload_hvv_memory_properties: Topology: HVV usage is allowed, using DEVICE_LOCAL | HOST_COHERENT for UPLOAD.
6383.364:03fc:0400:info:vkd3d-proton:vkd3d_memory_info_init_budgets: Applying resizable BAR budget to memory types: 0x10.
6383.364:03fc:0400:info:vkd3d-proton:vkd3d_bindless_state_get_bindless_flags: Enabling fast paths for advanced ExecuteIndirect() graphics and compute (EXT_dgc).
6383.364:03fc:0400:info:vkd3d-proton:vkd3d_bindless_state_get_bindless_flags: Device supports VK_EXT_mutable_descriptor_type.
6383.364:03fc:0400:info:vkd3d-proton:vkd3d_bindless_state_add_binding: Device supports VK_EXT_descriptor_buffer!
6383.364:03fc:0400:info:vkd3d-proton:vkd3d_bindless_state_add_binding: Device supports VK_EXT_descriptor_buffer!
6383.364:03fc:0400:info:vkd3d-proton:vkd3d_bindless_state_add_binding: Device supports VK_EXT_descriptor_buffer!
6383.366:03fc:0400:info:vkd3d-proton:d3d12_device_caps_init_shader_model: Enabling support for SM 6.6.
6383.366:03fc:0400:info:vkd3d-proton:d3d12_device_caps_init_shader_model: Enabling support for SM 6.7.
6383.366:03fc:0400:info:vkd3d-proton:d3d12_device_caps_init_shader_model: Enabling support for SM 6.8.
6383.366:03fc:0400:fixme:vkd3d-proton:d3d12_device_caps_init_feature_options1: TotalLaneCount = 7296, may be inaccurate.
6383.366:03fc:0400:info:vkd3d-proton:d3d12_device_determine_ray_tracing_tier: DXR support enabled.
6383.366:03fc:0400:info:vkd3d-proton:d3d12_device_determine_ray_tracing_tier: DXR 1.1 support enabled.
6383.366:03fc:0400:info:vkd3d-proton:d3d12_device_caps_init_feature_level: DX Ultimate supported!
6383.366:03fc:0400:info:vkd3d-proton:vkd3d_pipeline_library_init_disk_cache: Remapping VKD3D_SHADER_CACHE to: vkd3d-proton.cache.
6383.366:03fc:0400:info:vkd3d-proton:vkd3d_pipeline_library_init_disk_cache: Attempting to load disk cache from: vkd3d-proton.cache.
[Vulkan Loader] INFO:           No valid vk_loader_settings.json file found, no loader settings will be active
[Vulkan Loader] LAYER:          Searching for implicit layer manifest files
[Vulkan Loader] LAYER:             In following locations:
[Vulkan Loader] LAYER:                /home/hans/.config/vulkan/implicit_layer.d
[Vulkan Loader] LAYER:                /home/hans/.config/kdedefaults/vulkan/implicit_layer.d
[Vulkan Loader] LAYER:                /etc/xdg/vulkan/implicit_layer.d
[Vulkan Loader] LAYER:                /etc/vulkan/implicit_layer.d
[Vulkan Loader] LAYER:                /home/hans/.local/share/vulkan/implicit_layer.d
[Vulkan Loader] LAYER:                /home/hans/.local/share/flatpak/exports/share/vulkan/implicit_layer.d
[Vulkan Loader] LAYER:                /var/lib/flatpak/exports/share/vulkan/implicit_layer.d
[Vulkan Loader] LAYER:                /usr/local/share/vulkan/implicit_layer.d
[Vulkan Loader] LAYER:                /usr/share/vulkan/implicit_layer.d
[Vulkan Loader] LAYER:                /etc/eselect/wine/share/vulkan/implicit_layer.d
[Vulkan Loader] LAYER:             Found the following files:
[Vulkan Loader] LAYER:                /etc/vulkan/implicit_layer.d/nvidia_layers.json
[Vulkan Loader] LAYER:                /home/hans/.local/share/vulkan/implicit_layer.d/steamoverlay_i386.json
[Vulkan Loader] LAYER:                /home/hans/.local/share/vulkan/implicit_layer.d/steamoverlay_x86_64.json
[Vulkan Loader] LAYER:                /home/hans/.local/share/vulkan/implicit_layer.d/steamfossilize_i386.json
[Vulkan Loader] LAYER:                /home/hans/.local/share/vulkan/implicit_layer.d/steamfossilize_x86_64.json
[Vulkan Loader] LAYER:                /usr/share/vulkan/implicit_layer.d/VkLayer_MESA_anti_lag.json
[Vulkan Loader] LAYER:                /usr/share/vulkan/implicit_layer.d/MangoHud.x86_64.json
[Vulkan Loader] LAYER:                /usr/share/vulkan/implicit_layer.d/MangoHud.x86.json
[Vulkan Loader] LAYER:                /usr/share/vulkan/implicit_layer.d/VkLayer_MESA_device_select.json
[Vulkan Loader] LAYER:                /usr/share/vulkan/implicit_layer.d/VkLayer_LSFGVK_frame_generation.json
[Vulkan Loader] INFO:           Found manifest file /etc/vulkan/implicit_layer.d/nvidia_layers.json (file version 1.0.1)
[Vulkan Loader] INFO:           Found manifest file /home/hans/.local/share/vulkan/implicit_layer.d/steamoverlay_i386.json (file version 1.0.0)
[Vulkan Loader] INFO:           Found manifest file /home/hans/.local/share/vulkan/implicit_layer.d/steamoverlay_x86_64.json (file version 1.0.0)
[Vulkan Loader] INFO:           Found manifest file /home/hans/.local/share/vulkan/implicit_layer.d/steamfossilize_i386.json (file version 1.0.0)
[Vulkan Loader] INFO:           Found manifest file /home/hans/.local/share/vulkan/implicit_layer.d/steamfossilize_x86_64.json (file version 1.0.0)
[Vulkan Loader] INFO:           Found manifest file /usr/share/vulkan/implicit_layer.d/VkLayer_MESA_anti_lag.json (file version 1.2.1)
[Vulkan Loader] INFO:           6383.366:03fc:06e8:info:vkd3d-proton:vkd3d_pipeline_library_disk_thread_main: Performing async setup of stream archive ...
Found manifest file /usr/share/vulkan/implicit_layer.d/MangoHud.x86_64.json (file version 1.0.0)
[Vulkan Loader] INFO:           Found manifest file /usr/share/vulkan/implicit_layer.d/MangoHud.x86.json (file version 1.0.0)
[Vulkan Loader] INFO:           Found manifest file /usr/share/vulkan/implicit_layer.d/VkLayer_MESA_device_select.json (file version 1.0.0)
[Vulkan Loader] INFO:           Found manifest file /usr/share/vulkan/implicit_layer.d/VkLayer_LSFGVK_frame_generation.json (file version 1.1.0)
[Vulkan Loader] LAYER:          Searching for explicit layer manifest files
[Vulkan Loader] LAYER:             In following locations:
[Vulkan Loader] LAYER:                /home/hans/.config/vulkan/explicit_layer.d
[Vulkan Loader] LAYER:                /home/hans/.config/kdedefaults/vulkan/explicit_layer.d
[Vulkan Loader] LAYER:                /etc/xdg/vulkan/explicit_layer.d
[Vulkan Loader] LAYER:                /etc/vulkan/explicit_layer.d
[Vulkan Loader] LAYER:                /home/hans/.local/share/vulkan/explicit_layer.d
[Vulkan Loader] LAYER:                /home/hans/.local/share/flatpak/exports/share/vulkan/explicit_layer.d
[Vulkan Loader] LAYER:                /var/lib/flatpak/exports/share/vulkan/explicit_layer.d
[Vulkan Loader] LAYER:                /usr/local/share/vulkan/explicit_layer.d
[Vulkan Loader] LAYER:                /usr/share/vulkan/explicit_layer.d
[Vulkan Loader] LAYER:                /etc/eselect/wine/share/vulkan/explicit_layer.d
[Vulkan Loader] LAYER:             Found the following files:
[Vulkan Loader] LAYER:                /usr/share/vulkan/explicit_layer.d/VkLayer_MESA_overlay.json
[Vulkan Loader] LAYER:                /usr/share/vulkan/explicit_layer.d/VkLayer_khronos_validation.json
[Vulkan Loader] INFO:           Found manifest file /usr/share/vulkan/explicit_layer.d/VkLayer_MESA_overlay.json (file version 1.0.0)
[Vulkan Loader] INFO:           Found manifest file /usr/share/vulkan/explicit_layer.d/VkLayer_khronos_validation.json (file version 1.2.0)
[Vulkan Loader] DRIVER:         Searching for driver manifest files
[Vulkan Loader] DRIVER:            In following locations:
[Vulkan Loader] DRIVER:               /home/hans/.config/vulkan/icd.d
[Vulkan Loader] DRIVER:               /home/hans/.config/kdedefaults/vulkan/icd.d
[Vulkan Loader] DRIVER:               /etc/xdg/vulkan/icd.d
[Vulkan Loader] DRIVER:               /etc/vulkan/icd.d
[Vulkan Loader] DRIVER:               /home/hans/.local/share/vulkan/icd.d
[Vulkan Loader] DRIVER:               /home/hans/.local/share/flatpak/exports/share/vulkan/icd.d
[Vulkan Loader] DRIVER:               /var/lib/flatpak/exports/share/vulkan/icd.d
[Vulkan Loader] DRIVER:               /usr/local/share/vulkan/icd.d
[Vulkan Loader] DRIVER:               /usr/share/vulkan/icd.d
[Vulkan Loader] DRIVER:               /etc/eselect/wine/share/vulkan/icd.d
[Vulkan Loader] DRIVER:            Found the following files:
[Vulkan Loader] DRIVER:               /etc/vulkan/icd.d/nvidia_icd.json
[Vulkan Loader] DRIVER:               /usr/share/vulkan/icd.d/intel_icd.i686.json
[Vulkan Loader] DRIVER:               /usr/share/vulkan/icd.d/intel_hasvk_icd.i686.json
[Vulkan Loader] DRIVER:               /usr/share/vulkan/icd.d/radeon_icd.i686.json
[Vulkan Loader] DRIVER:               /usr/share/vulkan/icd.d/intel_icd.x86_64.json
[Vulkan Loader] DRIVER:               /usr/share/vulkan/icd.d/intel_hasvk_icd.x86_64.json
[Vulkan Loader] DRIVER:               /usr/share/vulkan/icd.d/radeon_icd.x86_64.json
[Vulkan Loader] DRIVER:         Found ICD manifest file /etc/vulkan/icd.d/nvidia_icd.json, version 1.0.1
[Vulkan Loader] DEBUG | DRIVER: Searching for ICD drivers named libGLX_nvidia.so.0
[Vulkan Loader] DRIVER:         Found ICD manifest file /usr/share/vulkan/icd.d/intel_icd.i686.json, version 1.0.1
[Vulkan Loader] DEBUG | DRIVER: Searching for ICD drivers named /usr/lib/libvulkan_intel.so
[Vulkan Loader] INFO:           loader_parse_icd_manifest: Driver library architecture doesn't match the current running architecture, skipping this driver
[Vulkan Loader] DRIVER:         Found ICD manifest file /usr/share/vulkan/icd.d/intel_hasvk_icd.i686.json, version 1.0.1
[Vulkan Loader] DEBUG | DRIVER: Searching for ICD drivers named /usr/lib/libvulkan_intel_hasvk.so
[Vulkan Loader] INFO:           loader_parse_icd_manifest: Driver library architecture doesn't match the current running architecture, skipping this driver
[Vulkan Loader] DRIVER:         Found ICD manifest file /usr/share/vulkan/icd.d/radeon_icd.i686.json, version 1.0.1
[Vulkan Loader] DEBUG | DRIVER: Searching for ICD drivers named /usr/lib/libvulkan_radeon.so
[Vulkan Loader] INFO:           loader_parse_icd_manifest: Driver library architecture doesn't match the current running architecture, skipping this driver
[Vulkan Loader] DRIVER:         Found ICD manifest file /usr/share/vulkan/icd.d/intel_icd.x86_64.json, version 1.0.1
[Vulkan Loader] DEBUG | DRIVER: Searching for ICD drivers named /usr/lib64/libvulkan_intel.so
6383.368:03fc:06e8:info:vkd3d-proton:vkd3d_pipeline_library_disk_cache_merge: No write cache exists. No need to merge any disk caches.
[Vulkan Loader] DRIVER:         Found ICD manifest file /usr/share/vulkan/icd.d/intel_hasvk_icd.x86_64.json, version 1.0.1
[Vulkan Loader] DEBUG | DRIVER: Searching for ICD drivers named /usr/lib64/libvulkan_intel_hasvk.so
[Vulkan Loader] DRIVER:         Found ICD manifest file /usr/share/vulkan/icd.d/radeon_icd.x86_64.json, version 1.0.1
[Vulkan Loader] DEBUG | DRIVER: Searching for ICD drivers named /usr/lib64/libvulkan_radeon.so
[Vulkan Loader] DEBUG | LAYER:  Loading layer library /usr/share/vulkan/implicit_layer.d/../../../lib/liblsfg-vk-layer.so
[Vulkan Loader] INFO | LAYER:   Insert instance layer "VK_LAYER_LSFGVK_frame_generation" (/usr/lib/liblsfg-vk-layer.so)
[Vulkan Loader] DEBUG | LAYER:  Loading layer library libVkLayer_MESA_device_select.so
[Vulkan Loader] INFO | LAYER:   Insert instance layer "VK_LAYER_MESA_device_select" (/usr/lib64/libVkLayer_MESA_device_select.so)
[Vulkan Loader] INFO:           /usr/lib/mangohud/lib32/libMangoHud.so: wrong ELF class: ELFCLASS32
[Vulkan Loader] DEBUG | LAYER:  Loading layer library /usr/lib/mangohud/lib64/libMangoHud.so
[Vulkan Loader] INFO | LAYER:   Insert instance layer "VK_LAYER_MANGOHUD_overlay_x86_64" (/usr/lib/mangohud/lib64/libMangoHud.so)
[Vulkan Loader] INFO | LAYER:   Requested layer "VK_LAYER_MANGOHUD_overlay_x86" was wrong bit-type.
[Vulkan Loader] LAYER:          vkCreateInstance layer callstack setup to:
[Vulkan Loader] LAYER:             <Application>
[Vulkan Loader] LAYER:               ||
[Vulkan Loader] LAYER:             <Loader>
[Vulkan Loader] LAYER:               ||
[Vulkan Loader] LAYER:             VK_LAYER_MANGOHUD_overlay_x86_64
[Vulkan Loader] LAYER:                     Type: Implicit
[Vulkan Loader] LAYER:                     Enabled By: Implicit Layer
[Vulkan Loader] LAYER:                         Disable Env Var:  DISABLE_MANGOHUD
[Vulkan Loader] LAYER:                         This layer was enabled because Env Var MANGOHUD was set to Value 1
[Vulkan Loader] LAYER:                     Manifest: /usr/share/vulkan/implicit_layer.d/MangoHud.x86_64.json
[Vulkan Loader] LAYER:                     Library:  /usr/lib/mangohud/lib64/libMangoHud.so
[Vulkan Loader] LAYER:               ||
[Vulkan Loader] LAYER:             VK_LAYER_MESA_device_select
[Vulkan Loader] LAYER:                     Type: Implicit
[Vulkan Loader] LAYER:                     Enabled By: Implicit Layer
[Vulkan Loader] LAYER:                         Disable Env Var:  NODEVICE_SELECT
[Vulkan Loader] LAYER:                     Manifest: /usr/share/vulkan/implicit_layer.d/VkLayer_MESA_device_select.json
[Vulkan Loader] LAYER:                     Library:  /usr/lib64/libVkLayer_MESA_device_select.so
[Vulkan Loader] LAYER:               ||
[Vulkan Loader] LAYER:             VK_LAYER_LSFGVK_frame_generation
[Vulkan Loader] LAYER:                     Type: Implicit
[Vulkan Loader] LAYER:                     Enabled By: Implicit Layer
[Vulkan Loader] LAYER:                         Disable Env Var:  DISABLE_LSFGVK
[Vulkan Loader] LAYER:                     Manifest: /usr/share/vulkan/implicit_layer.d/VkLayer_LSFGVK_frame_generation.json
[Vulkan Loader] LAYER:                     Library:  /usr/lib/liblsfg-vk-layer.so
[Vulkan Loader] LAYER:               ||
[Vulkan Loader] LAYER:             <Drivers>
6383.374:03fc:06e8:info:vkd3d-proton:vkd3d_pipeline_library_disk_cache_initial_setup: Merging pipeline libraries took 7.658 ms.
6383.376:03fc:06e8:info:vkd3d-proton:vkd3d_pipeline_library_disk_cache_initial_setup: Failed to map read-only cache: vkd3d-proton.cache.
6383.376:03fc:06e8:info:vkd3d-proton:vkd3d_pipeline_library_disk_thread_main: Done performing async setup of stream archive.
[Vulkan Loader] INFO | DRIVER:  linux_read_sorted_physical_devices:
[Vulkan Loader] INFO | DRIVER:       Original order:
[Vulkan Loader] INFO | DRIVER:             [0] NVIDIA GeForce RTX 4080
[Vulkan Loader] INFO | DRIVER:       Sorted order:
[Vulkan Loader] INFO | DRIVER:             [0] NVIDIA GeForce RTX 4080  
[Vulkan Loader] INFO | DRIVER:  linux_read_sorted_physical_devices:
[Vulkan Loader] INFO | DRIVER:       Original order:
[Vulkan Loader] INFO | DRIVER:             [0] NVIDIA GeForce RTX 4080
[Vulkan Loader] INFO | DRIVER:       Sorted order:
[Vulkan Loader] INFO | DRIVER:             [0] NVIDIA GeForce RTX 4080  
[Vulkan Loader] DEBUG | DRIVER: Copying old device 0 into new device 0
[Vulkan Loader] INFO | DRIVER:  linux_read_sorted_physical_devices:
[Vulkan Loader] INFO | DRIVER:       Original order:
[Vulkan Loader] INFO | DRIVER:             [0] NVIDIA GeForce RTX 4080
[Vulkan Loader] INFO | DRIVER:       Sorted order:
[Vulkan Loader] INFO | DRIVER:             [0] NVIDIA GeForce RTX 4080  
[Vulkan Loader] DEBUG | DRIVER: Copying old device 0 into new device 0
[Vulkan Loader] INFO | DRIVER:  linux_read_sorted_physical_devices:
[Vulkan Loader] INFO | DRIVER:       Original order:
[Vulkan Loader] INFO | DRIVER:             [0] NVIDIA GeForce RTX 4080
[Vulkan Loader] INFO | DRIVER:       Sorted order:
[Vulkan Loader] INFO | DRIVER:             [0] NVIDIA GeForce RTX 4080  
[Vulkan Loader] DEBUG | DRIVER: Copying old device 0 into new device 0
[Vulkan Loader] INFO | DRIVER:  linux_read_sorted_physical_devices:
[Vulkan Loader] INFO | DRIVER:       Original order:
[Vulkan Loader] INFO | DRIVER:             [0] NVIDIA GeForce RTX 4080
[Vulkan Loader] INFO | DRIVER:       Sorted order:
[Vulkan Loader] INFO | DRIVER:             [0] NVIDIA GeForce RTX 4080  
[Vulkan Loader] DEBUG | DRIVER: Copying old device 0 into new device 0
[Vulkan Loader] INFO | DRIVER:  linux_read_sorted_physical_devices:
[Vulkan Loader] INFO | DRIVER:       Original order:
[Vulkan Loader] INFO | DRIVER:             [0] NVIDIA GeForce RTX 4080
[Vulkan Loader] INFO | DRIVER:       Sorted order:
[Vulkan Loader] INFO | DRIVER:             [0] NVIDIA GeForce RTX 4080  
[Vulkan Loader] DEBUG | DRIVER: Copying old device 0 into new device 0
[Vulkan Loader] INFO | DRIVER:  linux_read_sorted_physical_devices:
[Vulkan Loader] INFO | DRIVER:       Original order:
[Vulkan Loader] INFO | DRIVER:             [0] NVIDIA GeForce RTX 4080
[Vulkan Loader] INFO | DRIVER:       Sorted order:
[Vulkan Loader] INFO | DRIVER:             [0] NVIDIA GeForce RTX 4080  
[Vulkan Loader] DEBUG | DRIVER: Copying old device 0 into new device 0
[Vulkan Loader] INFO | DRIVER:  linux_read_sorted_physical_devices:
[Vulkan Loader] INFO | DRIVER:       Original order:
[Vulkan Loader] INFO | DRIVER:             [0] NVIDIA GeForce RTX 4080
[Vulkan Loader] INFO | DRIVER:       Sorted order:
[Vulkan Loader] INFO | DRIVER:             [0] NVIDIA GeForce RTX 4080  
[Vulkan Loader] DEBUG | DRIVER: Copying old device 0 into new device 0
[Vulkan Loader] INFO | DRIVER:  Removing driver /usr/lib64/libvulkan_radeon.so due to not having any physical devices
[Vulkan Loader] INFO | DRIVER:  Removing driver /usr/lib64/libvulkan_intel_hasvk.so due to not having any physical devices
[Vulkan Loader] INFO | DRIVER:  Removing driver /usr/lib64/libvulkan_intel.so due to not having any physical devices
6383.410:03fc:0400:info:vkd3d-proton:dxgi_vk_swap_chain_init: Creating swapchain (2561 x 1441), BufferCount = 3.
0400:fixme:d3dkmt:NtGdiDdDDIOpenResourceFromNtHandle params 0x7ffffe1fab40 semi-stub!
0400:fixme:d3dkmt:NtGdiDdDDIOpenResourceFromNtHandle params 0x7ffffe1fab40 semi-stub!
0400:fixme:d3dkmt:NtGdiDdDDIOpenResourceFromNtHandle params 0x7ffffe1fab40 semi-stub!
6383.411:03fc:0400:info:vkd3d-proton:dxgi_vk_swap_chain_init_sync_objects: Enabling frame latency handles.
6383.411:03fc:0400:info:vkd3d-proton:dxgi_vk_swap_chain_init_sync_objects: Ensure maximum latency of 3 frames with KHR_present_wait.
6383.411:03fc:0400:info:vkd3d-proton:dxgi_vk_swap_chain_init_waiter_thread: Enabling present wait path for frame latency.
6383.412:03fc:0400:info:vkd3d-proton:dxgi_vk_swap_chain_init_frame_rate_limiter: Set frame rate limit to 60.0 FPS via environment.
6383.412:03fc:0400:info:vkd3d-proton:dxgi_vk_swap_chain_init_sleep_state: Timer interval is 1.0 ms.
0400:fixme:d3dkmt:NtGdiDdDDIOpenSyncObjectFromNtHandle params 0x7ffffe1fb8a0 semi-stub!
0400:fixme:d3dkmt:NtGdiDdDDIOpenSyncObjectFromNtHandle params 0x7ffffe1fb8a0 semi-stub!
warn:  DXGI: MakeWindowAssociation: Ignoring flags
0400:fixme:d3dkmt:NtGdiDdDDIOpenResourceFromNtHandle params 0x7ffffe1fb0a0 semi-stub!
0400:fixme:vulkan:wine_vkCreateCommandPool Support for allocation callbacks not implemented yet
[Vulkan Loader] INFO:           No valid vk_loader_settings.json file found, no loader settings will be active
[Vulkan Loader] LAYER:          Searching for implicit layer manifest files
[Vulkan Loader] LAYER:             In following locations:
[Vulkan Loader] LAYER:                /home/hans/.config/vulkan/implicit_layer.d
[Vulkan Loader] LAYER:                /home/hans/.config/kdedefaults/vulkan/implicit_layer.d
[Vulkan Loader] LAYER:                /etc/xdg/vulkan/implicit_layer.d
[Vulkan Loader] LAYER:                /etc/vulkan/implicit_layer.d
[Vulkan Loader] LAYER:                /home/hans/.local/share/vulkan/implicit_layer.d
[Vulkan Loader] LAYER:                /home/hans/.local/share/flatpak/exports/share/vulkan/implicit_layer.d
[Vulkan Loader] LAYER:                /var/lib/flatpak/exports/share/vulkan/implicit_layer.d
[Vulkan Loader] LAYER:                /usr/local/share/vulkan/implicit_layer.d
[Vulkan Loader] LAYER:                /usr/share/vulkan/implicit_layer.d
[Vulkan Loader] LAYER:                /etc/eselect/wine/share/vulkan/implicit_layer.d
[Vulkan Loader] LAYER:             Found the following files:
[Vulkan Loader] LAYER:                /etc/vulkan/implicit_layer.d/nvidia_layers.json
[Vulkan Loader] LAYER:                /home/hans/.local/share/vulkan/implicit_layer.d/steamoverlay_i386.json
[Vulkan Loader] LAYER:                /home/hans/.local/share/vulkan/implicit_layer.d/steamoverlay_x86_64.json
[Vulkan Loader] LAYER:                /home/hans/.local/share/vulkan/implicit_layer.d/steamfossilize_i386.json
[Vulkan Loader] LAYER:                /home/hans/.local/share/vulkan/implicit_layer.d/steamfossilize_x86_64.json
[Vulkan Loader] LAYER:                /usr/share/vulkan/implicit_layer.d/VkLayer_MESA_anti_lag.json
[Vulkan Loader] LAYER:                /usr/share/vulkan/implicit_layer.d/MangoHud.x86_64.json
[Vulkan Loader] LAYER:                /usr/share/vulkan/implicit_layer.d/MangoHud.x86.json
[Vulkan Loader] LAYER:                /usr/share/vulkan/implicit_layer.d/VkLayer_MESA_device_select.json
[Vulkan Loader] LAYER:                /usr/share/vulkan/implicit_layer.d/VkLayer_LSFGVK_frame_generation.json
[Vulkan Loader] INFO:           Found manifest file /etc/vulkan/implicit_layer.d/nvidia_layers.json (file version 1.0.1)
[Vulkan Loader] INFO:           Found manifest file /home/hans/.local/share/vulkan/implicit_layer.d/steamoverlay_i386.json (file version 1.0.0)
[Vulkan Loader] INFO:           Found manifest file /home/hans/.local/share/vulkan/implicit_layer.d/steamoverlay_x86_64.json (file version 1.0.0)
[Vulkan Loader] INFO:           Found manifest file /home/hans/.local/share/vulkan/implicit_layer.d/steamfossilize_i386.json (file version 1.0.0)
[Vulkan Loader] INFO:           Found manifest file /home/hans/.local/share/vulkan/implicit_layer.d/steamfossilize_x86_64.json (file version 1.0.0)
[Vulkan Loader] INFO:           Found manifest file /usr/share/vulkan/implicit_layer.d/VkLayer_MESA_anti_lag.json (file version 1.2.1)
[Vulkan Loader] INFO:           Found manifest file /usr/share/vulkan/implicit_layer.d/MangoHud.x86_64.json (file version 1.0.0)
[Vulkan Loader] INFO:           Found manifest file /usr/share/vulkan/implicit_layer.d/MangoHud.x86.json (file version 1.0.0)
[Vulkan Loader] INFO:           Found manifest file /usr/share/vulkan/implicit_layer.d/VkLayer_MESA_device_select.json (file version 1.0.0)
[Vulkan Loader] INFO:           Found manifest file /usr/share/vulkan/implicit_layer.d/VkLayer_LSFGVK_frame_generation.json (file version 1.1.0)
[Vulkan Loader] DRIVER:         Searching for driver manifest files
[Vulkan Loader] DRIVER:            In following locations:
[Vulkan Loader] DRIVER:               /home/hans/.config/vulkan/icd.d
[Vulkan Loader] DRIVER:               /home/hans/.config/kdedefaults/vulkan/icd.d
[Vulkan Loader] DRIVER:               /etc/xdg/vulkan/icd.d
[Vulkan Loader] DRIVER:               /etc/vulkan/icd.d
[Vulkan Loader] DRIVER:               /home/hans/.local/share/vulkan/icd.d
[Vulkan Loader] DRIVER:               /home/hans/.local/share/flatpak/exports/share/vulkan/icd.d
[Vulkan Loader] DRIVER:               /var/lib/flatpak/exports/share/vulkan/icd.d
[Vulkan Loader] DRIVER:               /usr/local/share/vulkan/icd.d
[Vulkan Loader] DRIVER:               /usr/share/vulkan/icd.d
[Vulkan Loader] DRIVER:               /etc/eselect/wine/share/vulkan/icd.d
[Vulkan Loader] DRIVER:            Found the following files:
[Vulkan Loader] DRIVER:               /etc/vulkan/icd.d/nvidia_icd.json
[Vulkan Loader] DRIVER:               /usr/share/vulkan/icd.d/intel_icd.i686.json
[Vulkan Loader] DRIVER:               /usr/share/vulkan/icd.d/intel_hasvk_icd.i686.json
[Vulkan Loader] DRIVER:               /usr/share/vulkan/icd.d/radeon_icd.i686.json
[Vulkan Loader] DRIVER:               /usr/share/vulkan/icd.d/intel_icd.x86_64.json
[Vulkan Loader] DRIVER:               /usr/share/vulkan/icd.d/intel_hasvk_icd.x86_64.json
[Vulkan Loader] DRIVER:               /usr/share/vulkan/icd.d/radeon_icd.x86_64.json
[Vulkan Loader] DRIVER:         Found ICD manifest file /etc/vulkan/icd.d/nvidia_icd.json, version 1.0.1
[Vulkan Loader] DEBUG | DRIVER: Searching for ICD drivers named libGLX_nvidia.so.0
[Vulkan Loader] DRIVER:         Found ICD manifest file /usr/share/vulkan/icd.d/intel_icd.i686.json, version 1.0.1
[Vulkan Loader] DEBUG | DRIVER: Searching for ICD drivers named /usr/lib/libvulkan_intel.so
[Vulkan Loader] INFO:           loader_parse_icd_manifest: Driver library architecture doesn't match the current running architecture, skipping this driver
[Vulkan Loader] DRIVER:         Found ICD manifest file /usr/share/vulkan/icd.d/intel_hasvk_icd.i686.json, version 1.0.1
[Vulkan Loader] DEBUG | DRIVER: Searching for ICD drivers named /usr/lib/libvulkan_intel_hasvk.so
[Vulkan Loader] INFO:           loader_parse_icd_manifest: Driver library architecture doesn't match the current running architecture, skipping this driver
[Vulkan Loader] DRIVER:         Found ICD manifest file /usr/share/vulkan/icd.d/radeon_icd.i686.json, version 1.0.1
[Vulkan Loader] DEBUG | DRIVER: Searching for ICD drivers named /usr/lib/libvulkan_radeon.so
[Vulkan Loader] INFO:           loader_parse_icd_manifest: Driver library architecture doesn't match the current running architecture, skipping this driver
[Vulkan Loader] DRIVER:         Found ICD manifest file /usr/share/vulkan/icd.d/intel_icd.x86_64.json, version 1.0.1
[Vulkan Loader] DEBUG | DRIVER: Searching for ICD drivers named /usr/lib64/libvulkan_intel.so
[Vulkan Loader] DRIVER:         Found ICD manifest file /usr/share/vulkan/icd.d/intel_hasvk_icd.x86_64.json, version 1.0.1
[Vulkan Loader] DEBUG | DRIVER: Searching for ICD drivers named /usr/lib64/libvulkan_intel_hasvk.so
[Vulkan Loader] DRIVER:         Found ICD manifest file /usr/share/vulkan/icd.d/radeon_icd.x86_64.json, version 1.0.1
[Vulkan Loader] DEBUG | DRIVER: Searching for ICD drivers named /usr/lib64/libvulkan_radeon.so
[Vulkan Loader] LAYER:          Searching for implicit layer manifest files
[Vulkan Loader] LAYER:             In following locations:
[Vulkan Loader] LAYER:                /home/hans/.config/vulkan/implicit_layer.d
[Vulkan Loader] LAYER:                /home/hans/.config/kdedefaults/vulkan/implicit_layer.d
[Vulkan Loader] LAYER:                /etc/xdg/vulkan/implicit_layer.d
[Vulkan Loader] LAYER:                /etc/vulkan/implicit_layer.d
[Vulkan Loader] LAYER:                /home/hans/.local/share/vulkan/implicit_layer.d
[Vulkan Loader] LAYER:                /home/hans/.local/share/flatpak/exports/share/vulkan/implicit_layer.d
[Vulkan Loader] LAYER:                /var/lib/flatpak/exports/share/vulkan/implicit_layer.d
[Vulkan Loader] LAYER:                /usr/local/share/vulkan/implicit_layer.d
[Vulkan Loader] LAYER:                /usr/share/vulkan/implicit_layer.d
[Vulkan Loader] LAYER:                /etc/eselect/wine/share/vulkan/implicit_layer.d
[Vulkan Loader] LAYER:             Found the following files:
[Vulkan Loader] LAYER:                /etc/vulkan/implicit_layer.d/nvidia_layers.json
[Vulkan Loader] LAYER:                /home/hans/.local/share/vulkan/implicit_layer.d/steamoverlay_i386.json
[Vulkan Loader] LAYER:                /home/hans/.local/share/vulkan/implicit_layer.d/steamoverlay_x86_64.json
[Vulkan Loader] LAYER:                /home/hans/.local/share/vulkan/implicit_layer.d/steamfossilize_i386.json
[Vulkan Loader] LAYER:                /home/hans/.local/share/vulkan/implicit_layer.d/steamfossilize_x86_64.json
[Vulkan Loader] LAYER:                /usr/share/vulkan/implicit_layer.d/VkLayer_MESA_anti_lag.json
[Vulkan Loader] LAYER:                /usr/share/vulkan/implicit_layer.d/MangoHud.x86_64.json
[Vulkan Loader] LAYER:                /usr/share/vulkan/implicit_layer.d/MangoHud.x86.json
[Vulkan Loader] LAYER:                /usr/share/vulkan/implicit_layer.d/VkLayer_MESA_device_select.json
[Vulkan Loader] LAYER:                /usr/share/vulkan/implicit_layer.d/VkLayer_LSFGVK_frame_generation.json
[Vulkan Loader] INFO:           Found manifest file /etc/vulkan/implicit_layer.d/nvidia_layers.json (file version 1.0.1)
[Vulkan Loader] INFO:           Found manifest file /home/hans/.local/share/vulkan/implicit_layer.d/steamoverlay_i386.json (file version 1.0.0)
[Vulkan Loader] INFO:           Found manifest file /home/hans/.local/share/vulkan/implicit_layer.d/steamoverlay_x86_64.json (file version 1.0.0)
[Vulkan Loader] INFO:           Found manifest file /home/hans/.local/share/vulkan/implicit_layer.d/steamfossilize_i386.json (file version 1.0.0)
[Vulkan Loader] INFO:           Found manifest file /home/hans/.local/share/vulkan/implicit_layer.d/steamfossilize_x86_64.json (file version 1.0.0)
[Vulkan Loader] INFO:           Found manifest file /usr/share/vulkan/implicit_layer.d/VkLayer_MESA_anti_lag.json (file version 1.2.1)
[Vulkan Loader] INFO:           Found manifest file /usr/share/vulkan/implicit_layer.d/MangoHud.x86_64.json (file version 1.0.0)
[Vulkan Loader] INFO:           Found manifest file /usr/share/vulkan/implicit_layer.d/MangoHud.x86.json (file version 1.0.0)
[Vulkan Loader] INFO:           Found manifest file /usr/share/vulkan/implicit_layer.d/VkLayer_MESA_device_select.json (file version 1.0.0)
[Vulkan Loader] INFO:           Found manifest file /usr/share/vulkan/implicit_layer.d/VkLayer_LSFGVK_frame_generation.json (file version 1.1.0)
[Vulkan Loader] INFO:           No valid vk_loader_settings.json file found, no loader settings will be active
[Vulkan Loader] LAYER:          Searching for implicit layer manifest files
[Vulkan Loader] LAYER:             In following locations:
[Vulkan Loader] LAYER:                /home/hans/.config/vulkan/implicit_layer.d
[Vulkan Loader] LAYER:                /home/hans/.config/kdedefaults/vulkan/implicit_layer.d
[Vulkan Loader] LAYER:                /etc/xdg/vulkan/implicit_layer.d
[Vulkan Loader] LAYER:                /etc/vulkan/implicit_layer.d
[Vulkan Loader] LAYER:                /home/hans/.local/share/vulkan/implicit_layer.d
[Vulkan Loader] LAYER:                /home/hans/.local/share/flatpak/exports/share/vulkan/implicit_layer.d
[Vulkan Loader] LAYER:                /var/lib/flatpak/exports/share/vulkan/implicit_layer.d
[Vulkan Loader] LAYER:                /usr/local/share/vulkan/implicit_layer.d
[Vulkan Loader] LAYER:                /usr/share/vulkan/implicit_layer.d
[Vulkan Loader] LAYER:                /etc/eselect/wine/share/vulkan/implicit_layer.d
[Vulkan Loader] LAYER:             Found the following files:
[Vulkan Loader] LAYER:                /etc/vulkan/implicit_layer.d/nvidia_layers.json
[Vulkan Loader] LAYER:                /home/hans/.local/share/vulkan/implicit_layer.d/steamoverlay_i386.json
[Vulkan Loader] LAYER:                /home/hans/.local/share/vulkan/implicit_layer.d/steamoverlay_x86_64.json
[Vulkan Loader] LAYER:                /home/hans/.local/share/vulkan/implicit_layer.d/steamfossilize_i386.json
[Vulkan Loader] LAYER:                /home/hans/.local/share/vulkan/implicit_layer.d/steamfossilize_x86_64.json
[Vulkan Loader] LAYER:                /usr/share/vulkan/implicit_layer.d/VkLayer_MESA_anti_lag.json
[Vulkan Loader] LAYER:                /usr/share/vulkan/implicit_layer.d/MangoHud.x86_64.json
[Vulkan Loader] LAYER:                /usr/share/vulkan/implicit_layer.d/MangoHud.x86.json
[Vulkan Loader] LAYER:                /usr/share/vulkan/implicit_layer.d/VkLayer_MESA_device_select.json
[Vulkan Loader] LAYER:                /usr/share/vulkan/implicit_layer.d/VkLayer_LSFGVK_frame_generation.json
[Vulkan Loader] INFO:           Found manifest file /etc/vulkan/implicit_layer.d/nvidia_layers.json (file version 1.0.1)
[Vulkan Loader] INFO:           Found manifest file /home/hans/.local/share/vulkan/implicit_layer.d/steamoverlay_i386.json (file version 1.0.0)
[Vulkan Loader] INFO:           Found manifest file /home/hans/.local/share/vulkan/implicit_layer.d/steamoverlay_x86_64.json (file version 1.0.0)
[Vulkan Loader] INFO:           Found manifest file /home/hans/.local/share/vulkan/implicit_layer.d/steamfossilize_i386.json (file version 1.0.0)
[Vulkan Loader] INFO:           Found manifest file /home/hans/.local/share/vulkan/implicit_layer.d/steamfossilize_x86_64.json (file version 1.0.0)
[Vulkan Loader] INFO:           Found manifest file /usr/share/vulkan/implicit_layer.d/VkLayer_MESA_anti_lag.json (file version 1.2.1)
[Vulkan Loader] INFO:           Found manifest file /usr/share/vulkan/implicit_layer.d/MangoHud.x86_64.json (file version 1.0.0)
[Vulkan Loader] INFO:           Found manifest file /usr/share/vulkan/implicit_layer.d/MangoHud.x86.json (file version 1.0.0)
[Vulkan Loader] INFO:           Found manifest file /usr/share/vulkan/implicit_layer.d/VkLayer_MESA_device_select.json (file version 1.0.0)
[Vulkan Loader] INFO:           Found manifest file /usr/share/vulkan/implicit_layer.d/VkLayer_LSFGVK_frame_generation.json (file version 1.1.0)
[Vulkan Loader] DRIVER:         Searching for driver manifest files
[Vulkan Loader] DRIVER:            In following locations:
[Vulkan Loader] DRIVER:               /home/hans/.config/vulkan/icd.d
[Vulkan Loader] DRIVER:               /home/hans/.config/kdedefaults/vulkan/icd.d
[Vulkan Loader] DRIVER:               /etc/xdg/vulkan/icd.d
[Vulkan Loader] DRIVER:               /etc/vulkan/icd.d
[Vulkan Loader] DRIVER:               /home/hans/.local/share/vulkan/icd.d
[Vulkan Loader] DRIVER:               /home/hans/.local/share/flatpak/exports/share/vulkan/icd.d
[Vulkan Loader] DRIVER:               /var/lib/flatpak/exports/share/vulkan/icd.d
[Vulkan Loader] DRIVER:               /usr/local/share/vulkan/icd.d
[Vulkan Loader] DRIVER:               /usr/share/vulkan/icd.d
[Vulkan Loader] DRIVER:               /etc/eselect/wine/share/vulkan/icd.d
[Vulkan Loader] DRIVER:            Found the following files:
[Vulkan Loader] DRIVER:               /etc/vulkan/icd.d/nvidia_icd.json
[Vulkan Loader] DRIVER:               /usr/share/vulkan/icd.d/intel_icd.i686.json
[Vulkan Loader] DRIVER:               /usr/share/vulkan/icd.d/intel_hasvk_icd.i686.json
[Vulkan Loader] DRIVER:               /usr/share/vulkan/icd.d/radeon_icd.i686.json
[Vulkan Loader] DRIVER:               /usr/share/vulkan/icd.d/intel_icd.x86_64.json
[Vulkan Loader] DRIVER:               /usr/share/vulkan/icd.d/intel_hasvk_icd.x86_64.json
[Vulkan Loader] DRIVER:               /usr/share/vulkan/icd.d/radeon_icd.x86_64.json
[Vulkan Loader] DRIVER:         Found ICD manifest file /etc/vulkan/icd.d/nvidia_icd.json, version 1.0.1
[Vulkan Loader] DEBUG | DRIVER: Searching for ICD drivers named libGLX_nvidia.so.0
[Vulkan Loader] DRIVER:         Found ICD manifest file /usr/share/vulkan/icd.d/intel_icd.i686.json, version 1.0.1
[Vulkan Loader] DEBUG | DRIVER: Searching for ICD drivers named /usr/lib/libvulkan_intel.so
[Vulkan Loader] INFO:           loader_parse_icd_manifest: Driver library architecture doesn't match the current running architecture, skipping this driver
[Vulkan Loader] DRIVER:         Found ICD manifest file /usr/share/vulkan/icd.d/intel_hasvk_icd.i686.json, version 1.0.1
[Vulkan Loader] DEBUG | DRIVER: Searching for ICD drivers named /usr/lib/libvulkan_intel_hasvk.so
[Vulkan Loader] INFO:           loader_parse_icd_manifest: Driver library architecture doesn't match the current running architecture, skipping this driver
[Vulkan Loader] DRIVER:         Found ICD manifest file /usr/share/vulkan/icd.d/radeon_icd.i686.json, version 1.0.1
[Vulkan Loader] DEBUG | DRIVER: Searching for ICD drivers named /usr/lib/libvulkan_radeon.so
[Vulkan Loader] INFO:           loader_parse_icd_manifest: Driver library architecture doesn't match the current running architecture, skipping this driver
[Vulkan Loader] DRIVER:         Found ICD manifest file /usr/share/vulkan/icd.d/intel_icd.x86_64.json, version 1.0.1
[Vulkan Loader] DEBUG | DRIVER: Searching for ICD drivers named /usr/lib64/libvulkan_intel.so
[Vulkan Loader] DRIVER:         Found ICD manifest file /usr/share/vulkan/icd.d/intel_hasvk_icd.x86_64.json, version 1.0.1
[Vulkan Loader] DEBUG | DRIVER: Searching for ICD drivers named /usr/lib64/libvulkan_intel_hasvk.so
[Vulkan Loader] DRIVER:         Found ICD manifest file /usr/share/vulkan/icd.d/radeon_icd.x86_64.json, version 1.0.1
[Vulkan Loader] DEBUG | DRIVER: Searching for ICD drivers named /usr/lib64/libvulkan_radeon.so
[Vulkan Loader] LAYER:          Searching for implicit layer manifest files
[Vulkan Loader] LAYER:             In following locations:
[Vulkan Loader] LAYER:                /home/hans/.config/vulkan/implicit_layer.d
[Vulkan Loader] LAYER:                /home/hans/.config/kdedefaults/vulkan/implicit_layer.d
[Vulkan Loader] LAYER:                /etc/xdg/vulkan/implicit_layer.d
[Vulkan Loader] LAYER:                /etc/vulkan/implicit_layer.d
[Vulkan Loader] LAYER:                /home/hans/.local/share/vulkan/implicit_layer.d
[Vulkan Loader] LAYER:                /home/hans/.local/share/flatpak/exports/share/vulkan/implicit_layer.d
[Vulkan Loader] LAYER:                /var/lib/flatpak/exports/share/vulkan/implicit_layer.d
[Vulkan Loader] LAYER:                /usr/local/share/vulkan/implicit_layer.d
[Vulkan Loader] LAYER:                /usr/share/vulkan/implicit_layer.d
[Vulkan Loader] LAYER:                /etc/eselect/wine/share/vulkan/implicit_layer.d
[Vulkan Loader] LAYER:             Found the following files:
[Vulkan Loader] LAYER:                /etc/vulkan/implicit_layer.d/nvidia_layers.json
[Vulkan Loader] LAYER:                /home/hans/.local/share/vulkan/implicit_layer.d/steamoverlay_i386.json
[Vulkan Loader] LAYER:                /home/hans/.local/share/vulkan/implicit_layer.d/steamoverlay_x86_64.json
[Vulkan Loader] LAYER:                /home/hans/.local/share/vulkan/implicit_layer.d/steamfossilize_i386.json
[Vulkan Loader] LAYER:                /home/hans/.local/share/vulkan/implicit_layer.d/steamfossilize_x86_64.json
[Vulkan Loader] LAYER:                /usr/share/vulkan/implicit_layer.d/VkLayer_MESA_anti_lag.json
[Vulkan Loader] LAYER:                /usr/share/vulkan/implicit_layer.d/MangoHud.x86_64.json
[Vulkan Loader] LAYER:                /usr/share/vulkan/implicit_layer.d/MangoHud.x86.json
[Vulkan Loader] LAYER:                /usr/share/vulkan/implicit_layer.d/VkLayer_MESA_device_select.json
[Vulkan Loader] LAYER:                /usr/share/vulkan/implicit_layer.d/VkLayer_LSFGVK_frame_generation.json
[Vulkan Loader] INFO:           Found manifest file /etc/vulkan/implicit_layer.d/nvidia_layers.json (file version 1.0.1)
[Vulkan Loader] INFO:           Found manifest file /home/hans/.local/share/vulkan/implicit_layer.d/steamoverlay_i386.json (file version 1.0.0)
[Vulkan Loader] INFO:           Found manifest file /home/hans/.local/share/vulkan/implicit_layer.d/steamoverlay_x86_64.json (file version 1.0.0)
[Vulkan Loader] INFO:           Found manifest file /home/hans/.local/share/vulkan/implicit_layer.d/steamfossilize_i386.json (file version 1.0.0)
[Vulkan Loader] INFO:           Found manifest file /home/hans/.local/share/vulkan/implicit_layer.d/steamfossilize_x86_64.json (file version 1.0.0)
[Vulkan Loader] INFO:           Found manifest file /usr/share/vulkan/implicit_layer.d/VkLayer_MESA_anti_lag.json (file version 1.2.1)
[Vulkan Loader] INFO:           Found manifest file /usr/share/vulkan/implicit_layer.d/MangoHud.x86_64.json (file version 1.0.0)
[Vulkan Loader] INFO:           Found manifest file /usr/share/vulkan/implicit_layer.d/MangoHud.x86.json (file version 1.0.0)
[Vulkan Loader] INFO:           Found manifest file /usr/share/vulkan/implicit_layer.d/VkLayer_MESA_device_select.json (file version 1.0.0)
[Vulkan Loader] INFO:           Found manifest file /usr/share/vulkan/implicit_layer.d/VkLayer_LSFGVK_frame_generation.json (file version 1.1.0)
[Vulkan Loader] INFO:           No valid vk_loader_settings.json file found, no loader settings will be active
[Vulkan Loader] LAYER:          Searching for implicit layer manifest files
[Vulkan Loader] LAYER:             In following locations:
[Vulkan Loader] LAYER:                /home/hans/.config/vulkan/implicit_layer.d
[Vulkan Loader] LAYER:                /home/hans/.config/kdedefaults/vulkan/implicit_layer.d
[Vulkan Loader] LAYER:                /etc/xdg/vulkan/implicit_layer.d
[Vulkan Loader] LAYER:                /etc/vulkan/implicit_layer.d
[Vulkan Loader] LAYER:                /home/hans/.local/share/vulkan/implicit_layer.d
[Vulkan Loader] LAYER:                /home/hans/.local/share/flatpak/exports/share/vulkan/implicit_layer.d
[Vulkan Loader] LAYER:                /var/lib/flatpak/exports/share/vulkan/implicit_layer.d
[Vulkan Loader] LAYER:                /usr/local/share/vulkan/implicit_layer.d
[Vulkan Loader] LAYER:                /usr/share/vulkan/implicit_layer.d
[Vulkan Loader] LAYER:                /etc/eselect/wine/share/vulkan/implicit_layer.d
[Vulkan Loader] LAYER:             Found the following files:
[Vulkan Loader] LAYER:                /etc/vulkan/implicit_layer.d/nvidia_layers.json
[Vulkan Loader] LAYER:                /home/hans/.local/share/vulkan/implicit_layer.d/steamoverlay_i386.json
[Vulkan Loader] LAYER:                /home/hans/.local/share/vulkan/implicit_layer.d/steamoverlay_x86_64.json
[Vulkan Loader] LAYER:                /home/hans/.local/share/vulkan/implicit_layer.d/steamfossilize_i386.json
[Vulkan Loader] LAYER:                /home/hans/.local/share/vulkan/implicit_layer.d/steamfossilize_x86_64.json
[Vulkan Loader] LAYER:                /usr/share/vulkan/implicit_layer.d/VkLayer_MESA_anti_lag.json
[Vulkan Loader] LAYER:                /usr/share/vulkan/implicit_layer.d/MangoHud.x86_64.json
[Vulkan Loader] LAYER:                /usr/share/vulkan/implicit_layer.d/MangoHud.x86.json
[Vulkan Loader] LAYER:                /usr/share/vulkan/implicit_layer.d/VkLayer_MESA_device_select.json
[Vulkan Loader] LAYER:                /usr/share/vulkan/implicit_layer.d/VkLayer_LSFGVK_frame_generation.json
[Vulkan Loader] INFO:           Found manifest file /etc/vulkan/implicit_layer.d/nvidia_layers.json (file version 1.0.1)
[Vulkan Loader] INFO:           Found manifest file /home/hans/.local/share/vulkan/implicit_layer.d/steamoverlay_i386.json (file version 1.0.0)
[Vulkan Loader] INFO:           Found manifest file /home/hans/.local/share/vulkan/implicit_layer.d/steamoverlay_x86_64.json (file version 1.0.0)
[Vulkan Loader] INFO:           Found manifest file /home/hans/.local/share/vulkan/implicit_layer.d/steamfossilize_i386.json (file version 1.0.0)
[Vulkan Loader] INFO:           Found manifest file /home/hans/.local/share/vulkan/implicit_layer.d/steamfossilize_x86_64.json (file version 1.0.0)
[Vulkan Loader] INFO:           Found manifest file /usr/share/vulkan/implicit_layer.d/VkLayer_MESA_anti_lag.json (file version 1.2.1)
[Vulkan Loader] INFO:           Found manifest file /usr/share/vulkan/implicit_layer.d/MangoHud.x86_64.json (file version 1.0.0)
[Vulkan Loader] INFO:           Found manifest file /usr/share/vulkan/implicit_layer.d/MangoHud.x86.json (file version 1.0.0)
[Vulkan Loader] INFO:           Found manifest file /usr/share/vulkan/implicit_layer.d/VkLayer_MESA_device_select.json (file version 1.0.0)
[Vulkan Loader] INFO:           Found manifest file /usr/share/vulkan/implicit_layer.d/VkLayer_LSFGVK_frame_generation.json (file version 1.1.0)
[Vulkan Loader] DRIVER:         Searching for driver manifest files
[Vulkan Loader] DRIVER:            In following locations:
[Vulkan Loader] DRIVER:               /home/hans/.config/vulkan/icd.d
[Vulkan Loader] DRIVER:               /home/hans/.config/kdedefaults/vulkan/icd.d
[Vulkan Loader] DRIVER:               /etc/xdg/vulkan/icd.d
[Vulkan Loader] DRIVER:               /etc/vulkan/icd.d
[Vulkan Loader] DRIVER:               /home/hans/.local/share/vulkan/icd.d
[Vulkan Loader] DRIVER:               /home/hans/.local/share/flatpak/exports/share/vulkan/icd.d
[Vulkan Loader] DRIVER:               /var/lib/flatpak/exports/share/vulkan/icd.d
[Vulkan Loader] DRIVER:               /usr/local/share/vulkan/icd.d
[Vulkan Loader] DRIVER:               /usr/share/vulkan/icd.d
[Vulkan Loader] DRIVER:               /etc/eselect/wine/share/vulkan/icd.d
[Vulkan Loader] DRIVER:            Found the following files:
[Vulkan Loader] DRIVER:               /etc/vulkan/icd.d/nvidia_icd.json
[Vulkan Loader] DRIVER:               /usr/share/vulkan/icd.d/intel_icd.i686.json
[Vulkan Loader] DRIVER:               /usr/share/vulkan/icd.d/intel_hasvk_icd.i686.json
[Vulkan Loader] DRIVER:               /usr/share/vulkan/icd.d/radeon_icd.i686.json
[Vulkan Loader] DRIVER:               /usr/share/vulkan/icd.d/intel_icd.x86_64.json
[Vulkan Loader] DRIVER:               /usr/share/vulkan/icd.d/intel_hasvk_icd.x86_64.json
[Vulkan Loader] DRIVER:               /usr/share/vulkan/icd.d/radeon_icd.x86_64.json
[Vulkan Loader] DRIVER:         Found ICD manifest file /etc/vulkan/icd.d/nvidia_icd.json, version 1.0.1
[Vulkan Loader] DEBUG | DRIVER: Searching for ICD drivers named libGLX_nvidia.so.0
[Vulkan Loader] DRIVER:         Found ICD manifest file /usr/share/vulkan/icd.d/intel_icd.i686.json, version 1.0.1
[Vulkan Loader] DEBUG | DRIVER: Searching for ICD drivers named /usr/lib/libvulkan_intel.so
[Vulkan Loader] INFO:           loader_parse_icd_manifest: Driver library architecture doesn't match the current running architecture, skipping this driver
[Vulkan Loader] DRIVER:         Found ICD manifest file /usr/share/vulkan/icd.d/intel_hasvk_icd.i686.json, version 1.0.1
[Vulkan Loader] DEBUG | DRIVER: Searching for ICD drivers named /usr/lib/libvulkan_intel_hasvk.so
[Vulkan Loader] INFO:           loader_parse_icd_manifest: Driver library architecture doesn't match the current running architecture, skipping this driver
[Vulkan Loader] DRIVER:         Found ICD manifest file /usr/share/vulkan/icd.d/radeon_icd.i686.json, version 1.0.1
[Vulkan Loader] DEBUG | DRIVER: Searching for ICD drivers named /usr/lib/libvulkan_radeon.so
[Vulkan Loader] INFO:           loader_parse_icd_manifest: Driver library architecture doesn't match the current running architecture, skipping this driver
[Vulkan Loader] DRIVER:         Found ICD manifest file /usr/share/vulkan/icd.d/intel_icd.x86_64.json, version 1.0.1
[Vulkan Loader] DEBUG | DRIVER: Searching for ICD drivers named /usr/lib64/libvulkan_intel.so
[Vulkan Loader] DRIVER:         Found ICD manifest file /usr/share/vulkan/icd.d/intel_hasvk_icd.x86_64.json, version 1.0.1
[Vulkan Loader] DEBUG | DRIVER: Searching for ICD drivers named /usr/lib64/libvulkan_intel_hasvk.so
[Vulkan Loader] DRIVER:         Found ICD manifest file /usr/share/vulkan/icd.d/radeon_icd.x86_64.json, version 1.0.1
[Vulkan Loader] DEBUG | DRIVER: Searching for ICD drivers named /usr/lib64/libvulkan_radeon.so
[Vulkan Loader] LAYER:          Searching for implicit layer manifest files
[Vulkan Loader] LAYER:             In following locations:
[Vulkan Loader] LAYER:                /home/hans/.config/vulkan/implicit_layer.d
[Vulkan Loader] LAYER:                /home/hans/.config/kdedefaults/vulkan/implicit_layer.d
[Vulkan Loader] LAYER:                /etc/xdg/vulkan/implicit_layer.d
[Vulkan Loader] LAYER:                /etc/vulkan/implicit_layer.d
[Vulkan Loader] LAYER:                /home/hans/.local/share/vulkan/implicit_layer.d
[Vulkan Loader] LAYER:                /home/hans/.local/share/flatpak/exports/share/vulkan/implicit_layer.d
[Vulkan Loader] LAYER:                /var/lib/flatpak/exports/share/vulkan/implicit_layer.d
[Vulkan Loader] LAYER:                /usr/local/share/vulkan/implicit_layer.d
[Vulkan Loader] LAYER:                /usr/share/vulkan/implicit_layer.d
[Vulkan Loader] LAYER:                /etc/eselect/wine/share/vulkan/implicit_layer.d
[Vulkan Loader] LAYER:             Found the following files:
[Vulkan Loader] LAYER:                /etc/vulkan/implicit_layer.d/nvidia_layers.json
[Vulkan Loader] LAYER:                /home/hans/.local/share/vulkan/implicit_layer.d/steamoverlay_i386.json
[Vulkan Loader] LAYER:                /home/hans/.local/share/vulkan/implicit_layer.d/steamoverlay_x86_64.json
[Vulkan Loader] LAYER:                /home/hans/.local/share/vulkan/implicit_layer.d/steamfossilize_i386.json
[Vulkan Loader] LAYER:                /home/hans/.local/share/vulkan/implicit_layer.d/steamfossilize_x86_64.json
[Vulkan Loader] LAYER:                /usr/share/vulkan/implicit_layer.d/VkLayer_MESA_anti_lag.json
[Vulkan Loader] LAYER:                /usr/share/vulkan/implicit_layer.d/MangoHud.x86_64.json
[Vulkan Loader] LAYER:                /usr/share/vulkan/implicit_layer.d/MangoHud.x86.json
[Vulkan Loader] LAYER:                /usr/share/vulkan/implicit_layer.d/VkLayer_MESA_device_select.json
[Vulkan Loader] LAYER:                /usr/share/vulkan/implicit_layer.d/VkLayer_LSFGVK_frame_generation.json
[Vulkan Loader] INFO:           Found manifest file /etc/vulkan/implicit_layer.d/nvidia_layers.json (file version 1.0.1)
[Vulkan Loader] INFO:           Found manifest file /home/hans/.local/share/vulkan/implicit_layer.d/steamoverlay_i386.json (file version 1.0.0)
[Vulkan Loader] INFO:           Found manifest file /home/hans/.local/share/vulkan/implicit_layer.d/steamoverlay_x86_64.json (file version 1.0.0)
[Vulkan Loader] INFO:           Found manifest file /home/hans/.local/share/vulkan/implicit_layer.d/steamfossilize_i386.json (file version 1.0.0)
[Vulkan Loader] INFO:           Found manifest file /home/hans/.local/share/vulkan/implicit_layer.d/steamfossilize_x86_64.json (file version 1.0.0)
[Vulkan Loader] INFO:           Found manifest file /usr/share/vulkan/implicit_layer.d/VkLayer_MESA_anti_lag.json (file version 1.2.1)
[Vulkan Loader] INFO:           Found manifest file /usr/share/vulkan/implicit_layer.d/MangoHud.x86_64.json (file version 1.0.0)
[Vulkan Loader] INFO:           Found manifest file /usr/share/vulkan/implicit_layer.d/MangoHud.x86.json (file version 1.0.0)
[Vulkan Loader] INFO:           Found manifest file /usr/share/vulkan/implicit_layer.d/VkLayer_MESA_device_select.json (file version 1.0.0)
[Vulkan Loader] INFO:           Found manifest file /usr/share/vulkan/implicit_layer.d/VkLayer_LSFGVK_frame_generation.json (file version 1.1.0)
[Vulkan Loader] INFO:           No valid vk_loader_settings.json file found, no loader settings will be active
[Vulkan Loader] LAYER:          Searching for implicit layer manifest files
[Vulkan Loader] LAYER:             In following locations:
[Vulkan Loader] LAYER:                /home/hans/.config/vulkan/implicit_layer.d
[Vulkan Loader] LAYER:                /home/hans/.config/kdedefaults/vulkan/implicit_layer.d
[Vulkan Loader] LAYER:                /etc/xdg/vulkan/implicit_layer.d
[Vulkan Loader] LAYER:                /etc/vulkan/implicit_layer.d
[Vulkan Loader] LAYER:                /home/hans/.local/share/vulkan/implicit_layer.d
[Vulkan Loader] LAYER:                /home/hans/.local/share/flatpak/exports/share/vulkan/implicit_layer.d
[Vulkan Loader] LAYER:                /var/lib/flatpak/exports/share/vulkan/implicit_layer.d
[Vulkan Loader] LAYER:                /usr/local/share/vulkan/implicit_layer.d
[Vulkan Loader] LAYER:                /usr/share/vulkan/implicit_layer.d
[Vulkan Loader] LAYER:                /etc/eselect/wine/share/vulkan/implicit_layer.d
[Vulkan Loader] LAYER:             Found the following files:
[Vulkan Loader] LAYER:                /etc/vulkan/implicit_layer.d/nvidia_layers.json
[Vulkan Loader] LAYER:                /home/hans/.local/share/vulkan/implicit_layer.d/steamoverlay_i386.json
[Vulkan Loader] LAYER:                /home/hans/.local/share/vulkan/implicit_layer.d/steamoverlay_x86_64.json
[Vulkan Loader] LAYER:                /home/hans/.local/share/vulkan/implicit_layer.d/steamfossilize_i386.json
[Vulkan Loader] LAYER:                /home/hans/.local/share/vulkan/implicit_layer.d/steamfossilize_x86_64.json
[Vulkan Loader] LAYER:                /usr/share/vulkan/implicit_layer.d/VkLayer_MESA_anti_lag.json
[Vulkan Loader] LAYER:                /usr/share/vulkan/implicit_layer.d/MangoHud.x86_64.json
[Vulkan Loader] LAYER:                /usr/share/vulkan/implicit_layer.d/MangoHud.x86.json
[Vulkan Loader] LAYER:                /usr/share/vulkan/implicit_layer.d/VkLayer_MESA_device_select.json
[Vulkan Loader] LAYER:                /usr/share/vulkan/implicit_layer.d/VkLayer_LSFGVK_frame_generation.json
[Vulkan Loader] INFO:           Found manifest file /etc/vulkan/implicit_layer.d/nvidia_layers.json (file version 1.0.1)
[Vulkan Loader] INFO:           Found manifest file /home/hans/.local/share/vulkan/implicit_layer.d/steamoverlay_i386.json (file version 1.0.0)
[Vulkan Loader] INFO:           Found manifest file /home/hans/.local/share/vulkan/implicit_layer.d/steamoverlay_x86_64.json (file version 1.0.0)
[Vulkan Loader] INFO:           Found manifest file /home/hans/.local/share/vulkan/implicit_layer.d/steamfossilize_i386.json (file version 1.0.0)
[Vulkan Loader] INFO:           Found manifest file /home/hans/.local/share/vulkan/implicit_layer.d/steamfossilize_x86_64.json (file version 1.0.0)
[Vulkan Loader] INFO:           Found manifest file /usr/share/vulkan/implicit_layer.d/VkLayer_MESA_anti_lag.json (file version 1.2.1)
[Vulkan Loader] INFO:           Found manifest file /usr/share/vulkan/implicit_layer.d/MangoHud.x86_64.json (file version 1.0.0)
[Vulkan Loader] INFO:           Found manifest file /usr/share/vulkan/implicit_layer.d/MangoHud.x86.json (file version 1.0.0)
[Vulkan Loader] INFO:           Found manifest file /usr/share/vulkan/implicit_layer.d/VkLayer_MESA_device_select.json (file version 1.0.0)
[Vulkan Loader] INFO:           Found manifest file /usr/share/vulkan/implicit_layer.d/VkLayer_LSFGVK_frame_generation.json (file version 1.1.0)
[Vulkan Loader] DRIVER:         Searching for driver manifest files
[Vulkan Loader] DRIVER:            In following locations:
[Vulkan Loader] DRIVER:               /home/hans/.config/vulkan/icd.d
[Vulkan Loader] DRIVER:               /home/hans/.config/kdedefaults/vulkan/icd.d
[Vulkan Loader] DRIVER:               /etc/xdg/vulkan/icd.d
[Vulkan Loader] DRIVER:               /etc/vulkan/icd.d
[Vulkan Loader] DRIVER:               /home/hans/.local/share/vulkan/icd.d
[Vulkan Loader] DRIVER:               /home/hans/.local/share/flatpak/exports/share/vulkan/icd.d
[Vulkan Loader] DRIVER:               /var/lib/flatpak/exports/share/vulkan/icd.d
[Vulkan Loader] DRIVER:               /usr/local/share/vulkan/icd.d
[Vulkan Loader] DRIVER:               /usr/share/vulkan/icd.d
[Vulkan Loader] DRIVER:               /etc/eselect/wine/share/vulkan/icd.d
[Vulkan Loader] DRIVER:            Found the following files:
[Vulkan Loader] DRIVER:               /etc/vulkan/icd.d/nvidia_icd.json
[Vulkan Loader] DRIVER:               /usr/share/vulkan/icd.d/intel_icd.i686.json
[Vulkan Loader] DRIVER:               /usr/share/vulkan/icd.d/intel_hasvk_icd.i686.json
[Vulkan Loader] DRIVER:               /usr/share/vulkan/icd.d/radeon_icd.i686.json
[Vulkan Loader] DRIVER:               /usr/share/vulkan/icd.d/intel_icd.x86_64.json
[Vulkan Loader] DRIVER:               /usr/share/vulkan/icd.d/intel_hasvk_icd.x86_64.json
[Vulkan Loader] DRIVER:               /usr/share/vulkan/icd.d/radeon_icd.x86_64.json
[Vulkan Loader] DRIVER:         Found ICD manifest file /etc/vulkan/icd.d/nvidia_icd.json, version 1.0.1
[Vulkan Loader] DEBUG | DRIVER: Searching for ICD drivers named libGLX_nvidia.so.0
[Vulkan Loader] DRIVER:         Found ICD manifest file /usr/share/vulkan/icd.d/intel_icd.i686.json, version 1.0.1
[Vulkan Loader] DEBUG | DRIVER: Searching for ICD drivers named /usr/lib/libvulkan_intel.so
[Vulkan Loader] INFO:           loader_parse_icd_manifest: Driver library architecture doesn't match the current running architecture, skipping this driver
[Vulkan Loader] DRIVER:         Found ICD manifest file /usr/share/vulkan/icd.d/intel_hasvk_icd.i686.json, version 1.0.1
[Vulkan Loader] DEBUG | DRIVER: Searching for ICD drivers named /usr/lib/libvulkan_intel_hasvk.so
[Vulkan Loader] INFO:           loader_parse_icd_manifest: Driver library architecture doesn't match the current running architecture, skipping this driver
[Vulkan Loader] DRIVER:         Found ICD manifest file /usr/share/vulkan/icd.d/radeon_icd.i686.json, version 1.0.1
[Vulkan Loader] DEBUG | DRIVER: Searching for ICD drivers named /usr/lib/libvulkan_radeon.so
[Vulkan Loader] INFO:           loader_parse_icd_manifest: Driver library architecture doesn't match the current running architecture, skipping this driver
[Vulkan Loader] DRIVER:         Found ICD manifest file /usr/share/vulkan/icd.d/intel_icd.x86_64.json, version 1.0.1
[Vulkan Loader] DEBUG | DRIVER: Searching for ICD drivers named /usr/lib64/libvulkan_intel.so
[Vulkan Loader] DRIVER:         Found ICD manifest file /usr/share/vulkan/icd.d/intel_hasvk_icd.x86_64.json, version 1.0.1
[Vulkan Loader] DEBUG | DRIVER: Searching for ICD drivers named /usr/lib64/libvulkan_intel_hasvk.so
[Vulkan Loader] DRIVER:         Found ICD manifest file /usr/share/vulkan/icd.d/radeon_icd.x86_64.json, version 1.0.1
[Vulkan Loader] DEBUG | DRIVER: Searching for ICD drivers named /usr/lib64/libvulkan_radeon.so
[Vulkan Loader] LAYER:          Searching for implicit layer manifest files
[Vulkan Loader] LAYER:             In following locations:
[Vulkan Loader] LAYER:                /home/hans/.config/vulkan/implicit_layer.d
[Vulkan Loader] LAYER:                /home/hans/.config/kdedefaults/vulkan/implicit_layer.d
[Vulkan Loader] LAYER:                /etc/xdg/vulkan/implicit_layer.d
[Vulkan Loader] LAYER:                /etc/vulkan/implicit_layer.d
[Vulkan Loader] LAYER:                /home/hans/.local/share/vulkan/implicit_layer.d
[Vulkan Loader] LAYER:                /home/hans/.local/share/flatpak/exports/share/vulkan/implicit_layer.d
[Vulkan Loader] LAYER:                /var/lib/flatpak/exports/share/vulkan/implicit_layer.d
[Vulkan Loader] LAYER:                /usr/local/share/vulkan/implicit_layer.d
[Vulkan Loader] LAYER:                /usr/share/vulkan/implicit_layer.d
[Vulkan Loader] LAYER:                /etc/eselect/wine/share/vulkan/implicit_layer.d
[Vulkan Loader] LAYER:             Found the following files:
[Vulkan Loader] LAYER:                /etc/vulkan/implicit_layer.d/nvidia_layers.json
[Vulkan Loader] LAYER:                /home/hans/.local/share/vulkan/implicit_layer.d/steamoverlay_i386.json
[Vulkan Loader] LAYER:                /home/hans/.local/share/vulkan/implicit_layer.d/steamoverlay_x86_64.json
[Vulkan Loader] LAYER:                /home/hans/.local/share/vulkan/implicit_layer.d/steamfossilize_i386.json
[Vulkan Loader] LAYER:                /home/hans/.local/share/vulkan/implicit_layer.d/steamfossilize_x86_64.json
[Vulkan Loader] LAYER:                /usr/share/vulkan/implicit_layer.d/VkLayer_MESA_anti_lag.json
[Vulkan Loader] LAYER:                /usr/share/vulkan/implicit_layer.d/MangoHud.x86_64.json
[Vulkan Loader] LAYER:                /usr/share/vulkan/implicit_layer.d/MangoHud.x86.json
[Vulkan Loader] LAYER:                /usr/share/vulkan/implicit_layer.d/VkLayer_MESA_device_select.json
[Vulkan Loader] LAYER:                /usr/share/vulkan/implicit_layer.d/VkLayer_LSFGVK_frame_generation.json
[Vulkan Loader] INFO:           Found manifest file /etc/vulkan/implicit_layer.d/nvidia_layers.json (file version 1.0.1)
[Vulkan Loader] INFO:           Found manifest file /home/hans/.local/share/vulkan/implicit_layer.d/steamoverlay_i386.json (file version 1.0.0)
[Vulkan Loader] INFO:           Found manifest file /home/hans/.local/share/vulkan/implicit_layer.d/steamoverlay_x86_64.json (file version 1.0.0)
[Vulkan Loader] INFO:           Found manifest file /home/hans/.local/share/vulkan/implicit_layer.d/steamfossilize_i386.json (file version 1.0.0)
[Vulkan Loader] INFO:           Found manifest file /home/hans/.local/share/vulkan/implicit_layer.d/steamfossilize_x86_64.json (file version 1.0.0)
[Vulkan Loader] INFO:           Found manifest file /usr/share/vulkan/implicit_layer.d/VkLayer_MESA_anti_lag.json (file version 1.2.1)
[Vulkan Loader] INFO:           Found manifest file /usr/share/vulkan/implicit_layer.d/MangoHud.x86_64.json (file version 1.0.0)
[Vulkan Loader] INFO:           Found manifest file /usr/share/vulkan/implicit_layer.d/MangoHud.x86.json (file version 1.0.0)
[Vulkan Loader] INFO:           Found manifest file /usr/share/vulkan/implicit_layer.d/VkLayer_MESA_device_select.json (file version 1.0.0)
[Vulkan Loader] INFO:           Found manifest file /usr/share/vulkan/implicit_layer.d/VkLayer_LSFGVK_frame_generation.json (file version 1.1.0)
err:   readMonitorEdidFromKey: Failed to get EDID reg key size
err:   DXGI: Failed to parse display metadata + colorimetry info, using blank.
err:   readMonitorEdidFromKey: Failed to get EDID reg key size
err:   DXGI: Failed to parse display metadata + colorimetry info, using blank.
0488:fixme:d3dkmt:NtGdiDdDDIQueryAdapterInfo type 48 not handled.
err:   readMonitorEdidFromKey: Failed to get EDID reg key size
err:   DXGI: Failed to parse display metadata + colorimetry info, using blank.
0400:fixme:vulkan:wine_vkCreateCommandPool Support for allocation callbacks not implemented yet
0488:fixme:cryptasn:CryptDecodeObjectEx Unsupported decoder for lpszStructType 1.3.6.1.4.1.311.2.1.4
0488:fixme:cryptasn:CryptDecodeObjectEx Unsupported decoder for lpszStructType 1.3.6.1.4.1.311.2.1.4
0488:fixme:d3dkmt:NtGdiDdDDIQueryAdapterInfo type 48 not handled.
warn:  CreateDXGIFactory2: Ignoring flags
0488:fixme:cryptasn:CryptDecodeObjectEx Unsupported decoder for lpszStructType 1.3.6.1.4.1.311.2.1.4
0488:fixme:cryptasn:CryptDecodeObjectEx Unsupported decoder for lpszStructType 1.3.6.1.4.1.311.2.1.4
052c:fixme:vulkan:wine_vkCreateCommandPool Support for allocation callbacks not implemented yet
0488:fixme:cryptasn:CryptDecodeObjectEx Unsupported decoder for lpszStructType 1.3.6.1.4.1.311.2.1.4
0488:fixme:cryptasn:CryptDecodeObjectEx Unsupported decoder for lpszStructType 1.3.6.1.4.1.311.2.1.4
0718:fixme:kernelbase:AppPolicyGetThreadInitializationType FFFFFFFFFFFFFFFA, 00007BD00015FF50
0710:fixme:secur32:get_enabled_protocols handle TLS parameters
0400:fixme:d3dkmt:NtGdiDdDDIQueryStatistics (0x7ffffe1f97b0): stub
0708:fixme:secur32:get_enabled_protocols handle TLS parameters
0400:fixme:vulkan:wine_vkCreateCommandPool Support for allocation callbacks not implemented yet
0728:fixme:thread:NtSetInformationThread ThreadPowerThrottling stub!
0728:fixme:vulkan:wine_vkCreateCommandPool Support for allocation callbacks not implemented yet
0730:fixme:thread:NtSetInformationThread ThreadPowerThrottling stub!
0730:fixme:heap:SetThreadSelectedCpuSets thread FFFFFFFFFFFFFFFE, cpu_set_ids 00007E8014007400, count 32 stub.
[Vulkan Loader] INFO:           No valid vk_loader_settings.json file found, no loader settings will be active
[Vulkan Loader] LAYER:          Searching for implicit layer manifest files
[Vulkan Loader] LAYER:             In following locations:
[Vulkan Loader] LAYER:                /home/hans/.config/vulkan/implicit_layer.d
[Vulkan Loader] LAYER:                /home/hans/.config/kdedefaults/vulkan/implicit_layer.d
[Vulkan Loader] LAYER:                /etc/xdg/vulkan/implicit_layer.d
[Vulkan Loader] LAYER:                /etc/vulkan/implicit_layer.d
[Vulkan Loader] LAYER:                /home/hans/.local/share/vulkan/implicit_layer.d
[Vulkan Loader] LAYER:                /home/hans/.local/share/flatpak/exports/share/vulkan/implicit_layer.d
[Vulkan Loader] LAYER:                /var/lib/flatpak/exports/share/vulkan/implicit_layer.d
[Vulkan Loader] LAYER:                /usr/local/share/vulkan/implicit_layer.d
[Vulkan Loader] LAYER:                /usr/share/vulkan/implicit_layer.d
[Vulkan Loader] LAYER:                /etc/eselect/wine/share/vulkan/implicit_layer.d
[Vulkan Loader] LAYER:             Found the following files:
[Vulkan Loader] LAYER:                /etc/vulkan/implicit_layer.d/nvidia_layers.json
[Vulkan Loader] LAYER:                /home/hans/.local/share/vulkan/implicit_layer.d/steamoverlay_i386.json
[Vulkan Loader] LAYER:                /home/hans/.local/share/vulkan/implicit_layer.d/steamoverlay_x86_64.json
[Vulkan Loader] LAYER:                /home/hans/.local/share/vulkan/implicit_layer.d/steamfossilize_i386.json
[Vulkan Loader] LAYER:                /home/hans/.local/share/vulkan/implicit_layer.d/steamfossilize_x86_64.json
[Vulkan Loader] LAYER:                /usr/share/vulkan/implicit_layer.d/VkLayer_MESA_anti_lag.json
[Vulkan Loader] LAYER:                /usr/share/vulkan/implicit_layer.d/MangoHud.x86_64.json
[Vulkan Loader] LAYER:                /usr/share/vulkan/implicit_layer.d/MangoHud.x86.json
[Vulkan Loader] LAYER:                /usr/share/vulkan/implicit_layer.d/VkLayer_MESA_device_select.json
[Vulkan Loader] LAYER:                /usr/share/vulkan/implicit_layer.d/VkLayer_LSFGVK_frame_generation.json
[Vulkan Loader] INFO:           Found manifest file /etc/vulkan/implicit_layer.d/nvidia_layers.json (file version 1.0.1)
[Vulkan Loader] INFO:           Found manifest file /home/hans/.local/share/vulkan/implicit_layer.d/steamoverlay_i386.json (file version 1.0.0)
[Vulkan Loader] INFO:           Found manifest file /home/hans/.local/share/vulkan/implicit_layer.d/steamoverlay_x86_64.json (file version 1.0.0)
[Vulkan Loader] INFO:           Found manifest file /home/hans/.local/share/vulkan/implicit_layer.d/steamfossilize_i386.json (file version 1.0.0)
[Vulkan Loader] INFO:           Found manifest file /home/hans/.local/share/vulkan/implicit_layer.d/steamfossilize_x86_64.json (file version 1.0.0)
[Vulkan Loader] INFO:           Found manifest file /usr/share/vulkan/implicit_layer.d/VkLayer_MESA_anti_lag.json (file version 1.2.1)
[Vulkan Loader] INFO:           Found manifest file /usr/share/vulkan/implicit_layer.d/MangoHud.x86_64.json (file version 1.0.0)
[Vulkan Loader] INFO:           Found manifest file /usr/share/vulkan/implicit_layer.d/MangoHud.x86.json (file version 1.0.0)
[Vulkan Loader] INFO:           Found manifest file /usr/share/vulkan/implicit_layer.d/VkLayer_MESA_device_select.json (file version 1.0.0)
[Vulkan Loader] INFO:           Found manifest file /usr/share/vulkan/implicit_layer.d/VkLayer_LSFGVK_frame_generation.json (file version 1.1.0)
[Vulkan Loader] LAYER:          Searching for explicit layer manifest files
[Vulkan Loader] LAYER:             In following locations:
[Vulkan Loader] LAYER:                /home/hans/.config/vulkan/explicit_layer.d
[Vulkan Loader] LAYER:                /home/hans/.config/kdedefaults/vulkan/explicit_layer.d
[Vulkan Loader] LAYER:                /etc/xdg/vulkan/explicit_layer.d
[Vulkan Loader] LAYER:                /etc/vulkan/explicit_layer.d
[Vulkan Loader] LAYER:                /home/hans/.local/share/vulkan/explicit_layer.d
[Vulkan Loader] LAYER:                /home/hans/.local/share/flatpak/exports/share/vulkan/explicit_layer.d
[Vulkan Loader] LAYER:                /var/lib/flatpak/exports/share/vulkan/explicit_layer.d
[Vulkan Loader] LAYER:                /usr/local/share/vulkan/explicit_layer.d
[Vulkan Loader] LAYER:                /usr/share/vulkan/explicit_layer.d
[Vulkan Loader] LAYER:                /etc/eselect/wine/share/vulkan/explicit_layer.d
[Vulkan Loader] LAYER:             Found the following files:
[Vulkan Loader] LAYER:                /usr/share/vulkan/explicit_layer.d/VkLayer_MESA_overlay.json
[Vulkan Loader] LAYER:                /usr/share/vulkan/explicit_layer.d/VkLayer_khronos_validation.json
[Vulkan Loader] INFO:           Found manifest file /usr/share/vulkan/explicit_layer.d/VkLayer_MESA_overlay.json (file version 1.0.0)
[Vulkan Loader] INFO:           Found manifest file /usr/share/vulkan/explicit_layer.d/VkLayer_khronos_validation.json (file version 1.2.0)
[Vulkan Loader] DRIVER:         Searching for driver manifest files
[Vulkan Loader] DRIVER:            In following locations:
[Vulkan Loader] DRIVER:               /home/hans/.config/vulkan/icd.d
[Vulkan Loader] DRIVER:               /home/hans/.config/kdedefaults/vulkan/icd.d
[Vulkan Loader] DRIVER:               /etc/xdg/vulkan/icd.d
[Vulkan Loader] DRIVER:               /etc/vulkan/icd.d
[Vulkan Loader] DRIVER:               /home/hans/.local/share/vulkan/icd.d
[Vulkan Loader] DRIVER:               /home/hans/.local/share/flatpak/exports/share/vulkan/icd.d
[Vulkan Loader] DRIVER:               /var/lib/flatpak/exports/share/vulkan/icd.d
[Vulkan Loader] DRIVER:               /usr/local/share/vulkan/icd.d
[Vulkan Loader] DRIVER:               /usr/share/vulkan/icd.d
[Vulkan Loader] DRIVER:               /etc/eselect/wine/share/vulkan/icd.d
[Vulkan Loader] DRIVER:            Found the following files:
[Vulkan Loader] DRIVER:               /etc/vulkan/icd.d/nvidia_icd.json
[Vulkan Loader] DRIVER:               /usr/share/vulkan/icd.d/intel_icd.i686.json
[Vulkan Loader] DRIVER:               /usr/share/vulkan/icd.d/intel_hasvk_icd.i686.json
[Vulkan Loader] DRIVER:               /usr/share/vulkan/icd.d/radeon_icd.i686.json
[Vulkan Loader] DRIVER:               /usr/share/vulkan/icd.d/intel_icd.x86_64.json
[Vulkan Loader] DRIVER:               /usr/share/vulkan/icd.d/intel_hasvk_icd.x86_64.json
[Vulkan Loader] DRIVER:               /usr/share/vulkan/icd.d/radeon_icd.x86_64.json
[Vulkan Loader] DRIVER:         Found ICD manifest file /etc/vulkan/icd.d/nvidia_icd.json, version 1.0.1
[Vulkan Loader] DEBUG | DRIVER: Searching for ICD drivers named libGLX_nvidia.so.0
[Vulkan Loader] DRIVER:         Found ICD manifest file /usr/share/vulkan/icd.d/intel_icd.i686.json, version 1.0.1
[Vulkan Loader] DEBUG | DRIVER: Searching for ICD drivers named /usr/lib/libvulkan_intel.so
[Vulkan Loader] INFO:           loader_parse_icd_manifest: Driver library architecture doesn't match the current running architecture, skipping this driver
[Vulkan Loader] DRIVER:         Found ICD manifest file /usr/share/vulkan/icd.d/intel_hasvk_icd.i686.json, version 1.0.1
[Vulkan Loader] DEBUG | DRIVER: Searching for ICD drivers named /usr/lib/libvulkan_intel_hasvk.so
[Vulkan Loader] INFO:           loader_parse_icd_manifest: Driver library architecture doesn't match the current running architecture, skipping this driver
[Vulkan Loader] DRIVER:         Found ICD manifest file /usr/share/vulkan/icd.d/radeon_icd.i686.json, version 1.0.1
[Vulkan Loader] DEBUG | DRIVER: Searching for ICD drivers named /usr/lib/libvulkan_radeon.so
[Vulkan Loader] INFO:           loader_parse_icd_manifest: Driver library architecture doesn't match the current running architecture, skipping this driver
[Vulkan Loader] DRIVER:         Found ICD manifest file /usr/share/vulkan/icd.d/intel_icd.x86_64.json, version 1.0.1
[Vulkan Loader] DEBUG | DRIVER: Searching for ICD drivers named /usr/lib64/libvulkan_intel.so
[Vulkan Loader] DRIVER:         Found ICD manifest file /usr/share/vulkan/icd.d/intel_hasvk_icd.x86_64.json, version 1.0.1
[Vulkan Loader] DEBUG | DRIVER: Searching for ICD drivers named /usr/lib64/libvulkan_intel_hasvk.so
[Vulkan Loader] DRIVER:         Found ICD manifest file /usr/share/vulkan/icd.d/radeon_icd.x86_64.json, version 1.0.1
[Vulkan Loader] DEBUG | DRIVER: Searching for ICD drivers named /usr/lib64/libvulkan_radeon.so
[Vulkan Loader] DEBUG | LAYER:  Loading layer library libVkLayer_MESA_device_select.so
[Vulkan Loader] INFO | LAYER:   Insert instance layer "VK_LAYER_MESA_device_select" (/usr/lib64/libVkLayer_MESA_device_select.so)
[Vulkan Loader] INFO:           /usr/lib/mangohud/lib32/libMangoHud.so: wrong ELF class: ELFCLASS32
[Vulkan Loader] DEBUG | LAYER:  Loading layer library /usr/lib/mangohud/lib64/libMangoHud.so
[Vulkan Loader] INFO | LAYER:   Insert instance layer "VK_LAYER_MANGOHUD_overlay_x86_64" (/usr/lib/mangohud/lib64/libMangoHud.so)
[Vulkan Loader] INFO | LAYER:   Requested layer "VK_LAYER_MANGOHUD_overlay_x86" was wrong bit-type.
[Vulkan Loader] LAYER:          vkCreateInstance layer callstack setup to:
[Vulkan Loader] LAYER:             <Application>
[Vulkan Loader] LAYER:               ||
[Vulkan Loader] LAYER:             <Loader>
[Vulkan Loader] LAYER:               ||
[Vulkan Loader] LAYER:             VK_LAYER_MANGOHUD_overlay_x86_64
[Vulkan Loader] LAYER:                     Type: Implicit
[Vulkan Loader] LAYER:                     Enabled By: Implicit Layer
[Vulkan Loader] LAYER:                         Disable Env Var:  DISABLE_MANGOHUD
[Vulkan Loader] LAYER:                         This layer was enabled because Env Var MANGOHUD was set to Value 1
[Vulkan Loader] LAYER:                     Manifest: /usr/share/vulkan/implicit_layer.d/MangoHud.x86_64.json
[Vulkan Loader] LAYER:                     Library:  /usr/lib/mangohud/lib64/libMangoHud.so
[Vulkan Loader] LAYER:               ||
[Vulkan Loader] LAYER:             VK_LAYER_MESA_device_select
[Vulkan Loader] LAYER:                     Type: Implicit
[Vulkan Loader] LAYER:                     Enabled By: Implicit Layer
[Vulkan Loader] LAYER:                         Disable Env Var:  NODEVICE_SELECT
[Vulkan Loader] LAYER:                     Manifest: /usr/share/vulkan/implicit_layer.d/VkLayer_MESA_device_select.json
[Vulkan Loader] LAYER:                     Library:  /usr/lib64/libVkLayer_MESA_device_select.so
[Vulkan Loader] LAYER:               ||
[Vulkan Loader] LAYER:             <Drivers>
[Vulkan Loader] INFO | DRIVER:  linux_read_sorted_physical_devices:
[Vulkan Loader] INFO | DRIVER:       Original order:
[Vulkan Loader] INFO | DRIVER:             [0] NVIDIA GeForce RTX 4080
[Vulkan Loader] INFO | DRIVER:       Sorted order:
[Vulkan Loader] INFO | DRIVER:             [0] NVIDIA GeForce RTX 4080  
[Vulkan Loader] INFO | DRIVER:  linux_read_sorted_physical_devices:
[Vulkan Loader] INFO | DRIVER:       Original order:
[Vulkan Loader] INFO | DRIVER:             [0] NVIDIA GeForce RTX 4080
[Vulkan Loader] INFO | DRIVER:       Sorted order:
[Vulkan Loader] INFO | DRIVER:             [0] NVIDIA GeForce RTX 4080  
[Vulkan Loader] DEBUG | DRIVER: Copying old device 0 into new device 0
[Vulkan Loader] INFO | DRIVER:  linux_read_sorted_physical_devices:
[Vulkan Loader] INFO | DRIVER:       Original order:
[Vulkan Loader] INFO | DRIVER:             [0] NVIDIA GeForce RTX 4080
[Vulkan Loader] INFO | DRIVER:       Sorted order:
[Vulkan Loader] INFO | DRIVER:             [0] NVIDIA GeForce RTX 4080  
[Vulkan Loader] DEBUG | DRIVER: Copying old device 0 into new device 0
[Vulkan Loader] INFO | DRIVER:  linux_read_sorted_physical_devices:
[Vulkan Loader] INFO | DRIVER:       Original order:
[Vulkan Loader] INFO | DRIVER:             [0] NVIDIA GeForce RTX 4080
[Vulkan Loader] INFO | DRIVER:       Sorted order:
[Vulkan Loader] INFO | DRIVER:             [0] NVIDIA GeForce RTX 4080  
[Vulkan Loader] DEBUG | DRIVER: Copying old device 0 into new device 0
[Vulkan Loader] INFO | DRIVER:  linux_read_sorted_physical_devices:
[Vulkan Loader] INFO | DRIVER:       Original order:
[Vulkan Loader] INFO | DRIVER:             [0] NVIDIA GeForce RTX 4080
[Vulkan Loader] INFO | DRIVER:       Sorted order:
[Vulkan Loader] INFO | DRIVER:             [0] NVIDIA GeForce RTX 4080  
[Vulkan Loader] DEBUG | DRIVER: Copying old device 0 into new device 0
[Vulkan Loader] INFO | DRIVER:  linux_read_sorted_physical_devices:
[Vulkan Loader] INFO | DRIVER:       Original order:
[Vulkan Loader] INFO | DRIVER:             [0] NVIDIA GeForce RTX 4080
[Vulkan Loader] INFO | DRIVER:       Sorted order:
[Vulkan Loader] INFO | DRIVER:             [0] NVIDIA GeForce RTX 4080  
[Vulkan Loader] DEBUG | DRIVER: Copying old device 0 into new device 0
[Vulkan Loader] INFO | DRIVER:  linux_read_sorted_physical_devices:
[Vulkan Loader] INFO | DRIVER:       Original order:
[Vulkan Loader] INFO | DRIVER:             [0] NVIDIA GeForce RTX 4080
[Vulkan Loader] INFO | DRIVER:       Sorted order:
[Vulkan Loader] INFO | DRIVER:             [0] NVIDIA GeForce RTX 4080  
[Vulkan Loader] DEBUG | DRIVER: Copying old device 0 into new device 0
[Vulkan Loader] INFO | DRIVER:  linux_read_sorted_physical_devices:
[Vulkan Loader] INFO | DRIVER:       Original order:
[Vulkan Loader] INFO | DRIVER:             [0] NVIDIA GeForce RTX 4080
[Vulkan Loader] INFO | DRIVER:       Sorted order:
[Vulkan Loader] INFO | DRIVER:             [0] NVIDIA GeForce RTX 4080  
[Vulkan Loader] DEBUG | DRIVER: Copying old device 0 into new device 0
[Vulkan Loader] INFO | DRIVER:  Removing driver /usr/lib64/libvulkan_radeon.so due to not having any physical devices
[Vulkan Loader] INFO | DRIVER:  Removing driver /usr/lib64/libvulkan_intel_hasvk.so due to not having any physical devices
[Vulkan Loader] INFO | DRIVER:  Removing driver /usr/lib64/libvulkan_intel.so due to not having any physical devices
[Vulkan Loader] INFO | LAYER:   Failed to find vkGetDeviceProcAddr in layer "/usr/lib64/libVkLayer_MESA_device_select.so"
[Vulkan Loader] INFO | LAYER:   Inserted device layer "VK_LAYER_MANGOHUD_overlay_x86_64" (/usr/lib/mangohud/lib64/libMangoHud.so)
[Vulkan Loader] DRIVER:         vkCreateDevice layer callstack setup to:
[Vulkan Loader] DRIVER:            <Application>
[Vulkan Loader] DRIVER:              ||
[Vulkan Loader] DRIVER:            <Loader>
[Vulkan Loader] DRIVER:              ||
[Vulkan Loader] LAYER:             VK_LAYER_MANGOHUD_overlay_x86_64
[Vulkan Loader] LAYER:                     Type: Implicit
[Vulkan Loader] LAYER:                     Enabled By: Implicit Layer
[Vulkan Loader] LAYER:                         Disable Env Var:  DISABLE_MANGOHUD
[Vulkan Loader] LAYER:                     Manifest: /usr/share/vulkan/implicit_layer.d/MangoHud.x86_64.json
[Vulkan Loader] LAYER:                     Library:  /usr/lib/mangohud/lib64/libMangoHud.so
[Vulkan Loader] LAYER:               ||
[Vulkan Loader] DRIVER:            <Device>
[Vulkan Loader] DRIVER:                Using "NVIDIA GeForce RTX 4080" with driver: "/usr/lib64/libGLX_nvidia.so.590.48.01"
[Vulkan Loader] INFO | DRIVER:  linux_read_sorted_physical_devices:
[Vulkan Loader] INFO | DRIVER:       Original order:
[Vulkan Loader] INFO | DRIVER:             [0] NVIDIA GeForce RTX 4080
[Vulkan Loader] INFO | DRIVER:       Sorted order:
[Vulkan Loader] INFO | DRIVER:             [0] NVIDIA GeForce RTX 4080  
[Vulkan Loader] DEBUG | DRIVER: Copying old device 0 into new device 0
[Vulkan Loader] INFO | DRIVER:  linux_read_sorted_physical_devices:
[Vulkan Loader] INFO | DRIVER:       Original order:
[Vulkan Loader] INFO | DRIVER:             [0] NVIDIA GeForce RTX 4080
[Vulkan Loader] INFO | DRIVER:       Sorted order:
[Vulkan Loader] INFO | DRIVER:             [0] NVIDIA GeForce RTX 4080  
[Vulkan Loader] DEBUG | DRIVER: Copying old device 0 into new device 0
[Vulkan Loader] INFO | DRIVER:  linux_read_sorted_physical_devices:
[Vulkan Loader] INFO | DRIVER:       Original order:
[Vulkan Loader] INFO | DRIVER:             [0] NVIDIA GeForce RTX 4080
[Vulkan Loader] INFO | DRIVER:       Sorted order:
[Vulkan Loader] INFO | DRIVER:             [0] NVIDIA GeForce RTX 4080  
[Vulkan Loader] DEBUG | DRIVER: Copying old device 0 into new device 0
[Vulkan Loader] INFO | DRIVER:  linux_read_sorted_physical_devices:
[Vulkan Loader] INFO | DRIVER:       Original order:
[Vulkan Loader] INFO | DRIVER:             [0] NVIDIA GeForce RTX 4080
[Vulkan Loader] INFO | DRIVER:       Sorted order:
[Vulkan Loader] INFO | DRIVER:             [0] NVIDIA GeForce RTX 4080  
[Vulkan Loader] DEBUG | DRIVER: Copying old device 0 into new device 0
[Vulkan Loader] DEBUG | LAYER:  Unloading layer library /usr/lib/mangohud/lib64/libMangoHud.so
[Vulkan Loader] DEBUG | LAYER:  Unloading layer library /usr/lib64/libVkLayer_MESA_device_select.so
lsfg-vk: something went wrong during lsfg-vk swapchain creation:
- failed to create backend instance
- Unable to parse Lossless Scaling DLL
- unabele to locate RT_RCDATA directory
6385.456:03fc:06f0:err:vkd3d-proton:dxgi_vk_swap_chain_recreate_swapchain_in_present_task: Failed to create swapchain, vr -3.
0740:fixme:kernelbase:AppPolicyGetThreadInitializationType FFFFFFFFFFFFFFFA, 00007BCC7C12FF50
lsfg-vk: something went wrong during lsfg-vk swapchain creation:
- vkCreateSwapchainKHR() failed (error -1000000001)
6385.492:03fc:06f0:err:vkd3d-proton:dxgi_vk_swap_chain_recreate_swapchain_in_present_task: Failed to create swapchain, vr -1000000001.
lsfg-vk: something went wrong during lsfg-vk swapchain creation:
- vkCreateSwapchainKHR() failed (error -1000000001)
6385.528:03fc:06f0:err:vkd3d-proton:dxgi_vk_swap_chain_recreate_swapchain_in_present_task: Failed to create swapchain, vr -1000000001.
075c:fixme:kernelbase:AppPolicyGetThreadInitializationType FFFFFFFFFFFFFFFA, 00007BC85579FF50
0764:fixme:kernelbase:AppPolicyGetThreadInitializationType FFFFFFFFFFFFFFFA, 00007BC85557FF50
0760:fixme:kernelbase:AppPolicyGetThreadInitializationType FFFFFFFFFFFFFFFA, 00007BC85568FF50
lsfg-vk: something went wrong during lsfg-vk swapchain creation:
- vkCreateSwapchainKHR() failed (error -1000000001)
6385.558:03fc:06f0:err:vkd3d-proton:dxgi_vk_swap_chain_recreate_swapchain_in_present_task: Failed to create swapchain, vr -1000000001.
lsfg-vk: something went wrong during lsfg-vk swapchain creation:
- vkCreateSwapchainKHR() failed (error -1000000001)
6385.560:03fc:06f0:err:vkd3d-proton:dxgi_vk_swap_chain_recreate_swapchain_in_present_task: Failed to create swapchain, vr -1000000001.
lsfg-vk: something went wrong during lsfg-vk swapchain creation:
- vkCreateSwapchainKHR() failed (error -1000000001)
6385.562:03fc:06f0:err:vkd3d-proton:dxgi_vk_swap_chain_recreate_swapchain_in_present_task: Failed to create swapchain, vr -1000000001.
lsfg-vk: something went wrong during lsfg-vk swapchain creation:
- vkCreateSwapchainKHR() failed (error -1000000001)
6385.570:03fc:06f0:err:vkd3d-proton:dxgi_vk_swap_chain_recreate_swapchain_in_present_task: Failed to create swapchain, vr -1000000001.
lsfg-vk: something went wrong during lsfg-vk swapchain creation:
- vkCreateSwapchainKHR() failed (error -1000000001)
6385.608:03fc:06f0:err:vkd3d-proton:dxgi_vk_swap_chain_recreate_swapchain_in_present_task: Failed to create swapchain, vr -1000000001.
lsfg-vk: something went wrong during lsfg-vk swapchain creation:
- vkCreateSwapchainKHR() failed (error -1000000001)
6385.617:03fc:06f0:err:vkd3d-proton:dxgi_vk_swap_chain_recreate_swapchain_in_present_task: Failed to create swapchain, vr -1000000001.
lsfg-vk: something went wrong during lsfg-vk swapchain creation:
- vkCreateSwapchainKHR() failed (error -1000000001)
6385.634:03fc:06f0:err:vkd3d-proton:dxgi_vk_swap_chain_recreate_swapchain_in_present_task: Failed to create swapchain, vr -1000000001.
lsfg-vk: something went wrong during lsfg-vk swapchain creation:
- vkCreateSwapchainKHR() failed (error -1000000001)
6385.647:03fc:06f0:err:vkd3d-proton:dxgi_vk_swap_chain_recreate_swapchain_in_present_task: Failed to create swapchain, vr -1000000001.
lsfg-vk: something went wrong during lsfg-vk swapchain creation:
- vkCreateSwapchainKHR() failed (error -1000000001)
6385.657:03fc:06f0:err:vkd3d-proton:dxgi_vk_swap_chain_recreate_swapchain_in_present_task: Failed to create swapchain, vr -1000000001.
lsfg-vk: something went wrong during lsfg-vk swapchain creation:
- vkCreateSwapchainKHR() failed (error -1000000001)
6385.665:03fc:06f0:err:vkd3d-proton:dxgi_vk_swap_chain_recreate_swapchain_in_present_task: Failed to create swapchain, vr -1000000001.
lsfg-vk: something went wrong during lsfg-vk swapchain creation:
- vkCreateSwapchainKHR() failed (error -1000000001)
6385.694:03fc:06f0:err:vkd3d-proton:dxgi_vk_swap_chain_recreate_swapchain_in_present_task: Failed to create swapchain, vr -1000000001.
lsfg-vk: something went wrong during lsfg-vk swapchain creation:
- vkCreateSwapchainKHR() failed (error -1000000001)
6385.740:03fc:06f0:err:vkd3d-proton:dxgi_vk_swap_chain_recreate_swapchain_in_present_task: Failed to create swapchain, vr -1000000001.
lsfg-vk: something went wrong during lsfg-vk swapchain creation:
- vkCreateSwapchainKHR() failed (error -1000000001)
6385.759:03fc:06f0:err:vkd3d-proton:dxgi_vk_swap_chain_recreate_swapchain_in_present_task: Failed to create swapchain, vr -1000000001.
lsfg-vk: something went wrong during lsfg-vk swapchain creation:
- vkCreateSwapchainKHR() failed (error -1000000001)
6385.761:03fc:06f0:err:vkd3d-proton:dxgi_vk_swap_chain_recreate_swapchain_in_present_task: Failed to create swapchain, vr -1000000001.
lsfg-vk: something went wrong during lsfg-vk swapchain creation:
- vkCreateSwapchainKHR() failed (error -1000000001)
6385.763:03fc:06f0:err:vkd3d-proton:dxgi_vk_swap_chain_recreate_swapchain_in_present_task: Failed to create swapchain, vr -1000000001.
lsfg-vk: something went wrong during lsfg-vk swapchain creation:
- vkCreateSwapchainKHR() failed (error -1000000001)
6385.789:03fc:06f0:err:vkd3d-proton:dxgi_vk_swap_chain_recreate_swapchain_in_present_task: Failed to create swapchain, vr -1000000001.
lsfg-vk: something went wrong during lsfg-vk swapchain creation:
- vkCreateSwapchainKHR() failed (error -1000000001)
6385.791:03fc:06f0:err:vkd3d-proton:dxgi_vk_swap_chain_recreate_swapchain_in_present_task: Failed to create swapchain, vr -1000000001.
lsfg-vk: something went wrong during lsfg-vk swapchain creation:
- vkCreateSwapchainKHR() failed (error -1000000001)
6385.793:03fc:06f0:err:vkd3d-proton:dxgi_vk_swap_chain_recreate_swapchain_in_present_task: Failed to create swapchain, vr -1000000001.
lsfg-vk: something went wrong during lsfg-vk swapchain creation:
- vkCreateSwapchainKHR() failed (error -1000000001)
6385.806:03fc:06f0:err:vkd3d-proton:dxgi_vk_swap_chain_recreate_swapchain_in_present_task: Failed to create swapchain, vr -1000000001.
0770:fixme:thread:NtSetInformationThread ThreadPowerThrottling stub!
lsfg-vk: something went wrong during lsfg-vk swapchain creation:
- vkCreateSwapchainKHR() failed (error -1000000001)
6385.823:03fc:06f0:err:vkd3d-proton:dxgi_vk_swap_chain_recreate_swapchain_in_present_task: Failed to create swapchain, vr -1000000001.
lsfg-vk: something went wrong during lsfg-vk swapchain creation:
- vkCreateSwapchainKHR() failed (error -1000000001)
6385.840:03fc:06f0:err:vkd3d-proton:dxgi_vk_swap_chain_recreate_swapchain_in_present_task: Failed to create swapchain, vr -1000000001.
0774:fixme:thread:NtSetInformationThread ThreadPowerThrottling stub!
0778:fixme:thread:NtSetInformationThread ThreadPowerThrottling stub!
lsfg-vk: something went wrong during lsfg-vk swapchain creation:
- vkCreateSwapchainKHR() failed (error -1000000001)
6385.856:03fc:06f0:err:vkd3d-proton:dxgi_vk_swap_chain_recreate_swapchain_in_present_task: Failed to create swapchain, vr -1000000001.
lsfg-vk: something went wrong during lsfg-vk swapchain creation:
- vkCreateSwapchainKHR() failed (error -1000000001)
6385.873:03fc:06f0:err:vkd3d-proton:dxgi_vk_swap_chain_recreate_swapchain_in_present_task: Failed to create swapchain, vr -1000000001.
lsfg-vk: something went wrong during lsfg-vk swapchain creation:
- vkCreateSwapchainKHR() failed (error -1000000001)
6385.891:03fc:06f0:err:vkd3d-proton:dxgi_vk_swap_chain_recreate_swapchain_in_present_task: Failed to create swapchain, vr -1000000001.
lsfg-vk: something went wrong during lsfg-vk swapchain creation:
- vkCreateSwapchainKHR() failed (error -1000000001)
6385.908:03fc:06f0:err:vkd3d-proton:dxgi_vk_swap_chain_recreate_swapchain_in_present_task: Failed to create swapchain, vr -1000000001.
lsfg-vk: something went wrong during lsfg-vk swapchain creation:
- vkCreateSwapchainKHR() failed (error -1000000001)
6385.923:03fc:06f0:err:vkd3d-proton:dxgi_vk_swap_chain_recreate_swapchain_in_present_task: Failed to create swapchain, vr -1000000001.
lsfg-vk: something went wrong during lsfg-vk swapchain creation:
- vkCreateSwapchainKHR() failed (error -1000000001)
6385.940:03fc:06f0:err:vkd3d-proton:dxgi_vk_swap_chain_recreate_swapchain_in_present_task: Failed to create swapchain, vr -1000000001.
lsfg-vk: something went wrong during lsfg-vk swapchain creation:
- vkCreateSwapchainKHR() failed (error -1000000001)
6385.956:03fc:06f0:err:vkd3d-proton:dxgi_vk_swap_chain_recreate_swapchain_in_present_task: Failed to create swapchain, vr -1000000001.
lsfg-vk: something went wrong during lsfg-vk swapchain creation:
- vkCreateSwapchainKHR() failed (error -1000000001)
6385.974:03fc:06f0:err:vkd3d-proton:dxgi_vk_swap_chain_recreate_swapchain_in_present_task: Failed to create swapchain, vr -1000000001.
lsfg-vk: something went wrong during lsfg-vk swapchain creation:
- vkCreateSwapchainKHR() failed (error -1000000001)
6385.990:03fc:06f0:err:vkd3d-proton:dxgi_vk_swap_chain_recreate_swapchain_in_present_task: Failed to create swapchain, vr -1000000001.
lsfg-vk: something went wrong during lsfg-vk swapchain creation:
- vkCreateSwapchainKHR() failed (error -1000000001)
6386.006:03fc:06f0:err:vkd3d-proton:dxgi_vk_swap_chain_recreate_swapchain_in_present_task: Failed to create swapchain, vr -1000000001.
lsfg-vk: something went wrong during lsfg-vk swapchain creation:
- vkCreateSwapchainKHR() failed (error -1000000001)
6386.023:03fc:06f0:err:vkd3d-proton:dxgi_vk_swap_chain_recreate_swapchain_in_present_task: Failed to create swapchain, vr -1000000001.
0714:fixme:secur32:get_enabled_protocols handle TLS parameters
lsfg-vk: something went wrong during lsfg-vk swapchain creation:
- vkCreateSwapchainKHR() failed (error -1000000001)
6386.039:03fc:06f0:err:vkd3d-proton:dxgi_vk_swap_chain_recreate_swapchain_in_present_task: Failed to create swapchain, vr -1000000001.
lsfg-vk: something went wrong during lsfg-vk swapchain creation:
- vkCreateSwapchainKHR() failed (error -1000000001)
6386.056:03fc:06f0:err:vkd3d-proton:dxgi_vk_swap_chain_recreate_swapchain_in_present_task: Failed to create swapchain, vr -1000000001.
lsfg-vk: something went wrong during lsfg-vk swapchain creation:
- vkCreateSwapchainKHR() failed (error -1000000001)
6386.073:03fc:06f0:err:vkd3d-proton:dxgi_vk_swap_chain_recreate_swapchain_in_present_task: Failed to create swapchain, vr -1000000001.
lsfg-vk: something went wrong during lsfg-vk swapchain creation:
- vkCreateSwapchainKHR() failed (error -1000000001)
6386.090:03fc:06f0:err:vkd3d-proton:dxgi_vk_swap_chain_recreate_swapchain_in_present_task: Failed to create swapchain, vr -1000000001.
0738:fixme:secur32:get_enabled_protocols handle TLS parameters
lsfg-vk: something went wrong during lsfg-vk swapchain creation:
- vkCreateSwapchainKHR() failed (error -1000000001)
6386.106:03fc:06f0:err:vkd3d-proton:dxgi_vk_swap_chain_recreate_swapchain_in_present_task: Failed to create swapchain, vr -1000000001.
lsfg-vk: something went wrong during lsfg-vk swapchain creation:
- vkCreateSwapchainKHR() failed (error -1000000001)
6386.123:03fc:06f0:err:vkd3d-proton:dxgi_vk_swap_chain_recreate_swapchain_in_present_task: Failed to create swapchain, vr -1000000001.
lsfg-vk: something went wrong during lsfg-vk swapchain creation:
- vkCreateSwapchainKHR() failed (error -1000000001)
6386.139:03fc:06f0:err:vkd3d-proton:dxgi_vk_swap_chain_recreate_swapchain_in_present_task: Failed to create swapchain, vr -1000000001.
lsfg-vk: something went wrong during lsfg-vk swapchain creation:
- vkCreateSwapchainKHR() failed (error -1000000001)
6386.157:03fc:06f0:err:vkd3d-proton:dxgi_vk_swap_chain_recreate_swapchain_in_present_task: Failed to create swapchain, vr -1000000001.
lsfg-vk: something went wrong during lsfg-vk swapchain creation:
- vkCreateSwapchainKHR() failed (error -1000000001)
6386.174:03fc:06f0:err:vkd3d-proton:dxgi_vk_swap_chain_recreate_swapchain_in_present_task: Failed to create swapchain, vr -1000000001.
0738:fixme:secur32:get_cipher_algid unknown algorithm 23
0738:fixme:secur32:get_mac_algid unknown algorithm 200, cipher 23
lsfg-vk: something went wrong during lsfg-vk swapchain creation:
- vkCreateSwapchainKHR() failed (error -1000000001)
6386.189:03fc:06f0:err:vkd3d-proton:dxgi_vk_swap_chain_recreate_swapchain_in_present_task: Failed to create swapchain, vr -1000000001.
lsfg-vk: something went wrong during lsfg-vk swapchain creation:
- vkCreateSwapchainKHR() failed (error -1000000001)
6386.206:03fc:06f0:err:vkd3d-proton:dxgi_vk_swap_chain_recreate_swapchain_in_present_task: Failed to create swapchain, vr -1000000001.
lsfg-vk: something went wrong during lsfg-vk swapchain creation:
- vkCreateSwapchainKHR() failed (error -1000000001)
6386.222:03fc:06f0:err:vkd3d-proton:dxgi_vk_swap_chain_recreate_swapchain_in_present_task: Failed to create swapchain, vr -1000000001.
lsfg-vk: something went wrong during lsfg-vk swapchain creation:
- vkCreateSwapchainKHR() failed (error -1000000001)
6386.239:03fc:06f0:err:vkd3d-proton:dxgi_vk_swap_chain_recreate_swapchain_in_present_task: Failed to create swapchain, vr -1000000001.
lsfg-vk: something went wrong during lsfg-vk swapchain creation:
- vkCreateSwapchainKHR() failed (error -1000000001)
6386.256:03fc:06f0:err:vkd3d-proton:dxgi_vk_swap_chain_recreate_swapchain_in_present_task: Failed to create swapchain, vr -1000000001.
lsfg-vk: something went wrong during lsfg-vk swapchain creation:
- vkCreateSwapchainKHR() failed (error -1000000001)
6386.272:03fc:06f0:err:vkd3d-proton:dxgi_vk_swap_chain_recreate_swapchain_in_present_task: Failed to create swapchain, vr -1000000001.
lsfg-vk: something went wrong during lsfg-vk swapchain creation:
- vkCreateSwapchainKHR() failed (error -1000000001)
6386.289:03fc:06f0:err:vkd3d-proton:dxgi_vk_swap_chain_recreate_swapchain_in_present_task: Failed to create swapchain, vr -1000000001.
lsfg-vk: something went wrong during lsfg-vk swapchain creation:
- vkCreateSwapchainKHR() failed (error -1000000001)
6386.305:03fc:06f0:err:vkd3d-proton:dxgi_vk_swap_chain_recreate_swapchain_in_present_task: Failed to create swapchain, vr -1000000001.
lsfg-vk: something went wrong during lsfg-vk swapchain creation:
- vkCreateSwapchainKHR() failed (error -1000000001)
6386.322:03fc:06f0:err:vkd3d-proton:dxgi_vk_swap_chain_recreate_swapchain_in_present_task: Failed to create swapchain, vr -1000000001.
lsfg-vk: something went wrong during lsfg-vk swapchain creation:
- vkCreateSwapchainKHR() failed (error -1000000001)
6386.340:03fc:06f0:err:vkd3d-proton:dxgi_vk_swap_chain_recreate_swapchain_in_present_task: Failed to create swapchain, vr -1000000001.
lsfg-vk: something went wrong during lsfg-vk swapchain creation:
- vkCreateSwapchainKHR() failed (error -1000000001)
6386.356:03fc:06f0:err:vkd3d-proton:dxgi_vk_swap_chain_recreate_swapchain_in_present_task: Failed to create swapchain, vr -1000000001.
lsfg-vk: something went wrong during lsfg-vk swapchain creation:
- vkCreateSwapchainKHR() failed (error -1000000001)
6386.372:03fc:06f0:err:vkd3d-proton:dxgi_vk_swap_chain_recreate_swapchain_in_present_task: Failed to create swapchain, vr -1000000001.
lsfg-vk: something went wrong during lsfg-vk swapchain creation:
- vkCreateSwapchainKHR() failed (error -1000000001)
6386.389:03fc:06f0:err:vkd3d-proton:dxgi_vk_swap_chain_recreate_swapchain_in_present_task: Failed to create swapchain, vr -1000000001.
lsfg-vk: something went wrong during lsfg-vk swapchain creation:
- vkCreateSwapchainKHR() failed (error -1000000001)
6386.406:03fc:06f0:err:vkd3d-proton:dxgi_vk_swap_chain_recreate_swapchain_in_present_task: Failed to create swapchain, vr -1000000001.
lsfg-vk: something went wrong during lsfg-vk swapchain creation:
- vkCreateSwapchainKHR() failed (error -1000000001)
6386.422:03fc:06f0:err:vkd3d-proton:dxgi_vk_swap_chain_recreate_swapchain_in_present_task: Failed to create swapchain, vr -1000000001.
lsfg-vk: something went wrong during lsfg-vk swapchain creation:
- vkCreateSwapchainKHR() failed (error -1000000001)
6386.439:03fc:06f0:err:vkd3d-proton:dxgi_vk_swap_chain_recreate_swapchain_in_present_task: Failed to create swapchain, vr -1000000001.
lsfg-vk: something went wrong during lsfg-vk swapchain creation:
- vkCreateSwapchainKHR() failed (error -1000000001)
6386.456:03fc:06f0:err:vkd3d-proton:dxgi_vk_swap_chain_recreate_swapchain_in_present_task: Failed to create swapchain, vr -1000000001.
lsfg-vk: something went wrong during lsfg-vk swapchain creation:
- vkCreateSwapchainKHR() failed (error -1000000001)
6386.472:03fc:06f0:err:vkd3d-proton:dxgi_vk_swap_chain_recreate_swapchain_in_present_task: Failed to create swapchain, vr -1000000001.
lsfg-vk: something went wrong during lsfg-vk swapchain creation:
- vkCreateSwapchainKHR() failed (error -1000000001)
6386.489:03fc:06f0:err:vkd3d-proton:dxgi_vk_swap_chain_recreate_swapchain_in_present_task: Failed to create swapchain, vr -1000000001.
lsfg-vk: something went wrong during lsfg-vk swapchain creation:
- vkCreateSwapchainKHR() failed (error -1000000001)
6386.506:03fc:06f0:err:vkd3d-proton:dxgi_vk_swap_chain_recreate_swapchain_in_present_task: Failed to create swapchain, vr -1000000001.
070c:fixme:secur32:get_enabled_protocols handle TLS parameters
lsfg-vk: something went wrong during lsfg-vk swapchain creation:
- vkCreateSwapchainKHR() failed (error -1000000001)
6386.522:03fc:06f0:err:vkd3d-proton:dxgi_vk_swap_chain_recreate_swapchain_in_present_task: Failed to create swapchain, vr -1000000001.
lsfg-vk: something went wrong during lsfg-vk swapchain creation:
- vkCreateSwapchainKHR() failed (error -1000000001)
6386.539:03fc:06f0:err:vkd3d-proton:dxgi_vk_swap_chain_recreate_swapchain_in_present_task: Failed to create swapchain, vr -1000000001.
lsfg-vk: something went wrong during lsfg-vk swapchain creation:
- vkCreateSwapchainKHR() failed (error -1000000001)
6386.556:03fc:06f0:err:vkd3d-proton:dxgi_vk_swap_chain_recreate_swapchain_in_present_task: Failed to create swapchain, vr -1000000001.
lsfg-vk: something went wrong during lsfg-vk swapchain creation:
- vkCreateSwapchainKHR() failed (error -1000000001)
6386.572:03fc:06f0:err:vkd3d-proton:dxgi_vk_swap_chain_recreate_swapchain_in_present_task: Failed to create swapchain, vr -1000000001.
lsfg-vk: something went wrong during lsfg-vk swapchain creation:
- vkCreateSwapchainKHR() failed (error -1000000001)
6386.589:03fc:06f0:err:vkd3d-proton:dxgi_vk_swap_chain_recreate_swapchain_in_present_task: Failed to create swapchain, vr -1000000001.
lsfg-vk: something went wrong during lsfg-vk swapchain creation:
- vkCreateSwapchainKHR() failed (error -1000000001)
6386.606:03fc:06f0:err:vkd3d-proton:dxgi_vk_swap_chain_recreate_swapchain_in_present_task: Failed to create swapchain, vr -1000000001.
lsfg-vk: something went wrong during lsfg-vk swapchain creation:
- vkCreateSwapchainKHR() failed (error -1000000001)
6386.622:03fc:06f0:err:vkd3d-proton:dxgi_vk_swap_chain_recreate_swapchain_in_present_task: Failed to create swapchain, vr -1000000001.
lsfg-vk: something went wrong during lsfg-vk swapchain creation:
- vkCreateSwapchainKHR() failed (error -1000000001)
6386.639:03fc:06f0:err:vkd3d-proton:dxgi_vk_swap_chain_recreate_swapchain_in_present_task: Failed to create swapchain, vr -1000000001.
lsfg-vk: something went wrong during lsfg-vk swapchain creation:
- vkCreateSwapchainKHR() failed (error -1000000001)
6386.656:03fc:06f0:err:vkd3d-proton:dxgi_vk_swap_chain_recreate_swapchain_in_present_task: Failed to create swapchain, vr -1000000001.
lsfg-vk: something went wrong during lsfg-vk swapchain creation:
- vkCreateSwapchainKHR() failed (error -1000000001)
6386.672:03fc:06f0:err:vkd3d-proton:dxgi_vk_swap_chain_recreate_swapchain_in_present_task: Failed to create swapchain, vr -1000000001.
lsfg-vk: something went wrong during lsfg-vk swapchain creation:
- vkCreateSwapchainKHR() failed (error -1000000001)
6386.689:03fc:06f0:err:vkd3d-proton:dxgi_vk_swap_chain_recreate_swapchain_in_present_task: Failed to create swapchain, vr -1000000001.
lsfg-vk: something went wrong during lsfg-vk swapchain creation:
- vkCreateSwapchainKHR() failed (error -1000000001)
6386.706:03fc:06f0:err:vkd3d-proton:dxgi_vk_swap_chain_recreate_swapchain_in_present_task: Failed to create swapchain, vr -1000000001.
lsfg-vk: something went wrong during lsfg-vk swapchain creation:
- vkCreateSwapchainKHR() failed (error -1000000001)
6386.722:03fc:06f0:err:vkd3d-proton:dxgi_vk_swap_chain_recreate_swapchain_in_present_task: Failed to create swapchain, vr -1000000001.
lsfg-vk: something went wrong during lsfg-vk swapchain creation:
- vkCreateSwapchainKHR() failed (error -1000000001)
6386.739:03fc:06f0:err:vkd3d-proton:dxgi_vk_swap_chain_recreate_swapchain_in_present_task: Failed to create swapchain, vr -1000000001.
lsfg-vk: something went wrong during lsfg-vk swapchain creation:
- vkCreateSwapchainKHR() failed (error -1000000001)
6386.756:03fc:06f0:err:vkd3d-proton:dxgi_vk_swap_chain_recreate_swapchain_in_present_task: Failed to create swapchain, vr -1000000001.
lsfg-vk: something went wrong during lsfg-vk swapchain creation:
- vkCreateSwapchainKHR() failed (error -1000000001)
6386.772:03fc:06f0:err:vkd3d-proton:dxgi_vk_swap_chain_recreate_swapchain_in_present_task: Failed to create swapchain, vr -1000000001.
lsfg-vk: something went wrong during lsfg-vk swapchain creation:
- vkCreateSwapchainKHR() failed (error -1000000001)
6386.789:03fc:06f0:err:vkd3d-proton:dxgi_vk_swap_chain_recreate_swapchain_in_present_task: Failed to create swapchain, vr -1000000001.
lsfg-vk: something went wrong during lsfg-vk swapchain creation:
- vkCreateSwapchainKHR() failed (error -1000000001)
6386.805:03fc:06f0:err:vkd3d-proton:dxgi_vk_swap_chain_recreate_swapchain_in_present_task: Failed to create swapchain, vr -1000000001.
lsfg-vk: something went wrong during lsfg-vk swapchain creation:
- vkCreateSwapchainKHR() failed (error -1000000001)
6386.823:03fc:06f0:err:vkd3d-proton:dxgi_vk_swap_chain_recreate_swapchain_in_present_task: Failed to create swapchain, vr -1000000001.
lsfg-vk: something went wrong during lsfg-vk swapchain creation:
- vkCreateSwapchainKHR() failed (error -1000000001)
6386.839:03fc:06f0:err:vkd3d-proton:dxgi_vk_swap_chain_recreate_swapchain_in_present_task: Failed to create swapchain, vr -1000000001.
lsfg-vk: something went wrong during lsfg-vk swapchain creation:
- vkCreateSwapchainKHR() failed (error -1000000001)
6386.856:03fc:06f0:err:vkd3d-proton:dxgi_vk_swap_chain_recreate_swapchain_in_present_task: Failed to create swapchain, vr -1000000001.
lsfg-vk: something went wrong during lsfg-vk swapchain creation:
- vkCreateSwapchainKHR() failed (error -1000000001)
6386.872:03fc:06f0:err:vkd3d-proton:dxgi_vk_swap_chain_recreate_swapchain_in_present_task: Failed to create swapchain, vr -1000000001.
lsfg-vk: something went wrong during lsfg-vk swapchain creation:
- vkCreateSwapchainKHR() failed (error -1000000001)
6386.889:03fc:06f0:err:vkd3d-proton:dxgi_vk_swap_chain_recreate_swapchain_in_present_task: Failed to create swapchain, vr -1000000001.
lsfg-vk: something went wrong during lsfg-vk swapchain creation:
- vkCreateSwapchainKHR() failed (error -1000000001)
6386.905:03fc:06f0:err:vkd3d-proton:dxgi_vk_swap_chain_recreate_swapchain_in_present_task: Failed to create swapchain, vr -1000000001.
lsfg-vk: something went wrong during lsfg-vk swapchain creation:
- vkCreateSwapchainKHR() failed (error -1000000001)
6386.922:03fc:06f0:err:vkd3d-proton:dxgi_vk_swap_chain_recreate_swapchain_in_present_task: Failed to create swapchain, vr -1000000001.
lsfg-vk: something went wrong during lsfg-vk swapchain creation:
- vkCreateSwapchainKHR() failed (error -1000000001)
6386.939:03fc:06f0:err:vkd3d-proton:dxgi_vk_swap_chain_recreate_swapchain_in_present_task: Failed to create swapchain, vr -1000000001.
lsfg-vk: something went wrong during lsfg-vk swapchain creation:
- vkCreateSwapchainKHR() failed (error -1000000001)
6386.956:03fc:06f0:err:vkd3d-proton:dxgi_vk_swap_chain_recreate_swapchain_in_present_task: Failed to create swapchain, vr -1000000001.
lsfg-vk: something went wrong during lsfg-vk swapchain creation:
- vkCreateSwapchainKHR() failed (error -1000000001)
6386.972:03fc:06f0:err:vkd3d-proton:dxgi_vk_swap_chain_recreate_swapchain_in_present_task: Failed to create swapchain, vr -1000000001.
lsfg-vk: something went wrong during lsfg-vk swapchain creation:
- vkCreateSwapchainKHR() failed (error -1000000001)
6386.989:03fc:06f0:err:vkd3d-proton:dxgi_vk_swap_chain_recreate_swapchain_in_present_task: Failed to create swapchain, vr -1000000001.
lsfg-vk: something went wrong during lsfg-vk swapchain creation:
- vkCreateSwapchainKHR() failed (error -1000000001)
6387.005:03fc:06f0:err:vkd3d-proton:dxgi_vk_swap_chain_recreate_swapchain_in_present_task: Failed to create swapchain, vr -1000000001.
071c:fixme:secur32:get_enabled_protocols handle TLS parameters
lsfg-vk: something went wrong during lsfg-vk swapchain creation:
- vkCreateSwapchainKHR() failed (error -1000000001)
6387.022:03fc:06f0:err:vkd3d-proton:dxgi_vk_swap_chain_recreate_swapchain_in_present_task: Failed to create swapchain, vr -1000000001.
lsfg-vk: something went wrong during lsfg-vk swapchain creation:
- vkCreateSwapchainKHR() failed (error -1000000001)
6387.039:03fc:06f0:err:vkd3d-proton:dxgi_vk_swap_chain_recreate_swapchain_in_present_task: Failed to create swapchain, vr -1000000001.
lsfg-vk: something went wrong during lsfg-vk swapchain creation:
- vkCreateSwapchainKHR() failed (error -1000000001)
6387.056:03fc:06f0:err:vkd3d-proton:dxgi_vk_swap_chain_recreate_swapchain_in_present_task: Failed to create swapchain, vr -1000000001.
lsfg-vk: something went wrong during lsfg-vk swapchain creation:
- vkCreateSwapchainKHR() failed (error -1000000001)
6387.072:03fc:06f0:err:vkd3d-proton:dxgi_vk_swap_chain_recreate_swapchain_in_present_task: Failed to create swapchain, vr -1000000001.
lsfg-vk: something went wrong during lsfg-vk swapchain creation:
- vkCreateSwapchainKHR() failed (error -1000000001)
6387.089:03fc:06f0:err:vkd3d-proton:dxgi_vk_swap_chain_recreate_swapchain_in_present_task: Failed to create swapchain, vr -1000000001.
lsfg-vk: something went wrong during lsfg-vk swapchain creation:
- vkCreateSwapchainKHR() failed (error -1000000001)
6387.106:03fc:06f0:err:vkd3d-proton:dxgi_vk_swap_chain_recreate_swapchain_in_present_task: Failed to create swapchain, vr -1000000001.
lsfg-vk: something went wrong during lsfg-vk swapchain creation:
- vkCreateSwapchainKHR() failed (error -1000000001)
6387.122:03fc:06f0:err:vkd3d-proton:dxgi_vk_swap_chain_recreate_swapchain_in_present_task: Failed to create swapchain, vr -1000000001.
lsfg-vk: something went wrong during lsfg-vk swapchain creation:
- vkCreateSwapchainKHR() failed (error -1000000001)
6387.139:03fc:06f0:err:vkd3d-proton:dxgi_vk_swap_chain_recreate_swapchain_in_present_task: Failed to create swapchain, vr -1000000001.
lsfg-vk: something went wrong during lsfg-vk swapchain creation:
- vkCreateSwapchainKHR() failed (error -1000000001)
6387.156:03fc:06f0:err:vkd3d-proton:dxgi_vk_swap_chain_recreate_swapchain_in_present_task: Failed to create swapchain, vr -1000000001.
lsfg-vk: something went wrong during lsfg-vk swapchain creation:
- vkCreateSwapchainKHR() failed (error -1000000001)
6387.172:03fc:06f0:err:vkd3d-proton:dxgi_vk_swap_chain_recreate_swapchain_in_present_task: Failed to create swapchain, vr -1000000001.
lsfg-vk: something went wrong during lsfg-vk swapchain creation:
- vkCreateSwapchainKHR() failed (error -1000000001)
6387.189:03fc:06f0:err:vkd3d-proton:dxgi_vk_swap_chain_recreate_swapchain_in_present_task: Failed to create swapchain, vr -1000000001.
lsfg-vk: something went wrong during lsfg-vk swapchain creation:
- vkCreateSwapchainKHR() failed (error -1000000001)
6387.210:03fc:06f0:err:vkd3d-proton:dxgi_vk_swap_chain_recreate_swapchain_in_present_task: Failed to create swapchain, vr -1000000001.
lsfg-vk: something went wrong during lsfg-vk swapchain creation:
- vkCreateSwapchainKHR() failed (error -1000000001)
6387.222:03fc:06f0:err:vkd3d-proton:dxgi_vk_swap_chain_recreate_swapchain_in_present_task: Failed to create swapchain, vr -1000000001.
lsfg-vk: something went wrong during lsfg-vk swapchain creation:
- vkCreateSwapchainKHR() failed (error -1000000001)
6387.239:03fc:06f0:err:vkd3d-proton:dxgi_vk_swap_chain_recreate_swapchain_in_present_task: Failed to create swapchain, vr -1000000001.
lsfg-vk: something went wrong during lsfg-vk swapchain creation:
- vkCreateSwapchainKHR() failed (error -1000000001)
6387.256:03fc:06f0:err:vkd3d-proton:dxgi_vk_swap_chain_recreate_swapchain_in_present_task: Failed to create swapchain, vr -1000000001.
lsfg-vk: something went wrong during lsfg-vk swapchain creation:
- vkCreateSwapchainKHR() failed (error -1000000001)
6387.272:03fc:06f0:err:vkd3d-proton:dxgi_vk_swap_chain_recreate_swapchain_in_present_task: Failed to create swapchain, vr -1000000001.
lsfg-vk: something went wrong during lsfg-vk swapchain creation:
- vkCreateSwapchainKHR() failed (error -1000000001)
6387.289:03fc:06f0:err:vkd3d-proton:dxgi_vk_swap_chain_recreate_swapchain_in_present_task: Failed to create swapchain, vr -1000000001.
lsfg-vk: something went wrong during lsfg-vk swapchain creation:
- vkCreateSwapchainKHR() failed (error -1000000001)
6387.305:03fc:06f0:err:vkd3d-proton:dxgi_vk_swap_chain_recreate_swapchain_in_present_task: Failed to create swapchain, vr -1000000001.
lsfg-vk: something went wrong during lsfg-vk swapchain creation:
- vkCreateSwapchainKHR() failed (error -1000000001)
6387.322:03fc:06f0:err:vkd3d-proton:dxgi_vk_swap_chain_recreate_swapchain_in_present_task: Failed to create swapchain, vr -1000000001.
lsfg-vk: something went wrong during lsfg-vk swapchain creation:
- vkCreateSwapchainKHR() failed (error -1000000001)
6387.339:03fc:06f0:err:vkd3d-proton:dxgi_vk_swap_chain_recreate_swapchain_in_present_task: Failed to create swapchain, vr -1000000001.
lsfg-vk: something went wrong during lsfg-vk swapchain creation:
- vkCreateSwapchainKHR() failed (error -1000000001)
6387.356:03fc:06f0:err:vkd3d-proton:dxgi_vk_swap_chain_recreate_swapchain_in_present_task: Failed to create swapchain, vr -1000000001.
lsfg-vk: something went wrong during lsfg-vk swapchain creation:
- vkCreateSwapchainKHR() failed (error -1000000001)
6387.372:03fc:06f0:err:vkd3d-proton:dxgi_vk_swap_chain_recreate_swapchain_in_present_task: Failed to create swapchain, vr -1000000001.
lsfg-vk: something went wrong during lsfg-vk swapchain creation:
- vkCreateSwapchainKHR() failed (error -1000000001)
6387.389:03fc:06f0:err:vkd3d-proton:dxgi_vk_swap_chain_recreate_swapchain_in_present_task: Failed to create swapchain, vr -1000000001.
071c:fixme:cryptasn:CryptDecodeObjectEx Unsupported decoder for lpszStructType 1.3.6.1.4.1.311.2.1.4
071c:fixme:cryptasn:CryptDecodeObjectEx Unsupported decoder for lpszStructType 1.3.6.1.4.1.311.2.1.4
lsfg-vk: something went wrong during lsfg-vk swapchain creation:
- vkCreateSwapchainKHR() failed (error -1000000001)
6387.406:03fc:06f0:err:vkd3d-proton:dxgi_vk_swap_chain_recreate_swapchain_in_present_task: Failed to create swapchain, vr -1000000001.
lsfg-vk: something went wrong during lsfg-vk swapchain creation:
- vkCreateSwapchainKHR() failed (error -1000000001)
6387.422:03fc:06f0:err:vkd3d-proton:dxgi_vk_swap_chain_recreate_swapchain_in_present_task: Failed to create swapchain, vr -1000000001.
lsfg-vk: something went wrong during lsfg-vk swapchain creation:
- vkCreateSwapchainKHR() failed (error -1000000001)
6387.439:03fc:06f0:err:vkd3d-proton:dxgi_vk_swap_chain_recreate_swapchain_in_present_task: Failed to create swapchain, vr -1000000001.
lsfg-vk: something went wrong during lsfg-vk swapchain creation:
- vkCreateSwapchainKHR() failed (error -1000000001)
6387.455:03fc:06f0:err:vkd3d-proton:dxgi_vk_swap_chain_recreate_swapchain_in_present_task: Failed to create swapchain, vr -1000000001.
lsfg-vk: something went wrong during lsfg-vk swapchain creation:
- vkCreateSwapchainKHR() failed (error -1000000001)
6387.472:03fc:06f0:err:vkd3d-proton:dxgi_vk_swap_chain_recreate_swapchain_in_present_task: Failed to create swapchain, vr -1000000001.
lsfg-vk: something went wrong during lsfg-vk swapchain creation:
- vkCreateSwapchainKHR() failed (error -1000000001)
6387.489:03fc:06f0:err:vkd3d-proton:dxgi_vk_swap_chain_recreate_swapchain_in_present_task: Failed to create swapchain, vr -1000000001.
lsfg-vk: something went wrong during lsfg-vk swapchain creation:
- vkCreateSwapchainKHR() failed (error -1000000001)
6387.505:03fc:06f0:err:vkd3d-proton:dxgi_vk_swap_chain_recreate_swapchain_in_present_task: Failed to create swapchain, vr -1000000001.
lsfg-vk: something went wrong during lsfg-vk swapchain creation:
- vkCreateSwapchainKHR() failed (error -1000000001)
6387.522:03fc:06f0:err:vkd3d-proton:dxgi_vk_swap_chain_recreate_swapchain_in_present_task: Failed to create swapchain, vr -1000000001.
lsfg-vk: something went wrong during lsfg-vk swapchain creation:
- vkCreateSwapchainKHR() failed (error -1000000001)
6387.539:03fc:06f0:err:vkd3d-proton:dxgi_vk_swap_chain_recreate_swapchain_in_present_task: Failed to create swapchain, vr -1000000001.
lsfg-vk: something went wrong during lsfg-vk swapchain creation:
- vkCreateSwapchainKHR() failed (error -1000000001)
6387.556:03fc:06f0:err:vkd3d-proton:dxgi_vk_swap_chain_recreate_swapchain_in_present_task: Failed to create swapchain, vr -1000000001.
lsfg-vk: something went wrong during lsfg-vk swapchain creation:
- vkCreateSwapchainKHR() failed (error -1000000001)
6387.572:03fc:06f0:err:vkd3d-proton:dxgi_vk_swap_chain_recreate_swapchain_in_present_task: Failed to create swapchain, vr -1000000001.
lsfg-vk: something went wrong during lsfg-vk swapchain creation:
- vkCreateSwapchainKHR() failed (error -1000000001)
6387.589:03fc:06f0:err:vkd3d-proton:dxgi_vk_swap_chain_recreate_swapchain_in_present_task: Failed to create swapchain, vr -1000000001.
lsfg-vk: something went wrong during lsfg-vk swapchain creation:
- vkCreateSwapchainKHR() failed (error -1000000001)
6387.606:03fc:06f0:err:vkd3d-proton:dxgi_vk_swap_chain_recreate_swapchain_in_present_task: Failed to create swapchain, vr -1000000001.
lsfg-vk: something went wrong during lsfg-vk swapchain creation:
- vkCreateSwapchainKHR() failed (error -1000000001)
6387.622:03fc:06f0:err:vkd3d-proton:dxgi_vk_swap_chain_recreate_swapchain_in_present_task: Failed to create swapchain, vr -1000000001.
lsfg-vk: something went wrong during lsfg-vk swapchain creation:
- vkCreateSwapchainKHR() failed (error -1000000001)
6387.639:03fc:06f0:err:vkd3d-proton:dxgi_vk_swap_chain_recreate_swapchain_in_present_task: Failed to create swapchain, vr -1000000001.
lsfg-vk: something went wrong during lsfg-vk swapchain creation:
- vkCreateSwapchainKHR() failed (error -1000000001)
6387.656:03fc:06f0:err:vkd3d-proton:dxgi_vk_swap_chain_recreate_swapchain_in_present_task: Failed to create swapchain, vr -1000000001.
lsfg-vk: something went wrong during lsfg-vk swapchain creation:
- vkCreateSwapchainKHR() failed (error -1000000001)
6387.672:03fc:06f0:err:vkd3d-proton:dxgi_vk_swap_chain_recreate_swapchain_in_present_task: Failed to create swapchain, vr -1000000001.
lsfg-vk: something went wrong during lsfg-vk swapchain creation:
- vkCreateSwapchainKHR() failed (error -1000000001)
6387.690:03fc:06f0:err:vkd3d-proton:dxgi_vk_swap_chain_recreate_swapchain_in_present_task: Failed to create swapchain, vr -1000000001.
lsfg-vk: something went wrong during lsfg-vk swapchain creation:
- vkCreateSwapchainKHR() failed (error -1000000001)
6387.706:03fc:06f0:err:vkd3d-proton:dxgi_vk_swap_chain_recreate_swapchain_in_present_task: Failed to create swapchain, vr -1000000001.
lsfg-vk: something went wrong during lsfg-vk swapchain creation:
- vkCreateSwapchainKHR() failed (error -1000000001)
6387.722:03fc:06f0:err:vkd3d-proton:dxgi_vk_swap_chain_recreate_swapchain_in_present_task: Failed to create swapchain, vr -1000000001.
lsfg-vk: something went wrong during lsfg-vk swapchain creation:
- vkCreateSwapchainKHR() failed (error -1000000001)
6387.739:03fc:06f0:err:vkd3d-proton:dxgi_vk_swap_chain_recreate_swapchain_in_present_task: Failed to create swapchain, vr -1000000001.
lsfg-vk: something went wrong during lsfg-vk swapchain creation:
- vkCreateSwapchainKHR() failed (error -1000000001)
6387.755:03fc:06f0:err:vkd3d-proton:dxgi_vk_swap_chain_recreate_swapchain_in_present_task: Failed to create swapchain, vr -1000000001.
lsfg-vk: something went wrong during lsfg-vk swapchain creation:
- vkCreateSwapchainKHR() failed (error -1000000001)
6387.772:03fc:06f0:err:vkd3d-proton:dxgi_vk_swap_chain_recreate_swapchain_in_present_task: Failed to create swapchain, vr -1000000001.
lsfg-vk: something went wrong during lsfg-vk swapchain creation:
- vkCreateSwapchainKHR() failed (error -1000000001)
6387.789:03fc:06f0:err:vkd3d-proton:dxgi_vk_swap_chain_recreate_swapchain_in_present_task: Failed to create swapchain, vr -1000000001.
lsfg-vk: something went wrong during lsfg-vk swapchain creation:
- vkCreateSwapchainKHR() failed (error -1000000001)
6387.806:03fc:06f0:err:vkd3d-proton:dxgi_vk_swap_chain_recreate_swapchain_in_present_task: Failed to create swapchain, vr -1000000001.
lsfg-vk: something went wrong during lsfg-vk swapchain creation:
- vkCreateSwapchainKHR() failed (error -1000000001)
6387.822:03fc:06f0:err:vkd3d-proton:dxgi_vk_swap_chain_recreate_swapchain_in_present_task: Failed to create swapchain, vr -1000000001.
lsfg-vk: something went wrong during lsfg-vk swapchain creation:
- vkCreateSwapchainKHR() failed (error -1000000001)
6387.839:03fc:06f0:err:vkd3d-proton:dxgi_vk_swap_chain_recreate_swapchain_in_present_task: Failed to create swapchain, vr -1000000001.
lsfg-vk: something went wrong during lsfg-vk swapchain creation:
- vkCreateSwapchainKHR() failed (error -1000000001)
6387.856:03fc:06f0:err:vkd3d-proton:dxgi_vk_swap_chain_recreate_swapchain_in_present_task: Failed to create swapchain, vr -1000000001.
lsfg-vk: something went wrong during lsfg-vk swapchain creation:
- vkCreateSwapchainKHR() failed (error -1000000001)
6387.872:03fc:06f0:err:vkd3d-proton:dxgi_vk_swap_chain_recreate_swapchain_in_present_task: Failed to create swapchain, vr -1000000001.
lsfg-vk: something went wrong during lsfg-vk swapchain creation:
- vkCreateSwapchainKHR() failed (error -1000000001)
6387.889:03fc:06f0:err:vkd3d-proton:dxgi_vk_swap_chain_recreate_swapchain_in_present_task: Failed to create swapchain, vr -1000000001.
lsfg-vk: something went wrong during lsfg-vk swapchain creation:
- vkCreateSwapchainKHR() failed (error -1000000001)
6387.905:03fc:06f0:err:vkd3d-proton:dxgi_vk_swap_chain_recreate_swapchain_in_present_task: Failed to create swapchain, vr -1000000001.
lsfg-vk: something went wrong during lsfg-vk swapchain creation:
- vkCreateSwapchainKHR() failed (error -1000000001)
6387.922:03fc:06f0:err:vkd3d-proton:dxgi_vk_swap_chain_recreate_swapchain_in_present_task: Failed to create swapchain, vr -1000000001.
lsfg-vk: something went wrong during lsfg-vk swapchain creation:
- vkCreateSwapchainKHR() failed (error -1000000001)
6387.939:03fc:06f0:err:vkd3d-proton:dxgi_vk_swap_chain_recreate_swapchain_in_present_task: Failed to create swapchain, vr -1000000001.
lsfg-vk: something went wrong during lsfg-vk swapchain creation:
- vkCreateSwapchainKHR() failed (error -1000000001)
6387.956:03fc:06f0:err:vkd3d-proton:dxgi_vk_swap_chain_recreate_swapchain_in_present_task: Failed to create swapchain, vr -1000000001.
lsfg-vk: something went wrong during lsfg-vk swapchain creation:
- vkCreateSwapchainKHR() failed (error -1000000001)
6387.972:03fc:06f0:err:vkd3d-proton:dxgi_vk_swap_chain_recreate_swapchain_in_present_task: Failed to create swapchain, vr -1000000001.
lsfg-vk: something went wrong during lsfg-vk swapchain creation:
- vkCreateSwapchainKHR() failed (error -1000000001)
6387.989:03fc:06f0:err:vkd3d-proton:dxgi_vk_swap_chain_recreate_swapchain_in_present_task: Failed to create swapchain, vr -1000000001.
lsfg-vk: something went wrong during lsfg-vk swapchain creation:
- vkCreateSwapchainKHR() failed (error -1000000001)
6388.006:03fc:06f0:err:vkd3d-proton:dxgi_vk_swap_chain_recreate_swapchain_in_present_task: Failed to create swapchain, vr -1000000001.
lsfg-vk: something went wrong during lsfg-vk swapchain creation:
- vkCreateSwapchainKHR() failed (error -1000000001)
6388.022:03fc:06f0:err:vkd3d-proton:dxgi_vk_swap_chain_recreate_swapchain_in_present_task: Failed to create swapchain, vr -1000000001.
lsfg-vk: something went wrong during lsfg-vk swapchain creation:
- vkCreateSwapchainKHR() failed (error -1000000001)
6388.039:03fc:06f0:err:vkd3d-proton:dxgi_vk_swap_chain_recreate_swapchain_in_present_task: Failed to create swapchain, vr -1000000001.
lsfg-vk: something went wrong during lsfg-vk swapchain creation:
- vkCreateSwapchainKHR() failed (error -1000000001)
6388.056:03fc:06f0:err:vkd3d-proton:dxgi_vk_swap_chain_recreate_swapchain_in_present_task: Failed to create swapchain, vr -1000000001.
lsfg-vk: something went wrong during lsfg-vk swapchain creation:
- vkCreateSwapchainKHR() failed (error -1000000001)
6388.073:03fc:06f0:err:vkd3d-proton:dxgi_vk_swap_chain_recreate_swapchain_in_present_task: Failed to create swapchain, vr -1000000001.
lsfg-vk: something went wrong during lsfg-vk swapchain creation:
- vkCreateSwapchainKHR() failed (error -1000000001)
6388.090:03fc:06f0:err:vkd3d-proton:dxgi_vk_swap_chain_recreate_swapchain_in_present_task: Failed to create swapchain, vr -1000000001.
lsfg-vk: something went wrong during lsfg-vk swapchain creation:
- vkCreateSwapchainKHR() failed (error -1000000001)
6388.106:03fc:06f0:err:vkd3d-proton:dxgi_vk_swap_chain_recreate_swapchain_in_present_task: Failed to create swapchain, vr -1000000001.
lsfg-vk: something went wrong during lsfg-vk swapchain creation:
- vkCreateSwapchainKHR() failed (error -1000000001)
6388.122:03fc:06f0:err:vkd3d-proton:dxgi_vk_swap_chain_recreate_swapchain_in_present_task: Failed to create swapchain, vr -1000000001.
lsfg-vk: something went wrong during lsfg-vk swapchain creation:
- vkCreateSwapchainKHR() failed (error -1000000001)
6388.139:03fc:06f0:err:vkd3d-proton:dxgi_vk_swap_chain_recreate_swapchain_in_present_task: Failed to create swapchain, vr -1000000001.
lsfg-vk: something went wrong during lsfg-vk swapchain creation:
- vkCreateSwapchainKHR() failed (error -1000000001)
6388.156:03fc:06f0:err:vkd3d-proton:dxgi_vk_swap_chain_recreate_swapchain_in_present_task: Failed to create swapchain, vr -1000000001.
lsfg-vk: something went wrong during lsfg-vk swapchain creation:
- vkCreateSwapchainKHR() failed (error -1000000001)
6388.172:03fc:06f0:err:vkd3d-proton:dxgi_vk_swap_chain_recreate_swapchain_in_present_task: Failed to create swapchain, vr -1000000001.
lsfg-vk: something went wrong during lsfg-vk swapchain creation:
- vkCreateSwapchainKHR() failed (error -1000000001)
6388.189:03fc:06f0:err:vkd3d-proton:dxgi_vk_swap_chain_recreate_swapchain_in_present_task: Failed to create swapchain, vr -1000000001.
lsfg-vk: something went wrong during lsfg-vk swapchain creation:
- vkCreateSwapchainKHR() failed (error -1000000001)
6388.206:03fc:06f0:err:vkd3d-proton:dxgi_vk_swap_chain_recreate_swapchain_in_present_task: Failed to create swapchain, vr -1000000001.
lsfg-vk: something went wrong during lsfg-vk swapchain creation:
- vkCreateSwapchainKHR() failed (error -1000000001)
6388.222:03fc:06f0:err:vkd3d-proton:dxgi_vk_swap_chain_recreate_swapchain_in_present_task: Failed to create swapchain, vr -1000000001.
lsfg-vk: something went wrong during lsfg-vk swapchain creation:
- vkCreateSwapchainKHR() failed (error -1000000001)
6388.239:03fc:06f0:err:vkd3d-proton:dxgi_vk_swap_chain_recreate_swapchain_in_present_task: Failed to create swapchain, vr -1000000001.
lsfg-vk: something went wrong during lsfg-vk swapchain creation:
- vkCreateSwapchainKHR() failed (error -1000000001)
6388.257:03fc:06f0:err:vkd3d-proton:dxgi_vk_swap_chain_recreate_swapchain_in_present_task: Failed to create swapchain, vr -1000000001.
lsfg-vk: something went wrong during lsfg-vk swapchain creation:
- vkCreateSwapchainKHR() failed (error -1000000001)
6388.272:03fc:06f0:err:vkd3d-proton:dxgi_vk_swap_chain_recreate_swapchain_in_present_task: Failed to create swapchain, vr -1000000001.
lsfg-vk: something went wrong during lsfg-vk swapchain creation:
- vkCreateSwapchainKHR() failed (error -1000000001)
6388.289:03fc:06f0:err:vkd3d-proton:dxgi_vk_swap_chain_recreate_swapchain_in_present_task: Failed to create swapchain, vr -1000000001.
lsfg-vk: something went wrong during lsfg-vk swapchain creation:
- vkCreateSwapchainKHR() failed (error -1000000001)
6388.306:03fc:06f0:err:vkd3d-proton:dxgi_vk_swap_chain_recreate_swapchain_in_present_task: Failed to create swapchain, vr -1000000001.
lsfg-vk: something went wrong during lsfg-vk swapchain creation:
- vkCreateSwapchainKHR() failed (error -1000000001)
6388.322:03fc:06f0:err:vkd3d-proton:dxgi_vk_swap_chain_recreate_swapchain_in_present_task: Failed to create swapchain, vr -1000000001.
lsfg-vk: something went wrong during lsfg-vk swapchain creation:
- vkCreateSwapchainKHR() failed (error -1000000001)
6388.339:03fc:06f0:err:vkd3d-proton:dxgi_vk_swap_chain_recreate_swapchain_in_present_task: Failed to create swapchain, vr -1000000001.
lsfg-vk: something went wrong during lsfg-vk swapchain creation:
- vkCreateSwapchainKHR() failed (error -1000000001)
6388.356:03fc:06f0:err:vkd3d-proton:dxgi_vk_swap_chain_recreate_swapchain_in_present_task: Failed to create swapchain, vr -1000000001.
lsfg-vk: something went wrong during lsfg-vk swapchain creation:
- vkCreateSwapchainKHR() failed (error -1000000001)
6388.372:03fc:06f0:err:vkd3d-proton:dxgi_vk_swap_chain_recreate_swapchain_in_present_task: Failed to create swapchain, vr -1000000001.
lsfg-vk: something went wrong during lsfg-vk swapchain creation:
- vkCreateSwapchainKHR() failed (error -1000000001)
6388.389:03fc:06f0:err:vkd3d-proton:dxgi_vk_swap_chain_recreate_swapchain_in_present_task: Failed to create swapchain, vr -1000000001.
lsfg-vk: something went wrong during lsfg-vk swapchain creation:
- vkCreateSwapchainKHR() failed (error -1000000001)
6388.406:03fc:06f0:err:vkd3d-proton:dxgi_vk_swap_chain_recreate_swapchain_in_present_task: Failed to create swapchain, vr -1000000001.
lsfg-vk: something went wrong during lsfg-vk swapchain creation:
- vkCreateSwapchainKHR() failed (error -1000000001)
6388.422:03fc:06f0:err:vkd3d-proton:dxgi_vk_swap_chain_recreate_swapchain_in_present_task: Failed to create swapchain, vr -1000000001.
lsfg-vk: something went wrong during lsfg-vk swapchain creation:
- vkCreateSwapchainKHR() failed (error -1000000001)
6388.439:03fc:06f0:err:vkd3d-proton:dxgi_vk_swap_chain_recreate_swapchain_in_present_task: Failed to create swapchain, vr -1000000001.
lsfg-vk: something went wrong during lsfg-vk swapchain creation:
- vkCreateSwapchainKHR() failed (error -1000000001)
6388.456:03fc:06f0:err:vkd3d-proton:dxgi_vk_swap_chain_recreate_swapchain_in_present_task: Failed to create swapchain, vr -1000000001.
Qt: Untested Windows version 10.0 detected!
lsfg-vk: something went wrong during lsfg-vk swapchain creation:
- vkCreateSwapchainKHR() failed (error -1000000001)
6388.472:03fc:06f0:err:vkd3d-proton:dxgi_vk_swap_chain_recreate_swapchain_in_present_task: Failed to create swapchain, vr -1000000001.
lsfg-vk: something went wrong during lsfg-vk swapchain creation:
- vkCreateSwapchainKHR() failed (error -1000000001)
6388.492:03fc:06f0:err:vkd3d-proton:dxgi_vk_swap_chain_recreate_swapchain_in_present_task: Failed to create swapchain, vr -1000000001.
lsfg-vk: something went wrong during lsfg-vk swapchain creation:
- vkCreateSwapchainKHR() failed (error -1000000001)
6388.513:03fc:06f0:err:vkd3d-proton:dxgi_vk_swap_chain_recreate_swapchain_in_present_task: Failed to create swapchain, vr -1000000001.
lsfg-vk: something went wrong during lsfg-vk swapchain creation:
- vkCreateSwapchainKHR() failed (error -1000000001)
6388.526:03fc:06f0:err:vkd3d-proton:dxgi_vk_swap_chain_recreate_swapchain_in_present_task: Failed to create swapchain, vr -1000000001.
lsfg-vk: something went wrong during lsfg-vk swapchain creation:
- vkCreateSwapchainKHR() failed (error -1000000001)
6388.543:03fc:06f0:err:vkd3d-proton:dxgi_vk_swap_chain_recreate_swapchain_in_present_task: Failed to create swapchain, vr -1000000001.
lsfg-vk: something went wrong during lsfg-vk swapchain creation:
- vkCreateSwapchainKHR() failed (error -1000000001)
6388.558:03fc:06f0:err:vkd3d-proton:dxgi_vk_swap_chain_recreate_swapchain_in_present_task: Failed to create swapchain, vr -1000000001.
lsfg-vk: something went wrong during lsfg-vk swapchain creation:
- vkCreateSwapchainKHR() failed (error -1000000001)
6388.590:03fc:06f0:err:vkd3d-proton:dxgi_vk_swap_chain_recreate_swapchain_in_present_task: Failed to create swapchain, vr -1000000001.
lsfg-vk: something went wrong during lsfg-vk swapchain creation:
- vkCreateSwapchainKHR() failed (error -1000000001)
6388.616:03fc:06f0:err:vkd3d-proton:dxgi_vk_swap_chain_recreate_swapchain_in_present_task: Failed to create swapchain, vr -1000000001.
lsfg-vk: something went wrong during lsfg-vk swapchain creation:
- vkCreateSwapchainKHR() failed (error -1000000001)
6388.619:03fc:06f0:err:vkd3d-proton:dxgi_vk_swap_chain_recreate_swapchain_in_present_task: Failed to create swapchain, vr -1000000001.
lsfg-vk: something went wrong during lsfg-vk swapchain creation:
- vkCreateSwapchainKHR() failed (error -1000000001)
6388.629:03fc:06f0:err:vkd3d-proton:dxgi_vk_swap_chain_recreate_swapchain_in_present_task: Failed to create swapchain, vr -1000000001.
lsfg-vk: something went wrong during lsfg-vk swapchain creation:
- vkCreateSwapchainKHR() failed (error -1000000001)
6388.642:03fc:06f0:err:vkd3d-proton:dxgi_vk_swap_chain_recreate_swapchain_in_present_task: Failed to create swapchain, vr -1000000001.
lsfg-vk: something went wrong during lsfg-vk swapchain creation:
- vkCreateSwapchainKHR() failed (error -1000000001)
6388.657:03fc:06f0:err:vkd3d-proton:dxgi_vk_swap_chain_recreate_swapchain_in_present_task: Failed to create swapchain, vr -1000000001.
lsfg-vk: something went wrong during lsfg-vk swapchain creation:
- vkCreateSwapchainKHR() failed (error -1000000001)
6388.674:03fc:06f0:err:vkd3d-proton:dxgi_vk_swap_chain_recreate_swapchain_in_present_task: Failed to create swapchain, vr -1000000001.
lsfg-vk: something went wrong during lsfg-vk swapchain creation:
- vkCreateSwapchainKHR() failed (error -1000000001)
6388.690:03fc:06f0:err:vkd3d-proton:dxgi_vk_swap_chain_recreate_swapchain_in_present_task: Failed to create swapchain, vr -1000000001.
lsfg-vk: something went wrong during lsfg-vk swapchain creation:
- vkCreateSwapchainKHR() failed (error -1000000001)
6388.707:03fc:06f0:err:vkd3d-proton:dxgi_vk_swap_chain_recreate_swapchain_in_present_task: Failed to create swapchain, vr -1000000001.
lsfg-vk: something went wrong during lsfg-vk swapchain creation:
- vkCreateSwapchainKHR() failed (error -1000000001)
6388.723:03fc:06f0:err:vkd3d-proton:dxgi_vk_swap_chain_recreate_swapchain_in_present_task: Failed to create swapchain, vr -1000000001.
lsfg-vk: something went wrong during lsfg-vk swapchain creation:
- vkCreateSwapchainKHR() failed (error -1000000001)
6388.740:03fc:06f0:err:vkd3d-proton:dxgi_vk_swap_chain_recreate_swapchain_in_present_task: Failed to create swapchain, vr -1000000001.
lsfg-vk: something went wrong during lsfg-vk swapchain creation:
- vkCreateSwapchainKHR() failed (error -1000000001)
6388.758:03fc:06f0:err:vkd3d-proton:dxgi_vk_swap_chain_recreate_swapchain_in_present_task: Failed to create swapchain, vr -1000000001.
lsfg-vk: something went wrong during lsfg-vk swapchain creation:
- vkCreateSwapchainKHR() failed (error -1000000001)
6388.773:03fc:06f0:err:vkd3d-proton:dxgi_vk_swap_chain_recreate_swapchain_in_present_task: Failed to create swapchain, vr -1000000001.
lsfg-vk: something went wrong during lsfg-vk swapchain creation:
- vkCreateSwapchainKHR() failed (error -1000000001)
6388.789:03fc:06f0:err:vkd3d-proton:dxgi_vk_swap_chain_recreate_swapchain_in_present_task: Failed to create swapchain, vr -1000000001.
lsfg-vk: something went wrong during lsfg-vk swapchain creation:
- vkCreateSwapchainKHR() failed (error -1000000001)
6388.806:03fc:06f0:err:vkd3d-proton:dxgi_vk_swap_chain_recreate_swapchain_in_present_task: Failed to create swapchain, vr -1000000001.
lsfg-vk: something went wrong during lsfg-vk swapchain creation:
- vkCreateSwapchainKHR() failed (error -1000000001)
6388.822:03fc:06f0:err:vkd3d-proton:dxgi_vk_swap_chain_recreate_swapchain_in_present_task: Failed to create swapchain, vr -1000000001.
lsfg-vk: something went wrong during lsfg-vk swapchain creation:
- vkCreateSwapchainKHR() failed (error -1000000001)
6388.839:03fc:06f0:err:vkd3d-proton:dxgi_vk_swap_chain_recreate_swapchain_in_present_task: Failed to create swapchain, vr -1000000001.
lsfg-vk: something went wrong during lsfg-vk swapchain creation:
- vkCreateSwapchainKHR() failed (error -1000000001)
6388.856:03fc:06f0:err:vkd3d-proton:dxgi_vk_swap_chain_recreate_swapchain_in_present_task: Failed to create swapchain, vr -1000000001.
lsfg-vk: something went wrong during lsfg-vk swapchain creation:
- vkCreateSwapchainKHR() failed (error -1000000001)
6388.873:03fc:06f0:err:vkd3d-proton:dxgi_vk_swap_chain_recreate_swapchain_in_present_task: Failed to create swapchain, vr -1000000001.
lsfg-vk: something went wrong during lsfg-vk swapchain creation:
- vkCreateSwapchainKHR() failed (error -1000000001)
6388.890:03fc:06f0:err:vkd3d-proton:dxgi_vk_swap_chain_recreate_swapchain_in_present_task: Failed to create swapchain, vr -1000000001.
lsfg-vk: something went wrong during lsfg-vk swapchain creation:
- vkCreateSwapchainKHR() failed (error -1000000001)
6388.907:03fc:06f0:err:vkd3d-proton:dxgi_vk_swap_chain_recreate_swapchain_in_present_task: Failed to create swapchain, vr -1000000001.
lsfg-vk: something went wrong during lsfg-vk swapchain creation:
- vkCreateSwapchainKHR() failed (error -1000000001)
6388.924:03fc:06f0:err:vkd3d-proton:dxgi_vk_swap_chain_recreate_swapchain_in_present_task: Failed to create swapchain, vr -1000000001.
lsfg-vk: something went wrong during lsfg-vk swapchain creation:
- vkCreateSwapchainKHR() failed (error -1000000001)
6388.939:03fc:06f0:err:vkd3d-proton:dxgi_vk_swap_chain_recreate_swapchain_in_present_task: Failed to create swapchain, vr -1000000001.
lsfg-vk: something went wrong during lsfg-vk swapchain creation:
- vkCreateSwapchainKHR() failed (error -1000000001)
6388.956:03fc:06f0:err:vkd3d-proton:dxgi_vk_swap_chain_recreate_swapchain_in_present_task: Failed to create swapchain, vr -1000000001.
lsfg-vk: something went wrong during lsfg-vk swapchain creation:
- vkCreateSwapchainKHR() failed (error -1000000001)
6388.973:03fc:06f0:err:vkd3d-proton:dxgi_vk_swap_chain_recreate_swapchain_in_present_task: Failed to create swapchain, vr -1000000001.
lsfg-vk: something went wrong during lsfg-vk swapchain creation:
- vkCreateSwapchainKHR() failed (error -1000000001)
6388.990:03fc:06f0:err:vkd3d-proton:dxgi_vk_swap_chain_recreate_swapchain_in_present_task: Failed to create swapchain, vr -1000000001.
lsfg-vk: something went wrong during lsfg-vk swapchain creation:
- vkCreateSwapchainKHR() failed (error -1000000001)
6389.007:03fc:06f0:err:vkd3d-proton:dxgi_vk_swap_chain_recreate_swapchain_in_present_task: Failed to create swapchain, vr -1000000001.
lsfg-vk: something went wrong during lsfg-vk swapchain creation:
- vkCreateSwapchainKHR() failed (error -1000000001)
6389.023:03fc:06f0:err:vkd3d-proton:dxgi_vk_swap_chain_recreate_swapchain_in_present_task: Failed to create swapchain, vr -1000000001.
lsfg-vk: something went wrong during lsfg-vk swapchain creation:
- vkCreateSwapchainKHR() failed (error -1000000001)
6389.040:03fc:06f0:err:vkd3d-proton:dxgi_vk_swap_chain_recreate_swapchain_in_present_task: Failed to create swapchain, vr -1000000001.
lsfg-vk: something went wrong during lsfg-vk swapchain creation:
- vkCreateSwapchainKHR() failed (error -1000000001)
6389.057:03fc:06f0:err:vkd3d-proton:dxgi_vk_swap_chain_recreate_swapchain_in_present_task: Failed to create swapchain, vr -1000000001.
lsfg-vk: something went wrong during lsfg-vk swapchain creation:
- vkCreateSwapchainKHR() failed (error -1000000001)
6389.073:03fc:06f0:err:vkd3d-proton:dxgi_vk_swap_chain_recreate_swapchain_in_present_task: Failed to create swapchain, vr -1000000001.
lsfg-vk: something went wrong during lsfg-vk swapchain creation:
- vkCreateSwapchainKHR() failed (error -1000000001)
6389.090:03fc:06f0:err:vkd3d-proton:dxgi_vk_swap_chain_recreate_swapchain_in_present_task: Failed to create swapchain, vr -1000000001.
lsfg-vk: something went wrong during lsfg-vk swapchain creation:
- vkCreateSwapchainKHR() failed (error -1000000001)
6389.106:03fc:06f0:err:vkd3d-proton:dxgi_vk_swap_chain_recreate_swapchain_in_present_task: Failed to create swapchain, vr -1000000001.
lsfg-vk: something went wrong during lsfg-vk swapchain creation:
- vkCreateSwapchainKHR() failed (error -1000000001)
6389.123:03fc:06f0:err:vkd3d-proton:dxgi_vk_swap_chain_recreate_swapchain_in_present_task: Failed to create swapchain, vr -1000000001.
lsfg-vk: something went wrong during lsfg-vk swapchain creation:
- vkCreateSwapchainKHR() failed (error -1000000001)
6389.140:03fc:06f0:err:vkd3d-proton:dxgi_vk_swap_chain_recreate_swapchain_in_present_task: Failed to create swapchain, vr -1000000001.
lsfg-vk: something went wrong during lsfg-vk swapchain creation:
- vkCreateSwapchainKHR() failed (error -1000000001)
6389.157:03fc:06f0:err:vkd3d-proton:dxgi_vk_swap_chain_recreate_swapchain_in_present_task: Failed to create swapchain, vr -1000000001.
lsfg-vk: something went wrong during lsfg-vk swapchain creation:
- vkCreateSwapchainKHR() failed (error -1000000001)
6389.174:03fc:06f0:err:vkd3d-proton:dxgi_vk_swap_chain_recreate_swapchain_in_present_task: Failed to create swapchain, vr -1000000001.
lsfg-vk: something went wrong during lsfg-vk swapchain creation:
- vkCreateSwapchainKHR() failed (error -1000000001)
6389.190:03fc:06f0:err:vkd3d-proton:dxgi_vk_swap_chain_recreate_swapchain_in_present_task: Failed to create swapchain, vr -1000000001.
lsfg-vk: something went wrong during lsfg-vk swapchain creation:
- vkCreateSwapchainKHR() failed (error -1000000001)
6389.206:03fc:06f0:err:vkd3d-proton:dxgi_vk_swap_chain_recreate_swapchain_in_present_task: Failed to create swapchain, vr -1000000001.
lsfg-vk: something went wrong during lsfg-vk swapchain creation:
- vkCreateSwapchainKHR() failed (error -1000000001)
6389.222:03fc:06f0:err:vkd3d-proton:dxgi_vk_swap_chain_recreate_swapchain_in_present_task: Failed to create swapchain, vr -1000000001.
lsfg-vk: something went wrong during lsfg-vk swapchain creation:
- vkCreateSwapchainKHR() failed (error -1000000001)
6389.239:03fc:06f0:err:vkd3d-proton:dxgi_vk_swap_chain_recreate_swapchain_in_present_task: Failed to create swapchain, vr -1000000001.
lsfg-vk: something went wrong during lsfg-vk swapchain creation:
- vkCreateSwapchainKHR() failed (error -1000000001)
6389.256:03fc:06f0:err:vkd3d-proton:dxgi_vk_swap_chain_recreate_swapchain_in_present_task: Failed to create swapchain, vr -1000000001.
lsfg-vk: something went wrong during lsfg-vk swapchain creation:
- vkCreateSwapchainKHR() failed (error -1000000001)
6389.272:03fc:06f0:err:vkd3d-proton:dxgi_vk_swap_chain_recreate_swapchain_in_present_task: Failed to create swapchain, vr -1000000001.
lsfg-vk: something went wrong during lsfg-vk swapchain creation:
- vkCreateSwapchainKHR() failed (error -1000000001)
6389.289:03fc:06f0:err:vkd3d-proton:dxgi_vk_swap_chain_recreate_swapchain_in_present_task: Failed to create swapchain, vr -1000000001.
lsfg-vk: something went wrong during lsfg-vk swapchain creation:
- vkCreateSwapchainKHR() failed (error -1000000001)
6389.305:03fc:06f0:err:vkd3d-proton:dxgi_vk_swap_chain_recreate_swapchain_in_present_task: Failed to create swapchain, vr -1000000001.
lsfg-vk: something went wrong during lsfg-vk swapchain creation:
- vkCreateSwapchainKHR() failed (error -1000000001)
6389.322:03fc:06f0:err:vkd3d-proton:dxgi_vk_swap_chain_recreate_swapchain_in_present_task: Failed to create swapchain, vr -1000000001.
lsfg-vk: something went wrong during lsfg-vk swapchain creation:
- vkCreateSwapchainKHR() failed (error -1000000001)
6389.339:03fc:06f0:err:vkd3d-proton:dxgi_vk_swap_chain_recreate_swapchain_in_present_task: Failed to create swapchain, vr -1000000001.
lsfg-vk: something went wrong during lsfg-vk swapchain creation:
- vkCreateSwapchainKHR() failed (error -1000000001)
6389.355:03fc:06f0:err:vkd3d-proton:dxgi_vk_swap_chain_recreate_swapchain_in_present_task: Failed to create swapchain, vr -1000000001.
lsfg-vk: something went wrong during lsfg-vk swapchain creation:
- vkCreateSwapchainKHR() failed (error -1000000001)
6389.372:03fc:06f0:err:vkd3d-proton:dxgi_vk_swap_chain_recreate_swapchain_in_present_task: Failed to create swapchain, vr -1000000001.
lsfg-vk: something went wrong during lsfg-vk swapchain creation:
- vkCreateSwapchainKHR() failed (error -1000000001)
6389.389:03fc:06f0:err:vkd3d-proton:dxgi_vk_swap_chain_recreate_swapchain_in_present_task: Failed to create swapchain, vr -1000000001.
lsfg-vk: something went wrong during lsfg-vk swapchain creation:
- vkCreateSwapchainKHR() failed (error -1000000001)
6389.405:03fc:06f0:err:vkd3d-proton:dxgi_vk_swap_chain_recreate_swapchain_in_present_task: Failed to create swapchain, vr -1000000001.
lsfg-vk: something went wrong during lsfg-vk swapchain creation:
- vkCreateSwapchainKHR() failed (error -1000000001)
6389.422:03fc:06f0:err:vkd3d-proton:dxgi_vk_swap_chain_recreate_swapchain_in_present_task: Failed to create swapchain, vr -1000000001.
lsfg-vk: something went wrong during lsfg-vk swapchain creation:
- vkCreateSwapchainKHR() failed (error -1000000001)
6389.439:03fc:06f0:err:vkd3d-proton:dxgi_vk_swap_chain_recreate_swapchain_in_present_task: Failed to create swapchain, vr -1000000001.
lsfg-vk: something went wrong during lsfg-vk swapchain creation:
- vkCreateSwapchainKHR() failed (error -1000000001)
6389.456:03fc:06f0:err:vkd3d-proton:dxgi_vk_swap_chain_recreate_swapchain_in_present_task: Failed to create swapchain, vr -1000000001.
0528:fixme:vulkan:wine_vkCreateCommandPool Support for allocation callbacks not implemented yet
0528:fixme:vulkan:wine_vkCreateCommandPool Support for allocation callbacks not implemented yet
0528:fixme:d3dkmt:NtGdiDdDDIQueryAdapterInfo type 48 not handled.
0528:fixme:cryptasn:CryptDecodeObjectEx Unsupported decoder for lpszStructType 1.3.6.1.4.1.311.2.1.4
0528:fixme:cryptasn:CryptDecodeObjectEx Unsupported decoder for lpszStructType 1.3.6.1.4.1.311.2.1.4
0528:fixme:cryptasn:CryptDecodeObjectEx Unsupported decoder for lpszStructType 1.3.6.1.4.1.311.2.1.4
0528:fixme:cryptasn:CryptDecodeObjectEx Unsupported decoder for lpszStructType 1.3.6.1.4.1.311.2.1.4
0340:fixme:avrt:AvRevertMmThreadCharacteristics (0000000012345678): stub
6389.989:03fc:0528:info:vkd3d-proton:dxgi_vk_swap_chain_ChangeProperties: Reallocating swapchain (2560 x 1440), BufferCount = 3.
0528:fixme:d3dkmt:NtGdiDdDDIOpenResourceFromNtHandle params 0x7bd4ab28ec40 semi-stub!
0528:fixme:d3dkmt:NtGdiDdDDIOpenResourceFromNtHandle params 0x7bd4ab28ec40 semi-stub!
0528:fixme:d3dkmt:NtGdiDdDDIOpenResourceFromNtHandle params 0x7bd4ab28ec40 semi-stub!
0528:fixme:d3dkmt:NtGdiDdDDIOpenResourceFromNtHandle params 0x7bd4ab28eda0 semi-stub!
0514:fixme:vulkan:wine_vkCreateCommandPool Support for allocation callbacks not implemented yet
051c:fixme:vulkan:wine_vkCreateCommandPool Support for allocation callbacks not implemented yet
0518:fixme:vulkan:wine_vkCreateCommandPool Support for allocation callbacks not implemented yet
0520:fixme:vulkan:wine_vkCreateCommandPool Support for allocation callbacks not implemented yet
052c:fixme:vulkan:wine_vkCreateCommandPool Support for allocation callbacks not implemented yet
0524:fixme:vulkan:wine_vkCreateCommandPool Support for allocation callbacks not implemented yet
0530:fixme:vulkan:wine_vkCreateCommandPool Support for allocation callbacks not implemented yet
053c:fixme:vulkan:wine_vkCreateCommandPool Support for allocation callbacks not implemented yet
054c:fixme:vulkan:wine_vkCreateCommandPool Support for allocation callbacks not implemented yet
0538:fixme:vulkan:wine_vkCreateCommandPool Support for allocation callbacks not implemented yet
0528:fixme:dwmapi:DwmEnableMMCSS (1) stub
0524:fixme:vulkan:wine_vkCreateCommandPool Support for allocation callbacks not implemented yet
0520:fixme:vulkan:wine_vkCreateCommandPool Support for allocation callbacks not implemented yet
0514:fixme:vulkan:wine_vkCreateCommandPool Support for allocation callbacks not implemented yet
0518:fixme:vulkan:wine_vkCreateCommandPool Support for allocation callbacks not implemented yet
051c:fixme:vulkan:wine_vkCreateCommandPool Support for allocation callbacks not implemented yet
0534:fixme:vulkan:wine_vkCreateCommandPool Support for allocation callbacks not implemented yet
lsfg-vk: something went wrong during lsfg-vk swapchain creation:
- vkCreateSwapchainKHR() failed (error -1000000001)
6390.005:03fc:06f0:err:vkd3d-proton:dxgi_vk_swap_chain_recreate_swapchain_in_present_task: Failed to create swapchain, vr -1000000001.
0544:fixme:vulkan:wine_vkCreateCommandPool Support for allocation callbacks not implemented yet
lsfg-vk: something went wrong during lsfg-vk swapchain creation:
- vkCreateSwapchainKHR() failed (error -1000000001)
6390.118:03fc:06f0:err:vkd3d-proton:dxgi_vk_swap_chain_recreate_swapchain_in_present_task: Failed to create swapchain, vr -1000000001.
lsfg-vk: something went wrong during lsfg-vk swapchain creation:
- vkCreateSwapchainKHR() failed (error -1000000001)
6390.121:03fc:06f0:err:vkd3d-proton:dxgi_vk_swap_chain_recreate_swapchain_in_present_task: Failed to create swapchain, vr -1000000001.
0530:fixme:vulkan:wine_vkCreateCommandPool Support for allocation callbacks not implemented yet
053c:fixme:vulkan:wine_vkCreateCommandPool Support for allocation callbacks not implemented yet
lsfg-vk: something went wrong during lsfg-vk swapchain creation:
- vkCreateSwapchainKHR() failed (error -1000000001)
6390.210:03fc:06f0:err:vkd3d-proton:dxgi_vk_swap_chain_recreate_swapchain_in_present_task: Failed to create swapchain, vr -1000000001.
lsfg-vk: something went wrong during lsfg-vk swapchain creation:
- vkCreateSwapchainKHR() failed (error -1000000001)
6390.322:03fc:06f0:err:vkd3d-proton:dxgi_vk_swap_chain_recreate_swapchain_in_present_task: Failed to create swapchain, vr -1000000001.
0538:fixme:vulkan:wine_vkCreateCommandPool Support for allocation callbacks not implemented yet
0544:fixme:vulkan:wine_vkCreateCommandPool Support for allocation callbacks not implemented yet
lsfg-vk: something went wrong during lsfg-vk swapchain creation:
- vkCreateSwapchainKHR() failed (error -1000000001)
6390.341:03fc:06f0:err:vkd3d-proton:dxgi_vk_swap_chain_recreate_swapchain_in_present_task: Failed to create swapchain, vr -1000000001.
0534:fixme:vulkan:wine_vkCreateCommandPool Support for allocation callbacks not implemented yet
lsfg-vk: something went wrong during lsfg-vk swapchain creation:
- vkCreateSwapchainKHR() failed (error -1000000001)
6390.355:03fc:06f0:err:vkd3d-proton:dxgi_vk_swap_chain_recreate_swapchain_in_present_task: Failed to create swapchain, vr -1000000001.
lsfg-vk: something went wrong during lsfg-vk swapchain creation:
- vkCreateSwapchainKHR() failed (error -1000000001)
6390.372:03fc:06f0:err:vkd3d-proton:dxgi_vk_swap_chain_recreate_swapchain_in_present_task: Failed to create swapchain, vr -1000000001.
lsfg-vk: something went wrong during lsfg-vk swapchain creation:
- vkCreateSwapchainKHR() failed (error -1000000001)
6390.389:03fc:06f0:err:vkd3d-proton:dxgi_vk_swap_chain_recreate_swapchain_in_present_task: Failed to create swapchain, vr -1000000001.
0540:fixme:vulkan:wine_vkCreateCommandPool Support for allocation callbacks not implemented yet
lsfg-vk: something went wrong during lsfg-vk swapchain creation:
- vkCreateSwapchainKHR() failed (error -1000000001)
6390.405:03fc:06f0:err:vkd3d-proton:dxgi_vk_swap_chain_recreate_swapchain_in_present_task: Failed to create swapchain, vr -1000000001.
0540:fixme:vulkan:wine_vkCreateCommandPool Support for allocation callbacks not implemented yet
lsfg-vk: something went wrong during lsfg-vk swapchain creation:
- vkCreateSwapchainKHR() failed (error -1000000001)
6390.421:03fc:06f0:err:vkd3d-proton:dxgi_vk_swap_chain_recreate_swapchain_in_present_task: Failed to create swapchain, vr -1000000001.
0548:fixme:vulkan:wine_vkCreateCommandPool Support for allocation callbacks not implemented yet
lsfg-vk: something went wrong during lsfg-vk swapchain creation:
- vkCreateSwapchainKHR() failed (error -1000000001)
6390.438:03fc:06f0:err:vkd3d-proton:dxgi_vk_swap_chain_recreate_swapchain_in_present_task: Failed to create swapchain, vr -1000000001.
0548:fixme:vulkan:wine_vkCreateCommandPool Support for allocation callbacks not implemented yet
lsfg-vk: something went wrong during lsfg-vk swapchain creation:
- vkCreateSwapchainKHR() failed (error -1000000001)
6390.455:03fc:06f0:err:vkd3d-proton:dxgi_vk_swap_chain_recreate_swapchain_in_present_task: Failed to create swapchain, vr -1000000001.
lsfg-vk: something went wrong during lsfg-vk swapchain creation:
- vkCreateSwapchainKHR() failed (error -1000000001)
6390.471:03fc:06f0:err:vkd3d-proton:dxgi_vk_swap_chain_recreate_swapchain_in_present_task: Failed to create swapchain, vr -1000000001.
lsfg-vk: something went wrong during lsfg-vk swapchain creation:
- vkCreateSwapchainKHR() failed (error -1000000001)
6390.498:03fc:06f0:err:vkd3d-proton:dxgi_vk_swap_chain_recreate_swapchain_in_present_task: Failed to create swapchain, vr -1000000001.
lsfg-vk: something went wrong during lsfg-vk swapchain creation:
- vkCreateSwapchainKHR() failed (error -1000000001)
6390.505:03fc:06f0:err:vkd3d-proton:dxgi_vk_swap_chain_recreate_swapchain_in_present_task: Failed to create swapchain, vr -1000000001.
lsfg-vk: something went wrong during lsfg-vk swapchain creation:
- vkCreateSwapchainKHR() failed (error -1000000001)
6390.521:03fc:06f0:err:vkd3d-proton:dxgi_vk_swap_chain_recreate_swapchain_in_present_task: Failed to create swapchain, vr -1000000001.
lsfg-vk: something went wrong during lsfg-vk swapchain creation:
- vkCreateSwapchainKHR() failed (error -1000000001)
6390.538:03fc:06f0:err:vkd3d-proton:dxgi_vk_swap_chain_recreate_swapchain_in_present_task: Failed to create swapchain, vr -1000000001.
lsfg-vk: something went wrong during lsfg-vk swapchain creation:
- vkCreateSwapchainKHR() failed (error -1000000001)
6390.555:03fc:06f0:err:vkd3d-proton:dxgi_vk_swap_chain_recreate_swapchain_in_present_task: Failed to create swapchain, vr -1000000001.
lsfg-vk: something went wrong during lsfg-vk swapchain creation:
- vkCreateSwapchainKHR() failed (error -1000000001)
6390.571:03fc:06f0:err:vkd3d-proton:dxgi_vk_swap_chain_recreate_swapchain_in_present_task: Failed to create swapchain, vr -1000000001.
lsfg-vk: something went wrong during lsfg-vk swapchain creation:
- vkCreateSwapchainKHR() failed (error -1000000001)
6390.588:03fc:06f0:err:vkd3d-proton:dxgi_vk_swap_chain_recreate_swapchain_in_present_task: Failed to create swapchain, vr -1000000001.
lsfg-vk: something went wrong during lsfg-vk swapchain creation:
- vkCreateSwapchainKHR() failed (error -1000000001)
6390.604:03fc:06f0:err:vkd3d-proton:dxgi_vk_swap_chain_recreate_swapchain_in_present_task: Failed to create swapchain, vr -1000000001.
lsfg-vk: something went wrong during lsfg-vk swapchain creation:
- vkCreateSwapchainKHR() failed (error -1000000001)
6390.621:03fc:06f0:err:vkd3d-proton:dxgi_vk_swap_chain_recreate_swapchain_in_present_task: Failed to create swapchain, vr -1000000001.
054c:fixme:vulkan:wine_vkCreateCommandPool Support for allocation callbacks not implemented yet
lsfg-vk: something went wrong during lsfg-vk swapchain creation:
- vkCreateSwapchainKHR() failed (error -1000000001)
6390.638:03fc:06f0:err:vkd3d-proton:dxgi_vk_swap_chain_recreate_swapchain_in_present_task: Failed to create swapchain, vr -1000000001.
lsfg-vk: something went wrong during lsfg-vk swapchain creation:
- vkCreateSwapchainKHR() failed (error -1000000001)
6390.654:03fc:06f0:err:vkd3d-proton:dxgi_vk_swap_chain_recreate_swapchain_in_present_task: Failed to create swapchain, vr -1000000001.
lsfg-vk: something went wrong during lsfg-vk swapchain creation:
- vkCreateSwapchainKHR() failed (error -1000000001)
6390.671:03fc:06f0:err:vkd3d-proton:dxgi_vk_swap_chain_recreate_swapchain_in_present_task: Failed to create swapchain, vr -1000000001.
lsfg-vk: something went wrong during lsfg-vk swapchain creation:
- vkCreateSwapchainKHR() failed (error -1000000001)
6390.688:03fc:06f0:err:vkd3d-proton:dxgi_vk_swap_chain_recreate_swapchain_in_present_task: Failed to create swapchain, vr -1000000001.
lsfg-vk: something went wrong during lsfg-vk swapchain creation:
- vkCreateSwapchainKHR() failed (error -1000000001)
6390.705:03fc:06f0:err:vkd3d-proton:dxgi_vk_swap_chain_recreate_swapchain_in_present_task: Failed to create swapchain, vr -1000000001.
lsfg-vk: something went wrong during lsfg-vk swapchain creation:
- vkCreateSwapchainKHR() failed (error -1000000001)
6390.721:03fc:06f0:err:vkd3d-proton:dxgi_vk_swap_chain_recreate_swapchain_in_present_task: Failed to create swapchain, vr -1000000001.
lsfg-vk: something went wrong during lsfg-vk swapchain creation:
- vkCreateSwapchainKHR() failed (error -1000000001)
6390.738:03fc:06f0:err:vkd3d-proton:dxgi_vk_swap_chain_recreate_swapchain_in_present_task: Failed to create swapchain, vr -1000000001.
lsfg-vk: something went wrong during lsfg-vk swapchain creation:
- vkCreateSwapchainKHR() failed (error -1000000001)
6390.754:03fc:06f0:err:vkd3d-proton:dxgi_vk_swap_chain_recreate_swapchain_in_present_task: Failed to create swapchain, vr -1000000001.
lsfg-vk: something went wrong during lsfg-vk swapchain creation:
- vkCreateSwapchainKHR() failed (error -1000000001)
6390.772:03fc:06f0:err:vkd3d-proton:dxgi_vk_swap_chain_recreate_swapchain_in_present_task: Failed to create swapchain, vr -1000000001.
lsfg-vk: something went wrong during lsfg-vk swapchain creation:
- vkCreateSwapchainKHR() failed (error -1000000001)
6390.787:03fc:06f0:err:vkd3d-proton:dxgi_vk_swap_chain_recreate_swapchain_in_present_task: Failed to create swapchain, vr -1000000001.
lsfg-vk: something went wrong during lsfg-vk swapchain creation:
- vkCreateSwapchainKHR() failed (error -1000000001)
6390.804:03fc:06f0:err:vkd3d-proton:dxgi_vk_swap_chain_recreate_swapchain_in_present_task: Failed to create swapchain, vr -1000000001.
lsfg-vk: something went wrong during lsfg-vk swapchain creation:
- vkCreateSwapchainKHR() failed (error -1000000001)
6390.821:03fc:06f0:err:vkd3d-proton:dxgi_vk_swap_chain_recreate_swapchain_in_present_task: Failed to create swapchain, vr -1000000001.
lsfg-vk: something went wrong during lsfg-vk swapchain creation:
- vkCreateSwapchainKHR() failed (error -1000000001)
6390.838:03fc:06f0:err:vkd3d-proton:dxgi_vk_swap_chain_recreate_swapchain_in_present_task: Failed to create swapchain, vr -1000000001.
lsfg-vk: something went wrong during lsfg-vk swapchain creation:
- vkCreateSwapchainKHR() failed (error -1000000001)
6390.855:03fc:06f0:err:vkd3d-proton:dxgi_vk_swap_chain_recreate_swapchain_in_present_task: Failed to create swapchain, vr -1000000001.
lsfg-vk: something went wrong during lsfg-vk swapchain creation:
- vkCreateSwapchainKHR() failed (error -1000000001)
6390.892:03fc:06f0:err:vkd3d-proton:dxgi_vk_swap_chain_recreate_swapchain_in_present_task: Failed to create swapchain, vr -1000000001.
lsfg-vk: something went wrong during lsfg-vk swapchain creation:
- vkCreateSwapchainKHR() failed (error -1000000001)
6390.919:03fc:06f0:err:vkd3d-proton:dxgi_vk_swap_chain_recreate_swapchain_in_present_task: Failed to create swapchain, vr -1000000001.
lsfg-vk: something went wrong during lsfg-vk swapchain creation:
- vkCreateSwapchainKHR() failed (error -1000000001)
6390.969:03fc:06f0:err:vkd3d-proton:dxgi_vk_swap_chain_recreate_swapchain_in_present_task: Failed to create swapchain, vr -1000000001.
lsfg-vk: something went wrong during lsfg-vk swapchain creation:
- vkCreateSwapchainKHR() failed (error -1000000001)
6390.998:03fc:06f0:err:vkd3d-proton:dxgi_vk_swap_chain_recreate_swapchain_in_present_task: Failed to create swapchain, vr -1000000001.
lsfg-vk: something went wrong during lsfg-vk swapchain creation:
- vkCreateSwapchainKHR() failed (error -1000000001)
6391.027:03fc:06f0:err:vkd3d-proton:dxgi_vk_swap_chain_recreate_swapchain_in_present_task: Failed to create swapchain, vr -1000000001.
lsfg-vk: something went wrong during lsfg-vk swapchain creation:
- vkCreateSwapchainKHR() failed (error -1000000001)
6391.057:03fc:06f0:err:vkd3d-proton:dxgi_vk_swap_chain_recreate_swapchain_in_present_task: Failed to create swapchain, vr -1000000001.
lsfg-vk: something went wrong during lsfg-vk swapchain creation:
- vkCreateSwapchainKHR() failed (error -1000000001)
6391.085:03fc:06f0:err:vkd3d-proton:dxgi_vk_swap_chain_recreate_swapchain_in_present_task: Failed to create swapchain, vr -1000000001.
lsfg-vk: something went wrong during lsfg-vk swapchain creation:
- vkCreateSwapchainKHR() failed (error -1000000001)
6391.115:03fc:06f0:err:vkd3d-proton:dxgi_vk_swap_chain_recreate_swapchain_in_present_task: Failed to create swapchain, vr -1000000001.
lsfg-vk: something went wrong during lsfg-vk swapchain creation:
- vkCreateSwapchainKHR() failed (error -1000000001)
6391.144:03fc:06f0:err:vkd3d-proton:dxgi_vk_swap_chain_recreate_swapchain_in_present_task: Failed to create swapchain, vr -1000000001.
lsfg-vk: something went wrong during lsfg-vk swapchain creation:
- vkCreateSwapchainKHR() failed (error -1000000001)
6391.173:03fc:06f0:err:vkd3d-proton:dxgi_vk_swap_chain_recreate_swapchain_in_present_task: Failed to create swapchain, vr -1000000001.
lsfg-vk: something went wrong during lsfg-vk swapchain creation:
- vkCreateSwapchainKHR() failed (error -1000000001)
6391.203:03fc:06f0:err:vkd3d-proton:dxgi_vk_swap_chain_recreate_swapchain_in_present_task: Failed to create swapchain, vr -1000000001.
lsfg-vk: something went wrong during lsfg-vk swapchain creation:
- vkCreateSwapchainKHR() failed (error -1000000001)
6391.232:03fc:06f0:err:vkd3d-proton:dxgi_vk_swap_chain_recreate_swapchain_in_present_task: Failed to create swapchain, vr -1000000001.
lsfg-vk: something went wrong during lsfg-vk swapchain creation:
- vkCreateSwapchainKHR() failed (error -1000000001)
6391.260:03fc:06f0:err:vkd3d-proton:dxgi_vk_swap_chain_recreate_swapchain_in_present_task: Failed to create swapchain, vr -1000000001.
lsfg-vk: something went wrong during lsfg-vk swapchain creation:
- vkCreateSwapchainKHR() failed (error -1000000001)
6391.290:03fc:06f0:err:vkd3d-proton:dxgi_vk_swap_chain_recreate_swapchain_in_present_task: Failed to create swapchain, vr -1000000001.
lsfg-vk: something went wrong during lsfg-vk swapchain creation:
- vkCreateSwapchainKHR() failed (error -1000000001)
6391.320:03fc:06f0:err:vkd3d-proton:dxgi_vk_swap_chain_recreate_swapchain_in_present_task: Failed to create swapchain, vr -1000000001.
lsfg-vk: something went wrong during lsfg-vk swapchain creation:
- vkCreateSwapchainKHR() failed (error -1000000001)
6391.348:03fc:06f0:err:vkd3d-proton:dxgi_vk_swap_chain_recreate_swapchain_in_present_task: Failed to create swapchain, vr -1000000001.
lsfg-vk: something went wrong during lsfg-vk swapchain creation:
- vkCreateSwapchainKHR() failed (error -1000000001)
6391.377:03fc:06f0:err:vkd3d-proton:dxgi_vk_swap_chain_recreate_swapchain_in_present_task: Failed to create swapchain, vr -1000000001.
lsfg-vk: something went wrong during lsfg-vk swapchain creation:
- vkCreateSwapchainKHR() failed (error -1000000001)
6391.406:03fc:06f0:err:vkd3d-proton:dxgi_vk_swap_chain_recreate_swapchain_in_present_task: Failed to create swapchain, vr -1000000001.
lsfg-vk: something went wrong during lsfg-vk swapchain creation:
- vkCreateSwapchainKHR() failed (error -1000000001)
6391.435:03fc:06f0:err:vkd3d-proton:dxgi_vk_swap_chain_recreate_swapchain_in_present_task: Failed to create swapchain, vr -1000000001.
lsfg-vk: something went wrong during lsfg-vk swapchain creation:
- vkCreateSwapchainKHR() failed (error -1000000001)
6391.477:03fc:06f0:err:vkd3d-proton:dxgi_vk_swap_chain_recreate_swapchain_in_present_task: Failed to create swapchain, vr -1000000001.
lsfg-vk: something went wrong during lsfg-vk swapchain creation:
- vkCreateSwapchainKHR() failed (error -1000000001)
6391.505:03fc:06f0:err:vkd3d-proton:dxgi_vk_swap_chain_recreate_swapchain_in_present_task: Failed to create swapchain, vr -1000000001.
lsfg-vk: something went wrong during lsfg-vk swapchain creation:
- vkCreateSwapchainKHR() failed (error -1000000001)
6391.547:03fc:06f0:err:vkd3d-proton:dxgi_vk_swap_chain_recreate_swapchain_in_present_task: Failed to create swapchain, vr -1000000001.
lsfg-vk: something went wrong during lsfg-vk swapchain creation:
- vkCreateSwapchainKHR() failed (error -1000000001)
6391.576:03fc:06f0:err:vkd3d-proton:dxgi_vk_swap_chain_recreate_swapchain_in_present_task: Failed to create swapchain, vr -1000000001.
lsfg-vk: something went wrong during lsfg-vk swapchain creation:
- vkCreateSwapchainKHR() failed (error -1000000001)
6391.605:03fc:06f0:err:vkd3d-proton:dxgi_vk_swap_chain_recreate_swapchain_in_present_task: Failed to create swapchain, vr -1000000001.
lsfg-vk: something went wrong during lsfg-vk swapchain creation:
- vkCreateSwapchainKHR() failed (error -1000000001)
6391.635:03fc:06f0:err:vkd3d-proton:dxgi_vk_swap_chain_recreate_swapchain_in_present_task: Failed to create swapchain, vr -1000000001.
lsfg-vk: something went wrong during lsfg-vk swapchain creation:
- vkCreateSwapchainKHR() failed (error -1000000001)
6391.664:03fc:06f0:err:vkd3d-proton:dxgi_vk_swap_chain_recreate_swapchain_in_present_task: Failed to create swapchain, vr -1000000001.
lsfg-vk: something went wrong during lsfg-vk swapchain creation:
- vkCreateSwapchainKHR() failed (error -1000000001)
6391.692:03fc:06f0:err:vkd3d-proton:dxgi_vk_swap_chain_recreate_swapchain_in_present_task: Failed to create swapchain, vr -1000000001.
lsfg-vk: something went wrong during lsfg-vk swapchain creation:
- vkCreateSwapchainKHR() failed (error -1000000001)
6391.721:03fc:06f0:err:vkd3d-proton:dxgi_vk_swap_chain_recreate_swapchain_in_present_task: Failed to create swapchain, vr -1000000001.
lsfg-vk: something went wrong during lsfg-vk swapchain creation:
- vkCreateSwapchainKHR() failed (error -1000000001)
6391.751:03fc:06f0:err:vkd3d-proton:dxgi_vk_swap_chain_recreate_swapchain_in_present_task: Failed to create swapchain, vr -1000000001.
lsfg-vk: something went wrong during lsfg-vk swapchain creation:
- vkCreateSwapchainKHR() failed (error -1000000001)
6391.780:03fc:06f0:err:vkd3d-proton:dxgi_vk_swap_chain_recreate_swapchain_in_present_task: Failed to create swapchain, vr -1000000001.
lsfg-vk: something went wrong during lsfg-vk swapchain creation:
- vkCreateSwapchainKHR() failed (error -1000000001)
6391.809:03fc:06f0:err:vkd3d-proton:dxgi_vk_swap_chain_recreate_swapchain_in_present_task: Failed to create swapchain, vr -1000000001.
lsfg-vk: something went wrong during lsfg-vk swapchain creation:
- vkCreateSwapchainKHR() failed (error -1000000001)
6391.838:03fc:06f0:err:vkd3d-proton:dxgi_vk_swap_chain_recreate_swapchain_in_present_task: Failed to create swapchain, vr -1000000001.
lsfg-vk: something went wrong during lsfg-vk swapchain creation:
- vkCreateSwapchainKHR() failed (error -1000000001)
6391.867:03fc:06f0:err:vkd3d-proton:dxgi_vk_swap_chain_recreate_swapchain_in_present_task: Failed to create swapchain, vr -1000000001.
lsfg-vk: something went wrong during lsfg-vk swapchain creation:
- vkCreateSwapchainKHR() failed (error -1000000001)
6391.896:03fc:06f0:err:vkd3d-proton:dxgi_vk_swap_chain_recreate_swapchain_in_present_task: Failed to create swapchain, vr -1000000001.
lsfg-vk: something went wrong during lsfg-vk swapchain creation:
- vkCreateSwapchainKHR() failed (error -1000000001)
6391.928:03fc:06f0:err:vkd3d-proton:dxgi_vk_swap_chain_recreate_swapchain_in_present_task: Failed to create swapchain, vr -1000000001.
lsfg-vk: something went wrong during lsfg-vk swapchain creation:
- vkCreateSwapchainKHR() failed (error -1000000001)
6391.958:03fc:06f0:err:vkd3d-proton:dxgi_vk_swap_chain_recreate_swapchain_in_present_task: Failed to create swapchain, vr -1000000001.
lsfg-vk: something went wrong during lsfg-vk swapchain creation:
- vkCreateSwapchainKHR() failed (error -1000000001)
6391.986:03fc:06f0:err:vkd3d-proton:dxgi_vk_swap_chain_recreate_swapchain_in_present_task: Failed to create swapchain, vr -1000000001.
lsfg-vk: something went wrong during lsfg-vk swapchain creation:
- vkCreateSwapchainKHR() failed (error -1000000001)
6392.016:03fc:06f0:err:vkd3d-proton:dxgi_vk_swap_chain_recreate_swapchain_in_present_task: Failed to create swapchain, vr -1000000001.
lsfg-vk: something went wrong during lsfg-vk swapchain creation:
- vkCreateSwapchainKHR() failed (error -1000000001)
6392.045:03fc:06f0:err:vkd3d-proton:dxgi_vk_swap_chain_recreate_swapchain_in_present_task: Failed to create swapchain, vr -1000000001.
lsfg-vk: something went wrong during lsfg-vk swapchain creation:
- vkCreateSwapchainKHR() failed (error -1000000001)
6392.074:03fc:06f0:err:vkd3d-proton:dxgi_vk_swap_chain_recreate_swapchain_in_present_task: Failed to create swapchain, vr -1000000001.
lsfg-vk: something went wrong during lsfg-vk swapchain creation:
- vkCreateSwapchainKHR() failed (error -1000000001)
6392.103:03fc:06f0:err:vkd3d-proton:dxgi_vk_swap_chain_recreate_swapchain_in_present_task: Failed to create swapchain, vr -1000000001.
lsfg-vk: something went wrong during lsfg-vk swapchain creation:
- vkCreateSwapchainKHR() failed (error -1000000001)
6392.133:03fc:06f0:err:vkd3d-proton:dxgi_vk_swap_chain_recreate_swapchain_in_present_task: Failed to create swapchain, vr -1000000001.
lsfg-vk: something went wrong during lsfg-vk swapchain creation:
- vkCreateSwapchainKHR() failed (error -1000000001)
6392.162:03fc:06f0:err:vkd3d-proton:dxgi_vk_swap_chain_recreate_swapchain_in_present_task: Failed to create swapchain, vr -1000000001.
lsfg-vk: something went wrong during lsfg-vk swapchain creation:
- vkCreateSwapchainKHR() failed (error -1000000001)
6392.191:03fc:06f0:err:vkd3d-proton:dxgi_vk_swap_chain_recreate_swapchain_in_present_task: Failed to create swapchain, vr -1000000001.
lsfg-vk: something went wrong during lsfg-vk swapchain creation:
- vkCreateSwapchainKHR() failed (error -1000000001)
6392.221:03fc:06f0:err:vkd3d-proton:dxgi_vk_swap_chain_recreate_swapchain_in_present_task: Failed to create swapchain, vr -1000000001.
lsfg-vk: something went wrong during lsfg-vk swapchain creation:
- vkCreateSwapchainKHR() failed (error -1000000001)
6392.249:03fc:06f0:err:vkd3d-proton:dxgi_vk_swap_chain_recreate_swapchain_in_present_task: Failed to create swapchain, vr -1000000001.
lsfg-vk: something went wrong during lsfg-vk swapchain creation:
- vkCreateSwapchainKHR() failed (error -1000000001)
6392.277:03fc:06f0:err:vkd3d-proton:dxgi_vk_swap_chain_recreate_swapchain_in_present_task: Failed to create swapchain, vr -1000000001.
lsfg-vk: something went wrong during lsfg-vk swapchain creation:
- vkCreateSwapchainKHR() failed (error -1000000001)
6392.307:03fc:06f0:err:vkd3d-proton:dxgi_vk_swap_chain_recreate_swapchain_in_present_task: Failed to create swapchain, vr -1000000001.
lsfg-vk: something went wrong during lsfg-vk swapchain creation:
- vkCreateSwapchainKHR() failed (error -1000000001)
6392.337:03fc:06f0:err:vkd3d-proton:dxgi_vk_swap_chain_recreate_swapchain_in_present_task: Failed to create swapchain, vr -1000000001.
lsfg-vk: something went wrong during lsfg-vk swapchain creation:
- vkCreateSwapchainKHR() failed (error -1000000001)
6392.366:03fc:06f0:err:vkd3d-proton:dxgi_vk_swap_chain_recreate_swapchain_in_present_task: Failed to create swapchain, vr -1000000001.
lsfg-vk: something went wrong during lsfg-vk swapchain creation:
- vkCreateSwapchainKHR() failed (error -1000000001)
6392.395:03fc:06f0:err:vkd3d-proton:dxgi_vk_swap_chain_recreate_swapchain_in_present_task: Failed to create swapchain, vr -1000000001.
lsfg-vk: something went wrong during lsfg-vk swapchain creation:
- vkCreateSwapchainKHR() failed (error -1000000001)
6392.424:03fc:06f0:err:vkd3d-proton:dxgi_vk_swap_chain_recreate_swapchain_in_present_task: Failed to create swapchain, vr -1000000001.
lsfg-vk: something went wrong during lsfg-vk swapchain creation:
- vkCreateSwapchainKHR() failed (error -1000000001)
6392.453:03fc:06f0:err:vkd3d-proton:dxgi_vk_swap_chain_recreate_swapchain_in_present_task: Failed to create swapchain, vr -1000000001.
lsfg-vk: something went wrong during lsfg-vk swapchain creation:
- vkCreateSwapchainKHR() failed (error -1000000001)
6392.482:03fc:06f0:err:vkd3d-proton:dxgi_vk_swap_chain_recreate_swapchain_in_present_task: Failed to create swapchain, vr -1000000001.
lsfg-vk: something went wrong during lsfg-vk swapchain creation:
- vkCreateSwapchainKHR() failed (error -1000000001)
6392.512:03fc:06f0:err:vkd3d-proton:dxgi_vk_swap_chain_recreate_swapchain_in_present_task: Failed to create swapchain, vr -1000000001.
lsfg-vk: something went wrong during lsfg-vk swapchain creation:
- vkCreateSwapchainKHR() failed (error -1000000001)
6392.541:03fc:06f0:err:vkd3d-proton:dxgi_vk_swap_chain_recreate_swapchain_in_present_task: Failed to create swapchain, vr -1000000001.
lsfg-vk: something went wrong during lsfg-vk swapchain creation:
- vkCreateSwapchainKHR() failed (error -1000000001)
6392.570:03fc:06f0:err:vkd3d-proton:dxgi_vk_swap_chain_recreate_swapchain_in_present_task: Failed to create swapchain, vr -1000000001.
lsfg-vk: something went wrong during lsfg-vk swapchain creation:
- vkCreateSwapchainKHR() failed (error -1000000001)
6392.599:03fc:06f0:err:vkd3d-proton:dxgi_vk_swap_chain_recreate_swapchain_in_present_task: Failed to create swapchain, vr -1000000001.
lsfg-vk: something went wrong during lsfg-vk swapchain creation:
- vkCreateSwapchainKHR() failed (error -1000000001)
6392.628:03fc:06f0:err:vkd3d-proton:dxgi_vk_swap_chain_recreate_swapchain_in_present_task: Failed to create swapchain, vr -1000000001.
lsfg-vk: something went wrong during lsfg-vk swapchain creation:
- vkCreateSwapchainKHR() failed (error -1000000001)
6392.657:03fc:06f0:err:vkd3d-proton:dxgi_vk_swap_chain_recreate_swapchain_in_present_task: Failed to create swapchain, vr -1000000001.
lsfg-vk: something went wrong during lsfg-vk swapchain creation:
- vkCreateSwapchainKHR() failed (error -1000000001)
6392.688:03fc:06f0:err:vkd3d-proton:dxgi_vk_swap_chain_recreate_swapchain_in_present_task: Failed to create swapchain, vr -1000000001.
lsfg-vk: something went wrong during lsfg-vk swapchain creation:
- vkCreateSwapchainKHR() failed (error -1000000001)
6392.716:03fc:06f0:err:vkd3d-proton:dxgi_vk_swap_chain_recreate_swapchain_in_present_task: Failed to create swapchain, vr -1000000001.
lsfg-vk: something went wrong during lsfg-vk swapchain creation:
- vkCreateSwapchainKHR() failed (error -1000000001)
6392.745:03fc:06f0:err:vkd3d-proton:dxgi_vk_swap_chain_recreate_swapchain_in_present_task: Failed to create swapchain, vr -1000000001.
lsfg-vk: something went wrong during lsfg-vk swapchain creation:
- vkCreateSwapchainKHR() failed (error -1000000001)
6392.774:03fc:06f0:err:vkd3d-proton:dxgi_vk_swap_chain_recreate_swapchain_in_present_task: Failed to create swapchain, vr -1000000001.
lsfg-vk: something went wrong during lsfg-vk swapchain creation:
- vkCreateSwapchainKHR() failed (error -1000000001)
6392.804:03fc:06f0:err:vkd3d-proton:dxgi_vk_swap_chain_recreate_swapchain_in_present_task: Failed to create swapchain, vr -1000000001.
lsfg-vk: something went wrong during lsfg-vk swapchain creation:
- vkCreateSwapchainKHR() failed (error -1000000001)
6392.833:03fc:06f0:err:vkd3d-proton:dxgi_vk_swap_chain_recreate_swapchain_in_present_task: Failed to create swapchain, vr -1000000001.
lsfg-vk: something went wrong during lsfg-vk swapchain creation:
- vkCreateSwapchainKHR() failed (error -1000000001)
6392.862:03fc:06f0:err:vkd3d-proton:dxgi_vk_swap_chain_recreate_swapchain_in_present_task: Failed to create swapchain, vr -1000000001.
lsfg-vk: something went wrong during lsfg-vk swapchain creation:
- vkCreateSwapchainKHR() failed (error -1000000001)
6392.891:03fc:06f0:err:vkd3d-proton:dxgi_vk_swap_chain_recreate_swapchain_in_present_task: Failed to create swapchain, vr -1000000001.
lsfg-vk: something went wrong during lsfg-vk swapchain creation:
- vkCreateSwapchainKHR() failed (error -1000000001)
6392.921:03fc:06f0:err:vkd3d-proton:dxgi_vk_swap_chain_recreate_swapchain_in_present_task: Failed to create swapchain, vr -1000000001.
lsfg-vk: something went wrong during lsfg-vk swapchain creation:
- vkCreateSwapchainKHR() failed (error -1000000001)
6392.949:03fc:06f0:err:vkd3d-proton:dxgi_vk_swap_chain_recreate_swapchain_in_present_task: Failed to create swapchain, vr -1000000001.
lsfg-vk: something went wrong during lsfg-vk swapchain creation:
- vkCreateSwapchainKHR() failed (error -1000000001)
6392.979:03fc:06f0:err:vkd3d-proton:dxgi_vk_swap_chain_recreate_swapchain_in_present_task: Failed to create swapchain, vr -1000000001.
lsfg-vk: something went wrong during lsfg-vk swapchain creation:
- vkCreateSwapchainKHR() failed (error -1000000001)
6393.008:03fc:06f0:err:vkd3d-proton:dxgi_vk_swap_chain_recreate_swapchain_in_present_task: Failed to create swapchain, vr -1000000001.
lsfg-vk: something went wrong during lsfg-vk swapchain creation:
- vkCreateSwapchainKHR() failed (error -1000000001)
6393.037:03fc:06f0:err:vkd3d-proton:dxgi_vk_swap_chain_recreate_swapchain_in_present_task: Failed to create swapchain, vr -1000000001.
lsfg-vk: something went wrong during lsfg-vk swapchain creation:
- vkCreateSwapchainKHR() failed (error -1000000001)
6393.066:03fc:06f0:err:vkd3d-proton:dxgi_vk_swap_chain_recreate_swapchain_in_present_task: Failed to create swapchain, vr -1000000001.
lsfg-vk: something went wrong during lsfg-vk swapchain creation:
- vkCreateSwapchainKHR() failed (error -1000000001)
6393.096:03fc:06f0:err:vkd3d-proton:dxgi_vk_swap_chain_recreate_swapchain_in_present_task: Failed to create swapchain, vr -1000000001.
lsfg-vk: something went wrong during lsfg-vk swapchain creation:
- vkCreateSwapchainKHR() failed (error -1000000001)
6393.125:03fc:06f0:err:vkd3d-proton:dxgi_vk_swap_chain_recreate_swapchain_in_present_task: Failed to create swapchain, vr -1000000001.
lsfg-vk: something went wrong during lsfg-vk swapchain creation:
- vkCreateSwapchainKHR() failed (error -1000000001)
6393.154:03fc:06f0:err:vkd3d-proton:dxgi_vk_swap_chain_recreate_swapchain_in_present_task: Failed to create swapchain, vr -1000000001.
lsfg-vk: something went wrong during lsfg-vk swapchain creation:
- vkCreateSwapchainKHR() failed (error -1000000001)
6393.183:03fc:06f0:err:vkd3d-proton:dxgi_vk_swap_chain_recreate_swapchain_in_present_task: Failed to create swapchain, vr -1000000001.
lsfg-vk: something went wrong during lsfg-vk swapchain creation:
- vkCreateSwapchainKHR() failed (error -1000000001)
6393.213:03fc:06f0:err:vkd3d-proton:dxgi_vk_swap_chain_recreate_swapchain_in_present_task: Failed to create swapchain, vr -1000000001.
lsfg-vk: something went wrong during lsfg-vk swapchain creation:
- vkCreateSwapchainKHR() failed (error -1000000001)
6393.242:03fc:06f0:err:vkd3d-proton:dxgi_vk_swap_chain_recreate_swapchain_in_present_task: Failed to create swapchain, vr -1000000001.
lsfg-vk: something went wrong during lsfg-vk swapchain creation:
- vkCreateSwapchainKHR() failed (error -1000000001)
6393.271:03fc:06f0:err:vkd3d-proton:dxgi_vk_swap_chain_recreate_swapchain_in_present_task: Failed to create swapchain, vr -1000000001.
lsfg-vk: something went wrong during lsfg-vk swapchain creation:
- vkCreateSwapchainKHR() failed (error -1000000001)
6393.300:03fc:06f0:err:vkd3d-proton:dxgi_vk_swap_chain_recreate_swapchain_in_present_task: Failed to create swapchain, vr -1000000001.
0254:fixme:winsock:setsockopt Ignoring SO_RANDOMIZE_PORT
lsfg-vk: something went wrong during lsfg-vk swapchain creation:
- vkCreateSwapchainKHR() failed (error -1000000001)
6393.329:03fc:06f0:err:vkd3d-proton:dxgi_vk_swap_chain_recreate_swapchain_in_present_task: Failed to create swapchain, vr -1000000001.
lsfg-vk: something went wrong during lsfg-vk swapchain creation:
- vkCreateSwapchainKHR() failed (error -1000000001)
6393.358:03fc:06f0:err:vkd3d-proton:dxgi_vk_swap_chain_recreate_swapchain_in_present_task: Failed to create swapchain, vr -1000000001.
lsfg-vk: something went wrong during lsfg-vk swapchain creation:
- vkCreateSwapchainKHR() failed (error -1000000001)
6393.388:03fc:06f0:err:vkd3d-proton:dxgi_vk_swap_chain_recreate_swapchain_in_present_task: Failed to create swapchain, vr -1000000001.
lsfg-vk: something went wrong during lsfg-vk swapchain creation:
- vkCreateSwapchainKHR() failed (error -1000000001)
6393.417:03fc:06f0:err:vkd3d-proton:dxgi_vk_swap_chain_recreate_swapchain_in_present_task: Failed to create swapchain, vr -1000000001.
lsfg-vk: something went wrong during lsfg-vk swapchain creation:
- vkCreateSwapchainKHR() failed (error -1000000001)
6393.446:03fc:06f0:err:vkd3d-proton:dxgi_vk_swap_chain_recreate_swapchain_in_present_task: Failed to create swapchain, vr -1000000001.
lsfg-vk: something went wrong during lsfg-vk swapchain creation:
- vkCreateSwapchainKHR() failed (error -1000000001)
6393.475:03fc:06f0:err:vkd3d-proton:dxgi_vk_swap_chain_recreate_swapchain_in_present_task: Failed to create swapchain, vr -1000000001.
lsfg-vk: something went wrong during lsfg-vk swapchain creation:
- vkCreateSwapchainKHR() failed (error -1000000001)
6393.505:03fc:06f0:err:vkd3d-proton:dxgi_vk_swap_chain_recreate_swapchain_in_present_task: Failed to create swapchain, vr -1000000001.
lsfg-vk: something went wrong during lsfg-vk swapchain creation:
- vkCreateSwapchainKHR() failed (error -1000000001)
6393.533:03fc:06f0:err:vkd3d-proton:dxgi_vk_swap_chain_recreate_swapchain_in_present_task: Failed to create swapchain, vr -1000000001.
lsfg-vk: something went wrong during lsfg-vk swapchain creation:
- vkCreateSwapchainKHR() failed (error -1000000001)
6393.578:03fc:06f0:err:vkd3d-proton:dxgi_vk_swap_chain_recreate_swapchain_in_present_task: Failed to create swapchain, vr -1000000001.
lsfg-vk: something went wrong during lsfg-vk swapchain creation:
- vkCreateSwapchainKHR() failed (error -1000000001)
6393.605:03fc:06f0:err:vkd3d-proton:dxgi_vk_swap_chain_recreate_swapchain_in_present_task: Failed to create swapchain, vr -1000000001.
lsfg-vk: something went wrong during lsfg-vk swapchain creation:
- vkCreateSwapchainKHR() failed (error -1000000001)
6393.650:03fc:06f0:err:vkd3d-proton:dxgi_vk_swap_chain_recreate_swapchain_in_present_task: Failed to create swapchain, vr -1000000001.
lsfg-vk: something went wrong during lsfg-vk swapchain creation:
- vkCreateSwapchainKHR() failed (error -1000000001)
6393.691:03fc:06f0:err:vkd3d-proton:dxgi_vk_swap_chain_recreate_swapchain_in_present_task: Failed to create swapchain, vr -1000000001.
lsfg-vk: something went wrong during lsfg-vk swapchain creation:
- vkCreateSwapchainKHR() failed (error -1000000001)
6393.769:03fc:06f0:err:vkd3d-proton:dxgi_vk_swap_chain_recreate_swapchain_in_present_task: Failed to create swapchain, vr -1000000001.
lsfg-vk: something went wrong during lsfg-vk swapchain creation:
- vkCreateSwapchainKHR() failed (error -1000000001)
6393.816:03fc:06f0:err:vkd3d-proton:dxgi_vk_swap_chain_recreate_swapchain_in_present_task: Failed to create swapchain, vr -1000000001.
lsfg-vk: something went wrong during lsfg-vk swapchain creation:
- vkCreateSwapchainKHR() failed (error -1000000001)
6393.837:03fc:06f0:err:vkd3d-proton:dxgi_vk_swap_chain_recreate_swapchain_in_present_task: Failed to create swapchain, vr -1000000001.
lsfg-vk: something went wrong during lsfg-vk swapchain creation:
- vkCreateSwapchainKHR() failed (error -1000000001)
6393.879:03fc:06f0:err:vkd3d-proton:dxgi_vk_swap_chain_recreate_swapchain_in_present_task: Failed to create swapchain, vr -1000000001.
lsfg-vk: something went wrong during lsfg-vk swapchain creation:
- vkCreateSwapchainKHR() failed (error -1000000001)
6393.895:03fc:06f0:err:vkd3d-proton:dxgi_vk_swap_chain_recreate_swapchain_in_present_task: Failed to create swapchain, vr -1000000001.
lsfg-vk: something went wrong during lsfg-vk swapchain creation:
- vkCreateSwapchainKHR() failed (error -1000000001)
6393.912:03fc:06f0:err:vkd3d-proton:dxgi_vk_swap_chain_recreate_swapchain_in_present_task: Failed to create swapchain, vr -1000000001.
lsfg-vk: something went wrong during lsfg-vk swapchain creation:
- vkCreateSwapchainKHR() failed (error -1000000001)
6393.929:03fc:06f0:err:vkd3d-proton:dxgi_vk_swap_chain_recreate_swapchain_in_present_task: Failed to create swapchain, vr -1000000001.
lsfg-vk: something went wrong during lsfg-vk swapchain creation:
- vkCreateSwapchainKHR() failed (error -1000000001)
6393.945:03fc:06f0:err:vkd3d-proton:dxgi_vk_swap_chain_recreate_swapchain_in_present_task: Failed to create swapchain, vr -1000000001.
lsfg-vk: something went wrong during lsfg-vk swapchain creation:
- vkCreateSwapchainKHR() failed (error -1000000001)
6393.963:03fc:06f0:err:vkd3d-proton:dxgi_vk_swap_chain_recreate_swapchain_in_present_task: Failed to create swapchain, vr -1000000001.
lsfg-vk: something went wrong during lsfg-vk swapchain creation:
- vkCreateSwapchainKHR() failed (error -1000000001)
6393.981:03fc:06f0:err:vkd3d-proton:dxgi_vk_swap_chain_recreate_swapchain_in_present_task: Failed to create swapchain, vr -1000000001.
lsfg-vk: something went wrong during lsfg-vk swapchain creation:
- vkCreateSwapchainKHR() failed (error -1000000001)
6393.995:03fc:06f0:err:vkd3d-proton:dxgi_vk_swap_chain_recreate_swapchain_in_present_task: Failed to create swapchain, vr -1000000001.
lsfg-vk: something went wrong during lsfg-vk swapchain creation:
- vkCreateSwapchainKHR() failed (error -1000000001)
6394.012:03fc:06f0:err:vkd3d-proton:dxgi_vk_swap_chain_recreate_swapchain_in_present_task: Failed to create swapchain, vr -1000000001.
lsfg-vk: something went wrong during lsfg-vk swapchain creation:
- vkCreateSwapchainKHR() failed (error -1000000001)
6394.028:03fc:06f0:err:vkd3d-proton:dxgi_vk_swap_chain_recreate_swapchain_in_present_task: Failed to create swapchain, vr -1000000001.
lsfg-vk: something went wrong during lsfg-vk swapchain creation:
- vkCreateSwapchainKHR() failed (error -1000000001)
6394.044:03fc:06f0:err:vkd3d-proton:dxgi_vk_swap_chain_recreate_swapchain_in_present_task: Failed to create swapchain, vr -1000000001.
lsfg-vk: something went wrong during lsfg-vk swapchain creation:
- vkCreateSwapchainKHR() failed (error -1000000001)
6394.061:03fc:06f0:err:vkd3d-proton:dxgi_vk_swap_chain_recreate_swapchain_in_present_task: Failed to create swapchain, vr -1000000001.
lsfg-vk: something went wrong during lsfg-vk swapchain creation:
- vkCreateSwapchainKHR() failed (error -1000000001)
6394.078:03fc:06f0:err:vkd3d-proton:dxgi_vk_swap_chain_recreate_swapchain_in_present_task: Failed to create swapchain, vr -1000000001.
lsfg-vk: something went wrong during lsfg-vk swapchain creation:
- vkCreateSwapchainKHR() failed (error -1000000001)
6394.094:03fc:06f0:err:vkd3d-proton:dxgi_vk_swap_chain_recreate_swapchain_in_present_task: Failed to create swapchain, vr -1000000001.
lsfg-vk: something went wrong during lsfg-vk swapchain creation:
- vkCreateSwapchainKHR() failed (error -1000000001)
6394.110:03fc:06f0:err:vkd3d-proton:dxgi_vk_swap_chain_recreate_swapchain_in_present_task: Failed to create swapchain, vr -1000000001.
lsfg-vk: something went wrong during lsfg-vk swapchain creation:
- vkCreateSwapchainKHR() failed (error -1000000001)
6394.125:03fc:06f0:err:vkd3d-proton:dxgi_vk_swap_chain_recreate_swapchain_in_present_task: Failed to create swapchain, vr -1000000001.
lsfg-vk: something went wrong during lsfg-vk swapchain creation:
- vkCreateSwapchainKHR() failed (error -1000000001)
6394.142:03fc:06f0:err:vkd3d-proton:dxgi_vk_swap_chain_recreate_swapchain_in_present_task: Failed to create swapchain, vr -1000000001.
lsfg-vk: something went wrong during lsfg-vk swapchain creation:
- vkCreateSwapchainKHR() failed (error -1000000001)
6394.159:03fc:06f0:err:vkd3d-proton:dxgi_vk_swap_chain_recreate_swapchain_in_present_task: Failed to create swapchain, vr -1000000001.
lsfg-vk: something went wrong during lsfg-vk swapchain creation:
- vkCreateSwapchainKHR() failed (error -1000000001)
6394.176:03fc:06f0:err:vkd3d-proton:dxgi_vk_swap_chain_recreate_swapchain_in_present_task: Failed to create swapchain, vr -1000000001.
lsfg-vk: something went wrong during lsfg-vk swapchain creation:
- vkCreateSwapchainKHR() failed (error -1000000001)
6394.192:03fc:06f0:err:vkd3d-proton:dxgi_vk_swap_chain_recreate_swapchain_in_present_task: Failed to create swapchain, vr -1000000001.
lsfg-vk: something went wrong during lsfg-vk swapchain creation:
- vkCreateSwapchainKHR() failed (error -1000000001)
6394.209:03fc:06f0:err:vkd3d-proton:dxgi_vk_swap_chain_recreate_swapchain_in_present_task: Failed to create swapchain, vr -1000000001.
lsfg-vk: something went wrong during lsfg-vk swapchain creation:
- vkCreateSwapchainKHR() failed (error -1000000001)
6394.225:03fc:06f0:err:vkd3d-proton:dxgi_vk_swap_chain_recreate_swapchain_in_present_task: Failed to create swapchain, vr -1000000001.
lsfg-vk: something went wrong during lsfg-vk swapchain creation:
- vkCreateSwapchainKHR() failed (error -1000000001)
6394.243:03fc:06f0:err:vkd3d-proton:dxgi_vk_swap_chain_recreate_swapchain_in_present_task: Failed to create swapchain, vr -1000000001.
lsfg-vk: something went wrong during lsfg-vk swapchain creation:
- vkCreateSwapchainKHR() failed (error -1000000001)
6394.258:03fc:06f0:err:vkd3d-proton:dxgi_vk_swap_chain_recreate_swapchain_in_present_task: Failed to create swapchain, vr -1000000001.
lsfg-vk: something went wrong during lsfg-vk swapchain creation:
- vkCreateSwapchainKHR() failed (error -1000000001)
6394.275:03fc:06f0:err:vkd3d-proton:dxgi_vk_swap_chain_recreate_swapchain_in_present_task: Failed to create swapchain, vr -1000000001.
lsfg-vk: something went wrong during lsfg-vk swapchain creation:
- vkCreateSwapchainKHR() failed (error -1000000001)
6394.292:03fc:06f0:err:vkd3d-proton:dxgi_vk_swap_chain_recreate_swapchain_in_present_task: Failed to create swapchain, vr -1000000001.
lsfg-vk: something went wrong during lsfg-vk swapchain creation:
- vkCreateSwapchainKHR() failed (error -1000000001)
6394.309:03fc:06f0:err:vkd3d-proton:dxgi_vk_swap_chain_recreate_swapchain_in_present_task: Failed to create swapchain, vr -1000000001.
lsfg-vk: something went wrong during lsfg-vk swapchain creation:
- vkCreateSwapchainKHR() failed (error -1000000001)
6394.319:03fc:06f0:err:vkd3d-proton:dxgi_vk_swap_chain_recreate_swapchain_in_present_task: Failed to create swapchain, vr -1000000001.
lsfg-vk: something went wrong during lsfg-vk swapchain creation:
- vkCreateSwapchainKHR() failed (error -1000000001)
6394.336:03fc:06f0:err:vkd3d-proton:dxgi_vk_swap_chain_recreate_swapchain_in_present_task: Failed to create swapchain, vr -1000000001.
lsfg-vk: something went wrong during lsfg-vk swapchain creation:
- vkCreateSwapchainKHR() failed (error -1000000001)
6394.352:03fc:06f0:err:vkd3d-proton:dxgi_vk_swap_chain_recreate_swapchain_in_present_task: Failed to create swapchain, vr -1000000001.
lsfg-vk: something went wrong during lsfg-vk swapchain creation:
- vkCreateSwapchainKHR() failed (error -1000000001)
6394.369:03fc:06f0:err:vkd3d-proton:dxgi_vk_swap_chain_recreate_swapchain_in_present_task: Failed to create swapchain, vr -1000000001.
lsfg-vk: something went wrong during lsfg-vk swapchain creation:
- vkCreateSwapchainKHR() failed (error -1000000001)
6394.386:03fc:06f0:err:vkd3d-proton:dxgi_vk_swap_chain_recreate_swapchain_in_present_task: Failed to create swapchain, vr -1000000001.
lsfg-vk: something went wrong during lsfg-vk swapchain creation:
- vkCreateSwapchainKHR() failed (error -1000000001)
6394.403:03fc:06f0:err:vkd3d-proton:dxgi_vk_swap_chain_recreate_swapchain_in_present_task: Failed to create swapchain, vr -1000000001.
lsfg-vk: something went wrong during lsfg-vk swapchain creation:
- vkCreateSwapchainKHR() failed (error -1000000001)
6394.419:03fc:06f0:err:vkd3d-proton:dxgi_vk_swap_chain_recreate_swapchain_in_present_task: Failed to create swapchain, vr -1000000001.
lsfg-vk: something went wrong during lsfg-vk swapchain creation:
- vkCreateSwapchainKHR() failed (error -1000000001)
6394.436:03fc:06f0:err:vkd3d-proton:dxgi_vk_swap_chain_recreate_swapchain_in_present_task: Failed to create swapchain, vr -1000000001.
lsfg-vk: something went wrong during lsfg-vk swapchain creation:
- vkCreateSwapchainKHR() failed (error -1000000001)
6394.454:03fc:06f0:err:vkd3d-proton:dxgi_vk_swap_chain_recreate_swapchain_in_present_task: Failed to create swapchain, vr -1000000001.
lsfg-vk: something went wrong during lsfg-vk swapchain creation:
- vkCreateSwapchainKHR() failed (error -1000000001)
6394.469:03fc:06f0:err:vkd3d-proton:dxgi_vk_swap_chain_recreate_swapchain_in_present_task: Failed to create swapchain, vr -1000000001.
lsfg-vk: something went wrong during lsfg-vk swapchain creation:
- vkCreateSwapchainKHR() failed (error -1000000001)
6394.487:03fc:06f0:err:vkd3d-proton:dxgi_vk_swap_chain_recreate_swapchain_in_present_task: Failed to create swapchain, vr -1000000001.
lsfg-vk: something went wrong during lsfg-vk swapchain creation:
- vkCreateSwapchainKHR() failed (error -1000000001)
6394.503:03fc:06f0:err:vkd3d-proton:dxgi_vk_swap_chain_recreate_swapchain_in_present_task: Failed to create swapchain, vr -1000000001.
lsfg-vk: something went wrong during lsfg-vk swapchain creation:
- vkCreateSwapchainKHR() failed (error -1000000001)
6394.519:03fc:06f0:err:vkd3d-proton:dxgi_vk_swap_chain_recreate_swapchain_in_present_task: Failed to create swapchain, vr -1000000001.
lsfg-vk: something went wrong during lsfg-vk swapchain creation:
- vkCreateSwapchainKHR() failed (error -1000000001)
6394.536:03fc:06f0:err:vkd3d-proton:dxgi_vk_swap_chain_recreate_swapchain_in_present_task: Failed to create swapchain, vr -1000000001.
lsfg-vk: something went wrong during lsfg-vk swapchain creation:
- vkCreateSwapchainKHR() failed (error -1000000001)
6394.553:03fc:06f0:err:vkd3d-proton:dxgi_vk_swap_chain_recreate_swapchain_in_present_task: Failed to create swapchain, vr -1000000001.
0550:fixme:vulkan:wine_vkCreateCommandPool Support for allocation callbacks not implemented yet
lsfg-vk: something went wrong during lsfg-vk swapchain creation:
- vkCreateSwapchainKHR() failed (error -1000000001)
6394.572:03fc:06f0:err:vkd3d-proton:dxgi_vk_swap_chain_recreate_swapchain_in_present_task: Failed to create swapchain, vr -1000000001.
lsfg-vk: something went wrong during lsfg-vk swapchain creation:
- vkCreateSwapchainKHR() failed (error -1000000001)
6394.586:03fc:06f0:err:vkd3d-proton:dxgi_vk_swap_chain_recreate_swapchain_in_present_task: Failed to create swapchain, vr -1000000001.
lsfg-vk: something went wrong during lsfg-vk swapchain creation:
- vkCreateSwapchainKHR() failed (error -1000000001)
6394.603:03fc:06f0:err:vkd3d-proton:dxgi_vk_swap_chain_recreate_swapchain_in_present_task: Failed to create swapchain, vr -1000000001.
lsfg-vk: something went wrong during lsfg-vk swapchain creation:
- vkCreateSwapchainKHR() failed (error -1000000001)
6394.620:03fc:06f0:err:vkd3d-proton:dxgi_vk_swap_chain_recreate_swapchain_in_present_task: Failed to create swapchain, vr -1000000001.
lsfg-vk: something went wrong during lsfg-vk swapchain creation:
- vkCreateSwapchainKHR() failed (error -1000000001)
6394.635:03fc:06f0:err:vkd3d-proton:dxgi_vk_swap_chain_recreate_swapchain_in_present_task: Failed to create swapchain, vr -1000000001.
lsfg-vk: something went wrong during lsfg-vk swapchain creation:
- vkCreateSwapchainKHR() failed (error -1000000001)
6394.653:03fc:06f0:err:vkd3d-proton:dxgi_vk_swap_chain_recreate_swapchain_in_present_task: Failed to create swapchain, vr -1000000001.
lsfg-vk: something went wrong during lsfg-vk swapchain creation:
- vkCreateSwapchainKHR() failed (error -1000000001)
6394.669:03fc:06f0:err:vkd3d-proton:dxgi_vk_swap_chain_recreate_swapchain_in_present_task: Failed to create swapchain, vr -1000000001.
lsfg-vk: something went wrong during lsfg-vk swapchain creation:
- vkCreateSwapchainKHR() failed (error -1000000001)
6394.686:03fc:06f0:err:vkd3d-proton:dxgi_vk_swap_chain_recreate_swapchain_in_present_task: Failed to create swapchain, vr -1000000001.
lsfg-vk: something went wrong during lsfg-vk swapchain creation:
- vkCreateSwapchainKHR() failed (error -1000000001)
6394.703:03fc:06f0:err:vkd3d-proton:dxgi_vk_swap_chain_recreate_swapchain_in_present_task: Failed to create swapchain, vr -1000000001.
lsfg-vk: something went wrong during lsfg-vk swapchain creation:
- vkCreateSwapchainKHR() failed (error -1000000001)
6394.719:03fc:06f0:err:vkd3d-proton:dxgi_vk_swap_chain_recreate_swapchain_in_present_task: Failed to create swapchain, vr -1000000001.
lsfg-vk: something went wrong during lsfg-vk swapchain creation:
- vkCreateSwapchainKHR() failed (error -1000000001)
6394.737:03fc:06f0:err:vkd3d-proton:dxgi_vk_swap_chain_recreate_swapchain_in_present_task: Failed to create swapchain, vr -1000000001.
lsfg-vk: something went wrong during lsfg-vk swapchain creation:
- vkCreateSwapchainKHR() failed (error -1000000001)
6394.753:03fc:06f0:err:vkd3d-proton:dxgi_vk_swap_chain_recreate_swapchain_in_present_task: Failed to create swapchain, vr -1000000001.
lsfg-vk: something went wrong during lsfg-vk swapchain creation:
- vkCreateSwapchainKHR() failed (error -1000000001)
6394.770:03fc:06f0:err:vkd3d-proton:dxgi_vk_swap_chain_recreate_swapchain_in_present_task: Failed to create swapchain, vr -1000000001.
lsfg-vk: something went wrong during lsfg-vk swapchain creation:
- vkCreateSwapchainKHR() failed (error -1000000001)
6394.786:03fc:06f0:err:vkd3d-proton:dxgi_vk_swap_chain_recreate_swapchain_in_present_task: Failed to create swapchain, vr -1000000001.
lsfg-vk: something went wrong during lsfg-vk swapchain creation:
- vkCreateSwapchainKHR() failed (error -1000000001)
6394.802:03fc:06f0:err:vkd3d-proton:dxgi_vk_swap_chain_recreate_swapchain_in_present_task: Failed to create swapchain, vr -1000000001.
lsfg-vk: something went wrong during lsfg-vk swapchain creation:
- vkCreateSwapchainKHR() failed (error -1000000001)
6394.819:03fc:06f0:err:vkd3d-proton:dxgi_vk_swap_chain_recreate_swapchain_in_present_task: Failed to create swapchain, vr -1000000001.
lsfg-vk: something went wrong during lsfg-vk swapchain creation:
- vkCreateSwapchainKHR() failed (error -1000000001)
6394.836:03fc:06f0:err:vkd3d-proton:dxgi_vk_swap_chain_recreate_swapchain_in_present_task: Failed to create swapchain, vr -1000000001.
02f0:fixme:mmdevapi:control_UnregisterAudioSessionNotification (00007FFFFEF10A50)->(0000020400039600) - stub
lsfg-vk: something went wrong during lsfg-vk swapchain creation:
- vkCreateSwapchainKHR() failed (error -1000000001)
6394.857:03fc:06f0:err:vkd3d-proton:dxgi_vk_swap_chain_recreate_swapchain_in_present_task: Failed to create swapchain, vr -1000000001.
lsfg-vk: something went wrong during lsfg-vk swapchain creation:
- vkCreateSwapchainKHR() failed (error -1000000001)
6394.869:03fc:06f0:err:vkd3d-proton:dxgi_vk_swap_chain_recreate_swapchain_in_present_task: Failed to create swapchain, vr -1000000001.
lsfg-vk: something went wrong during lsfg-vk swapchain creation:
- vkCreateSwapchainKHR() failed (error -1000000001)
6394.885:03fc:06f0:err:vkd3d-proton:dxgi_vk_swap_chain_recreate_swapchain_in_present_task: Failed to create swapchain, vr -1000000001.
lsfg-vk: something went wrong during lsfg-vk swapchain creation:
- vkCreateSwapchainKHR() failed (error -1000000001)
6394.903:03fc:06f0:err:vkd3d-proton:dxgi_vk_swap_chain_recreate_swapchain_in_present_task: Failed to create swapchain, vr -1000000001.
lsfg-vk: something went wrong during lsfg-vk swapchain creation:
- vkCreateSwapchainKHR() failed (error -1000000001)
6394.919:03fc:06f0:err:vkd3d-proton:dxgi_vk_swap_chain_recreate_swapchain_in_present_task: Failed to create swapchain, vr -1000000001.
lsfg-vk: something went wrong during lsfg-vk swapchain creation:
- vkCreateSwapchainKHR() failed (error -1000000001)
6394.936:03fc:06f0:err:vkd3d-proton:dxgi_vk_swap_chain_recreate_swapchain_in_present_task: Failed to create swapchain, vr -1000000001.
lsfg-vk: something went wrong during lsfg-vk swapchain creation:
- vkCreateSwapchainKHR() failed (error -1000000001)
6394.953:03fc:06f0:err:vkd3d-proton:dxgi_vk_swap_chain_recreate_swapchain_in_present_task: Failed to create swapchain, vr -1000000001.
lsfg-vk: something went wrong during lsfg-vk swapchain creation:
- vkCreateSwapchainKHR() failed (error -1000000001)
6394.969:03fc:06f0:err:vkd3d-proton:dxgi_vk_swap_chain_recreate_swapchain_in_present_task: Failed to create swapchain, vr -1000000001.
lsfg-vk: something went wrong during lsfg-vk swapchain creation:
- vkCreateSwapchainKHR() failed (error -1000000001)
6394.986:03fc:06f0:err:vkd3d-proton:dxgi_vk_swap_chain_recreate_swapchain_in_present_task: Failed to create swapchain, vr -1000000001.
lsfg-vk: something went wrong during lsfg-vk swapchain creation:
- vkCreateSwapchainKHR() failed (error -1000000001)
6395.002:03fc:06f0:err:vkd3d-proton:dxgi_vk_swap_chain_recreate_swapchain_in_present_task: Failed to create swapchain, vr -1000000001.
lsfg-vk: something went wrong during lsfg-vk swapchain creation:
- vkCreateSwapchainKHR() failed (error -1000000001)
6395.019:03fc:06f0:err:vkd3d-proton:dxgi_vk_swap_chain_recreate_swapchain_in_present_task: Failed to create swapchain, vr -1000000001.
lsfg-vk: something went wrong during lsfg-vk swapchain creation:
- vkCreateSwapchainKHR() failed (error -1000000001)
6395.036:03fc:06f0:err:vkd3d-proton:dxgi_vk_swap_chain_recreate_swapchain_in_present_task: Failed to create swapchain, vr -1000000001.
lsfg-vk: something went wrong during lsfg-vk swapchain creation:
- vkCreateSwapchainKHR() failed (error -1000000001)
6395.053:03fc:06f0:err:vkd3d-proton:dxgi_vk_swap_chain_recreate_swapchain_in_present_task: Failed to create swapchain, vr -1000000001.
lsfg-vk: something went wrong during lsfg-vk swapchain creation:
- vkCreateSwapchainKHR() failed (error -1000000001)
6395.069:03fc:06f0:err:vkd3d-proton:dxgi_vk_swap_chain_recreate_swapchain_in_present_task: Failed to create swapchain, vr -1000000001.
lsfg-vk: something went wrong during lsfg-vk swapchain creation:
- vkCreateSwapchainKHR() failed (error -1000000001)
6395.086:03fc:06f0:err:vkd3d-proton:dxgi_vk_swap_chain_recreate_swapchain_in_present_task: Failed to create swapchain, vr -1000000001.
lsfg-vk: something went wrong during lsfg-vk swapchain creation:
- vkCreateSwapchainKHR() failed (error -1000000001)
6395.103:03fc:06f0:err:vkd3d-proton:dxgi_vk_swap_chain_recreate_swapchain_in_present_task: Failed to create swapchain, vr -1000000001.
lsfg-vk: something went wrong during lsfg-vk swapchain creation:
- vkCreateSwapchainKHR() failed (error -1000000001)
6395.119:03fc:06f0:err:vkd3d-proton:dxgi_vk_swap_chain_recreate_swapchain_in_present_task: Failed to create swapchain, vr -1000000001.
lsfg-vk: something went wrong during lsfg-vk swapchain creation:
- vkCreateSwapchainKHR() failed (error -1000000001)
6395.136:03fc:06f0:err:vkd3d-proton:dxgi_vk_swap_chain_recreate_swapchain_in_present_task: Failed to create swapchain, vr -1000000001.
lsfg-vk: something went wrong during lsfg-vk swapchain creation:
- vkCreateSwapchainKHR() failed (error -1000000001)
6395.152:03fc:06f0:err:vkd3d-proton:dxgi_vk_swap_chain_recreate_swapchain_in_present_task: Failed to create swapchain, vr -1000000001.
lsfg-vk: something went wrong during lsfg-vk swapchain creation:
- vkCreateSwapchainKHR() failed (error -1000000001)
6395.172:03fc:06f0:err:vkd3d-proton:dxgi_vk_swap_chain_recreate_swapchain_in_present_task: Failed to create swapchain, vr -1000000001.
lsfg-vk: something went wrong during lsfg-vk swapchain creation:
- vkCreateSwapchainKHR() failed (error -1000000001)
6395.188:03fc:06f0:err:vkd3d-proton:dxgi_vk_swap_chain_recreate_swapchain_in_present_task: Failed to create swapchain, vr -1000000001.
lsfg-vk: something went wrong during lsfg-vk swapchain creation:
- vkCreateSwapchainKHR() failed (error -1000000001)
6395.203:03fc:06f0:err:vkd3d-proton:dxgi_vk_swap_chain_recreate_swapchain_in_present_task: Failed to create swapchain, vr -1000000001.
lsfg-vk: something went wrong during lsfg-vk swapchain creation:
- vkCreateSwapchainKHR() failed (error -1000000001)
6395.220:03fc:06f0:err:vkd3d-proton:dxgi_vk_swap_chain_recreate_swapchain_in_present_task: Failed to create swapchain, vr -1000000001.
lsfg-vk: something went wrong during lsfg-vk swapchain creation:
- vkCreateSwapchainKHR() failed (error -1000000001)
6395.236:03fc:06f0:err:vkd3d-proton:dxgi_vk_swap_chain_recreate_swapchain_in_present_task: Failed to create swapchain, vr -1000000001.
lsfg-vk: something went wrong during lsfg-vk swapchain creation:
- vkCreateSwapchainKHR() failed (error -1000000001)
6395.253:03fc:06f0:err:vkd3d-proton:dxgi_vk_swap_chain_recreate_swapchain_in_present_task: Failed to create swapchain, vr -1000000001.
lsfg-vk: something went wrong during lsfg-vk swapchain creation:
- vkCreateSwapchainKHR() failed (error -1000000001)
6395.270:03fc:06f0:err:vkd3d-proton:dxgi_vk_swap_chain_recreate_swapchain_in_present_task: Failed to create swapchain, vr -1000000001.
lsfg-vk: something went wrong during lsfg-vk swapchain creation:
- vkCreateSwapchainKHR() failed (error -1000000001)
6395.286:03fc:06f0:err:vkd3d-proton:dxgi_vk_swap_chain_recreate_swapchain_in_present_task: Failed to create swapchain, vr -1000000001.
lsfg-vk: something went wrong during lsfg-vk swapchain creation:
- vkCreateSwapchainKHR() failed (error -1000000001)
6395.306:03fc:06f0:err:vkd3d-proton:dxgi_vk_swap_chain_recreate_swapchain_in_present_task: Failed to create swapchain, vr -1000000001.
lsfg-vk: something went wrong during lsfg-vk swapchain creation:
- vkCreateSwapchainKHR() failed (error -1000000001)
6395.319:03fc:06f0:err:vkd3d-proton:dxgi_vk_swap_chain_recreate_swapchain_in_present_task: Failed to create swapchain, vr -1000000001.
lsfg-vk: something went wrong during lsfg-vk swapchain creation:
- vkCreateSwapchainKHR() failed (error -1000000001)
6395.336:03fc:06f0:err:vkd3d-proton:dxgi_vk_swap_chain_recreate_swapchain_in_present_task: Failed to create swapchain, vr -1000000001.
lsfg-vk: something went wrong during lsfg-vk swapchain creation:
- vkCreateSwapchainKHR() failed (error -1000000001)
6395.353:03fc:06f0:err:vkd3d-proton:dxgi_vk_swap_chain_recreate_swapchain_in_present_task: Failed to create swapchain, vr -1000000001.
lsfg-vk: something went wrong during lsfg-vk swapchain creation:
- vkCreateSwapchainKHR() failed (error -1000000001)
6395.369:03fc:06f0:err:vkd3d-proton:dxgi_vk_swap_chain_recreate_swapchain_in_present_task: Failed to create swapchain, vr -1000000001.
lsfg-vk: something went wrong during lsfg-vk swapchain creation:
- vkCreateSwapchainKHR() failed (error -1000000001)
6395.385:03fc:06f0:err:vkd3d-proton:dxgi_vk_swap_chain_recreate_swapchain_in_present_task: Failed to create swapchain, vr -1000000001.
lsfg-vk: something went wrong during lsfg-vk swapchain creation:
- vkCreateSwapchainKHR() failed (error -1000000001)
6395.402:03fc:06f0:err:vkd3d-proton:dxgi_vk_swap_chain_recreate_swapchain_in_present_task: Failed to create swapchain, vr -1000000001.
lsfg-vk: something went wrong during lsfg-vk swapchain creation:
- vkCreateSwapchainKHR() failed (error -1000000001)
6395.422:03fc:06f0:err:vkd3d-proton:dxgi_vk_swap_chain_recreate_swapchain_in_present_task: Failed to create swapchain, vr -1000000001.
0848:fixme:console:default_ctrl_handler Terminating process 20 on event 0
084c:fixme:winediag:loader_init Wine TkG (staging) 11.2 is a testing version containing experimental patches.
084c:fixme:winediag:loader_init Please don't report bugs about it on winehq.org and use https://github.com/Frogging-Family/wine-tkg-git/issues instead.
02f0:fixme:kernelbase:AppPolicyGetProcessTerminationMethod FFFFFFFFFFFFFFFA, 00007FFFFE8FFEE0
lsfg-vk: something went wrong during lsfg-vk swapchain creation:
- vkCreateSwapchainKHR() failed (error -1000000001)
6395.443:03fc:06f0:err:vkd3d-proton:dxgi_vk_swap_chain_recreate_swapchain_in_present_task: Failed to create swapchain, vr -1000000001.
lsfg-vk: something went wrong during lsfg-vk swapchain creation:
- vkCreateSwapchainKHR() failed (error -1000000001)
6395.453:03fc:06f0:err:vkd3d-proton:dxgi_vk_swap_chain_recreate_swapchain_in_present_task: Failed to create swapchain, vr -1000000001.
0158:fixme:kernelbase:AppPolicyGetProcessTerminationMethod FFFFFFFFFFFFFFFA, 00007FFFFE8FFEE0
lsfg-vk: something went wrong during lsfg-vk swapchain creation:
- vkCreateSwapchainKHR() failed (error -1000000001)
6395.470:03fc:06f0:err:vkd3d-proton:dxgi_vk_swap_chain_recreate_swapchain_in_present_task: Failed to create swapchain, vr -1000000001.
06f0:err:vulkan:win32u_vkCreateSwapchainKHR surface 0x5555756c4210, hwnd 0x10114 is invalid!
6395.491:03fc:06f0:err:vkd3d-proton:dxgi_vk_swap_chain_recreate_swapchain_in_present_task: Failed to create swapchain, vr -3.
